"COD1","COD2","DESCRI","STOCK","PREC","VTA1","VTA2","PCOS","DTO1","STMIN","MCALIS","STANT","GPTIPO","GPDSD","GPHST","USUARIO","FACTUAL"
"A    ","100       ","A    100                                ","0","24.37","5.89","12.47","12.47","0.0000","0","0","0","  ","   ","   ","      ","2023-12-19"
"A    ","101       ","A    101                                ","0","24.69","5.95","12.59","12.59","0.0000","0","0","0","  ","   ","   ","      ","2023-12-19"
"A    ","102       ","A    102                                ","0","24.8","5.99","12.7","12.7","0.0000","0","0","0","  ","   ","   ","      ","2023-12-19"
"A    ","103       ","A    103                                ","0","25.11","6.06","12.84","12.84","0.0000","0","0","0","  ","   ","   ","      ","2023-12-19"
"A    ","104       ","A    104                                ","0","25.38","6.12","12.96","12.96","0.0000","0","0","0","  ","   ","   ","      ","2023-12-19"
"A    ","105       ","A    105                                ","0","25.59","6.17","13.08","13.08","0.0000","0","0","0","  ","   ","   ","      ","2023-12-19"
"A    ","106       ","A    106                                ","0","25.79","6.23","13.2","13.2","0.0000","0","0","0","  ","   ","   ","      ","2023-12-19"
"A    ","107       ","A    107                                ","0","26.11","6.29","13.33","13.33","0.0000","0","0","0","  ","   ","   ","      ","2023-12-19"
"A    ","108       ","A    108                                ","0","26.31","6.35","13.45","13.45","0.0000","0","0","0","  ","   ","   ","      ","2023-12-19"
"A    ","109       ","A    109                                ","0","26.53","6.41","13.58","13.58","0.0000","0","0","0","  ","   ","   ","      ","2023-12-19"
"A    ","110       ","A    110                                ","0","26.87","6.48","13.73","13.73","0.0000","0","0","0","  ","   ","   ","      ","2023-12-19"
"A    ","111       ","A    111                                ","0","27.04","6.52","13.82","13.82","0.0000","0","0","0","  ","   ","   ","      ","2023-12-19"
"A    ","112       ","A    112                                ","0","27.31","6.59","13.96","13.96","0.0000","0","0","0","  ","   ","   ","      ","2023-12-19"
"A    ","113       ","A    113                                ","0","27.5","6.64","14.08","14.08","0.0000","0","0","0","  ","   ","   ","      ","2023-12-19"
"A    ","114       ","A    114                                ","0","27.77","6.7","14.19","14.19","0.0000","0","0","0","  ","   ","   ","      ","2023-12-19"
"A    ","115       ","A    115                                ","0","28","6.76","14.33","14.33","0.0000","0","0","0","  ","   ","   ","      ","2023-12-19"
"A    ","116       ","A    116                                ","0","28.29","6.82","14.46","14.46","0.0000","0","0","0","  ","   ","   ","      ","2023-12-19"
"A    ","117       ","A    117                                ","0","28.49","6.87","14.56","14.56","0.0000","0","0","0","  ","   ","   ","      ","2023-12-19"
"A    ","118       ","A    118                                ","0","28.73","6.94","14.7","14.7","0.0000","0","0","0","  ","   ","   ","      ","2023-12-19"
"A    ","119       ","A    119                                ","0","29.06","7","14.82","14.82","0.0000","0","0","0","  ","   ","   ","      ","2023-12-19"
"A    ","120       ","A    120                                ","0","29.28","7.06","14.95","14.95","0.0000","0","0","0","  ","   ","   ","      ","2023-12-19"
"A    ","121       ","A    121                                ","0","29.47","7.12","15.07","15.07","0.0000","0","0","0","  ","   ","   ","      ","2023-12-19"
"A    ","122       ","A    122                                ","0","29.68","7.17","15.2","15.2","0.0000","0","0","0","  ","   ","   ","      ","2023-12-19"
"A    ","123       ","A    123                                ","0","29.99","7.24","15.33","15.33","0.0000","0","0","0","  ","   ","   ","      ","2023-12-19"
"A    ","124       ","A    124                                ","0","30.19","7.29","15.44","15.44","0.0000","0","0","0","  ","   ","   ","      ","2023-12-19"
"A    ","125       ","A    125                                ","0","30.46","7.35","15.57","15.57","0.0000","0","0","0","  ","   ","   ","      ","2023-12-19"
"A    ","126       ","A    126                                ","0","30.71","7.41","15.72","15.72","0.0000","0","0","0","  ","   ","   ","      ","2023-12-19"
"A    ","127       ","A    127                                ","0","30.88","7.46","15.82","15.82","0.0000","0","0","0","  ","   ","   ","      ","2023-12-19"
"A    ","128       ","A    128                                ","0","31.15","7.53","15.95","15.95","0.0000","0","0","0","  ","   ","   ","      ","2023-12-19"
"A    ","129       ","A    129                                ","0","31.43","7.58","16.07","16.07","0.0000","0","0","0","  ","   ","   ","      ","2023-12-19"
"A    ","130       ","A    130                                ","0","31.65","7.64","16.19","16.19","0.0000","0","0","0","  ","   ","   ","      ","2023-12-19"
"A    ","131       ","A    131                                ","0","31.87","7.7","16.32","16.32","0.0000","0","0","0","  ","   ","   ","      ","2023-12-19"
"A    ","132       ","A    132                                ","0","32.21","7.77","16.45","16.45","0.0000","0","0","0","  ","   ","   ","      ","2023-12-19"
"A    ","133       ","A    133                                ","0","32.37","7.82","16.56","16.56","0.0000","0","0","0","  ","   ","   ","      ","2023-12-19"
"A    ","134       ","A    134                                ","0","32.65","7.88","16.7","16.7","0.0000","0","0","0","  ","   ","   ","      ","2023-12-19"
"A    ","135       ","A    135                                ","0","32.94","7.94","16.81","16.81","0.0000","0","0","0","  ","   ","   ","      ","2023-12-19"
"A    ","136       ","A    136                                ","0","33.16","8","16.95","16.95","0.0000","0","0","0","  ","   ","   ","      ","2023-12-19"
"A    ","137       ","A    137                                ","0","33.36","8.06","17.08","17.08","0.0000","0","0","0","  ","   ","   ","      ","2023-12-19"
"A    ","138       ","A    138                                ","0","33.65","8.12","17.2","17.2","0.0000","0","0","0","  ","   ","   ","      ","2023-12-19"
"A    ","139       ","A    139                                ","0","33.92","8.18","17.32","17.32","0.0000","0","0","0","  ","   ","   ","      ","2023-12-19"
"A    ","140       ","A    140                                ","0","34.09","8.23","17.44","17.44","0.0000","0","0","0","  ","   ","   ","      ","2023-12-19"
"A    ","141       ","A    141                                ","0","34.37","8.29","17.56","17.56","0.0000","0","0","0","  ","   ","   ","      ","2023-12-19"
"A    ","142       ","A    142                                ","0","34.7","8.36","17.7","17.7","0.0000","0","0","0","  ","   ","   ","      ","2023-12-19"
"A    ","143       ","A    143                                ","0","34.82","8.41","17.82","17.82","0.0000","0","0","0","  ","   ","   ","      ","2023-12-19"
"A    ","144       ","A    144                                ","0","35.12","8.47","17.95","17.95","0.0000","0","0","0","  ","   ","   ","      ","2023-12-19"
"A    ","145       ","A    145                                ","0","35.3","8.52","18.05","18.05","0.0000","0","0","0","  ","   ","   ","      ","2023-12-19"
"A    ","146       ","A    146                                ","0","35.54","8.58","18.18","18.18","0.0000","0","0","0","  ","   ","   ","      ","2023-12-19"
"A    ","147       ","A    147                                ","0","35.83","8.64","18.32","18.32","0.0000","0","0","0","  ","   ","   ","      ","2023-12-19"
"A    ","148       ","A    148                                ","0","36.08","8.7","18.43","18.43","0.0000","0","0","0","  ","   ","   ","      ","2023-12-19"
"A    ","149       ","A    149                                ","0","36.25","8.75","18.55","18.55","0.0000","0","0","0","  ","   ","   ","      ","2023-12-19"
"A    ","15        ","A    15                                 ","0","5.52","1.34","2.84","2.84","0.0000","0","0","0","  ","   ","   ","      ","2023-12-19"
"A    ","150       ","A    150                                ","0","36.61","8.82","18.69","18.69","0.0000","0","0","0","  ","   ","   ","      ","2023-12-19"
"A    ","151       ","A    151                                ","0","36.81","8.88","18.82","18.82","0.0000","0","0","0","  ","   ","   ","      ","2023-12-19"
"A    ","152       ","A    152                                ","0","37.05","8.95","18.94","18.94","0.0000","0","0","0","  ","   ","   ","      ","2023-12-19"
"A    ","153       ","A    153                                ","0","37.32","9","19.07","19.07","0.0000","0","0","0","  ","   ","   ","      ","2023-12-19"
"A    ","154       ","A    154                                ","0","37.56","9.06","19.19","19.19","0.0000","0","0","0","  ","   ","   ","      ","2023-12-19"
"A    ","155       ","A    155                                ","0","37.79","9.12","19.31","19.31","0.0000","0","0","0","  ","   ","   ","      ","2023-12-19"
"A    ","156       ","A    156                                ","0","38.08","9.18","19.43","19.43","0.0000","0","0","0","  ","   ","   ","      ","2023-12-19"
"A    ","157       ","A    157                                ","0","38.2","9.22","19.55","19.55","0.0000","0","0","0","  ","   ","   ","      ","2023-12-19"
"A    ","158       ","A    158                                ","0","38.46","9.28","19.67","19.67","0.0000","0","0","0","  ","   ","   ","      ","2023-12-19"
"A    ","16        ","A    16                                 ","0","5.68","1.36","2.87","2.87","0.0000","0","0","0","  ","   ","   ","      ","2023-12-19"
"A    ","160       ","A    160                                ","0","39.05","9.42","19.95","19.95","0.0000","0","0","0","  ","   ","   ","      ","2023-12-19"
"A    ","162       ","A    162                                ","0","39.47","9.53","20.18","20.18","0.0000","0","0","0","  ","   ","   ","      ","2023-12-19"
"A    ","17        ","A    17                                 ","0","5.68","1.36","2.89","2.89","0.0000","0","0","0","  ","   ","   ","      ","2023-12-19"
"A    ","175       ","A    175                                ","0","42.66","10.29","21.8","21.8","0.0000","0","0","0","  ","   ","   ","      ","2023-12-19"
"A    ","18        ","A    18                                 ","0","5.72","1.38","2.92","2.92","0.0000","0","0","0","  ","   ","   ","      ","2023-12-19"
"A    ","180       ","A    180                                ","0","43.8","10.59","22.43","22.43","0.0000","0","0","0","  ","   ","   ","      ","2023-12-19"
"A    ","19        ","A    19                                 ","0","5.72","1.38","2.94","2.94","0.0000","0","0","0","  ","   ","   ","      ","2023-12-19"
"A    ","20        ","A    20                                 ","0","5.77","1.39","2.95","2.95","0.0000","0","0","0","  ","   ","   ","      ","2023-12-19"
"A    ","21        ","A    21                                 ","0","5.86","1.41","2.98","2.98","0.0000","0","0","0","  ","   ","   ","      ","2023-12-19"
"A    ","22        ","A    22                                 ","0","5.92","1.43","3.02","3.02","0.0000","0","0","0","  ","   ","   ","      ","2023-12-19"
"A    ","23        ","A    23                                 ","0","5.92","1.43","3.03","3.03","0.0000","0","0","0","  ","   ","   ","      ","2023-12-19"
"A    ","24        ","A    24                                 ","0","5.93","1.44","3.05","3.05","0.0000","0","0","0","  ","   ","   ","      ","2023-12-19"
"A    ","25        ","A    25                                 ","0","6.11","1.47","3.11","3.11","0.0000","0","0","0","  ","   ","   ","      ","2023-12-19"
"A    ","258       ","A    258                                ","0","71.6","17.27","36.6","36.6","0.0000","0","0","0","  ","   ","   ","      ","2023-12-19"
"A    ","26        ","A    26                                 ","0","6.22","1.51","3.2","3.2","0.0000","0","0","0","  ","   ","   ","      ","2023-12-19"
"A    ","27        ","A    27                                 ","0","6.53","1.58","3.35","3.35","0.0000","0","0","0","  ","   ","   ","      ","2023-12-19"
"A    ","28        ","A    28                                 ","0","6.78","1.64","3.48","3.48","0.0000","0","0","0","  ","   ","   ","      ","2023-12-19"
"A    ","29        ","A    29                                 ","0","7.03","1.69","3.58","3.58","0.0000","0","0","0","  ","   ","   ","      ","2023-12-19"
"A    ","30        ","A    30                                 ","0","7.31","1.76","3.72","3.72","0.0000","0","0","0","  ","   ","   ","      ","2023-12-19"
"A    ","31        ","A    31                                 ","0","7.52","1.81","3.84","3.84","0.0000","0","0","0","  ","   ","   ","      ","2023-12-19"
"A    ","32        ","A    32                                 ","0","7.77","1.87","3.96","3.96","0.0000","0","0","0","  ","   ","   ","      ","2023-12-19"
"A    ","33        ","A    33                                 ","0","7.97","1.93","4.09","4.09","0.0000","0","0","0","  ","   ","   ","      ","2023-12-19"
"A    ","34        ","A    34                                 ","0","8.27","1.99","4.22","4.22","0.0000","0","0","0","  ","   ","   ","      ","2023-12-19"
"A    ","35        ","A    35                                 ","0","8.57","2.06","4.36","4.36","0.0000","0","0","0","  ","   ","   ","      ","2023-12-19"
"A    ","36        ","A    36                                 ","0","8.72","2.11","4.46","4.46","0.0000","0","0","0","  ","   ","   ","      ","2023-12-19"
"A    ","37        ","A    37                                 ","0","8.99","2.17","4.59","4.59","0.0000","0","0","0","  ","   ","   ","      ","2023-12-19"
"A    ","38        ","A    38                                 ","0","9.21","2.22","4.71","4.71","0.0000","0","0","0","  ","   ","   ","      ","2023-12-19"
"A    ","39        ","A    39                                 ","0","9.44","2.28","4.83","4.83","0.0000","0","0","0","  ","   ","   ","      ","2023-12-19"
"A    ","40        ","A    40                                 ","0","9.71","2.34","4.95","4.95","0.0000","0","0","0","  ","   ","   ","      ","2023-12-19"
"A    ","41        ","A    41                                 ","0","9.94","2.4","5.08","5.08","0.0000","0","0","0","  ","   ","   ","      ","2023-12-19"
"A    ","42        ","A    42                                 ","0","10.16","2.45","5.18","5.18","0.0000","0","0","0","  ","   ","   ","      ","2023-12-19"
"A    ","43        ","A    43                                 ","0","10.46","2.52","5.33","5.33","0.0000","0","0","0","  ","   ","   ","      ","2023-12-19"
"A    ","44        ","A    44                                 ","0","10.73","2.58","5.46","5.46","0.0000","0","0","0","  ","   ","   ","      ","2023-12-19"
"A    ","45        ","A    45                                 ","0","10.97","2.64","5.59","5.59","0.0000","0","0","0","  ","   ","   ","      ","2023-12-19"
"A    ","46        ","A    46                                 ","0","11.15","2.69","5.71","5.71","0.0000","0","0","0","  ","   ","   ","      ","2023-12-19"
"A    ","47        ","A    47                                 ","0","11.33","2.74","5.82","5.82","0.0000","0","0","0","  ","   ","   ","      ","2023-12-19"
"A    ","48        ","A    48                                 ","0","11.62","2.81","5.95","5.95","0.0000","0","0","0","  ","   ","   ","      ","2023-12-19"
"A    ","49        ","A    49                                 ","0","11.9","2.86","6.07","6.07","0.0000","0","0","0","  ","   ","   ","      ","2023-12-19"
"A    ","50        ","A    50                                 ","0","12.11","2.93","6.21","6.21","0.0000","0","0","0","  ","   ","   ","      ","2023-12-19"
"A    ","51        ","A    51                                 ","0","12.33","2.98","6.32","6.32","0.0000","0","0","0","  ","   ","   ","      ","2023-12-19"
"A    ","52        ","A    52                                 ","0","12.62","3.04","6.44","6.44","0.0000","0","0","0","  ","   ","   ","      ","2023-12-19"
"A    ","53        ","A    53                                 ","0","12.82","3.1","6.58","6.58","0.0000","0","0","0","  ","   ","   ","      ","2023-12-19"
"A    ","54        ","A    54                                 ","0","13.11","3.16","6.69","6.69","0.0000","0","0","0","  ","   ","   ","      ","2023-12-19"
"A    ","55        ","A    55                                 ","0","13.32","3.22","6.82","6.82","0.0000","0","0","0","  ","   ","   ","      ","2023-12-19"
"A    ","56        ","A    56                                 ","0","13.61","3.28","6.93","6.93","0.0000","0","0","0","  ","   ","   ","      ","2023-12-19"
"A    ","57        ","A    57                                 ","0","13.81","3.34","7.07","7.07","0.0000","0","0","0","  ","   ","   ","      ","2023-12-19"
"A    ","58        ","A    58                                 ","0","14.09","3.39","7.2","7.2","0.0000","0","0","0","  ","   ","   ","      ","2023-12-19"
"A    ","59        ","A    59                                 ","0","14.32","3.45","7.32","7.32","0.0000","0","0","0","  ","   ","   ","      ","2023-12-19"
"A    ","60        ","A    60                                 ","0","14.59","3.52","7.47","7.47","0.0000","0","0","0","  ","   ","   ","      ","2023-12-19"
"A    ","61        ","A    61                                 ","0","14.85","3.58","7.59","7.59","0.0000","0","0","0","  ","   ","   ","      ","2023-12-19"
"A    ","62        ","A    62                                 ","0","15.13","3.65","7.73","7.73","0.0000","0","0","0","  ","   ","   ","      ","2023-12-19"
"A    ","63        ","A    63                                 ","0","15.32","3.7","7.84","7.84","0.0000","0","0","0","  ","   ","   ","      ","2023-12-19"
"A    ","64        ","A    64                                 ","0","15.66","3.77","7.97","7.97","0.0000","0","0","0","  ","   ","   ","      ","2023-12-19"
"A    ","65        ","A    65                                 ","0","15.83","3.83","8.1","8.1","0.0000","0","0","0","  ","   ","   ","      ","2023-12-19"
"A    ","66        ","A    66                                 ","0","16.1","3.88","8.23","8.23","0.0000","0","0","0","  ","   ","   ","      ","2023-12-19"
"A    ","67        ","A    67                                 ","0","16.38","3.95","8.36","8.36","0.0000","0","0","0","  ","   ","   ","      ","2023-12-19"
"A    ","68        ","A    68                                 ","0","16.58","4","8.48","8.48","0.0000","0","0","0","  ","   ","   ","      ","2023-12-19"
"A    ","69        ","A    69                                 ","0","16.88","4.07","8.61","8.61","0.0000","0","0","0","  ","   ","   ","      ","2023-12-19"
"A    ","70        ","A    70                                 ","0","17.03","4.11","8.71","8.71","0.0000","0","0","0","  ","   ","   ","      ","2023-12-19"
"A    ","71        ","A    71                                 ","0","17.28","4.17","8.84","8.84","0.0000","0","0","0","  ","   ","   ","      ","2023-12-19"
"A    ","72        ","A    72                                 ","0","17.51","4.23","8.97","8.97","0.0000","0","0","0","  ","   ","   ","      ","2023-12-19"
"A    ","73        ","A    73                                 ","0","17.82","4.3","9.11","9.11","0.0000","0","0","0","  ","   ","   ","      ","2023-12-19"
"A    ","74        ","A    74                                 ","0","18.05","4.35","9.21","9.21","0.0000","0","0","0","  ","   ","   ","      ","2023-12-19"
"A    ","75        ","A    75                                 ","0","18.29","4.41","9.34","9.34","0.0000","0","0","0","  ","   ","   ","      ","2023-12-19"
"A    ","76        ","A    76                                 ","0","18.58","4.47","9.48","9.48","0.0000","0","0","0","  ","   ","   ","      ","2023-12-19"
"A    ","77        ","A    77                                 ","0","18.72","4.53","9.59","9.59","0.0000","0","0","0","  ","   ","   ","      ","2023-12-19"
"A    ","78        ","A    78                                 ","0","19","4.59","9.72","9.72","0.0000","0","0","0","  ","   ","   ","      ","2023-12-19"
"A    ","79        ","A    79                                 ","0","19.32","4.65","9.85","9.85","0.0000","0","0","0","  ","   ","   ","      ","2023-12-19"
"A    ","80        ","A    80                                 ","0","19.48","4.7","9.96","9.96","0.0000","0","0","0","  ","   ","   ","      ","2023-12-19"
"A    ","81        ","A    81                                 ","0","19.78","4.77","10.09","10.09","0.0000","0","0","0","  ","   ","   ","      ","2023-12-19"
"A    ","82        ","A    82                                 ","0","20","4.82","10.22","10.22","0.0000","0","0","0","  ","   ","   ","      ","2023-12-19"
"A    ","83        ","A    83                                 ","0","20.22","4.88","10.34","10.34","0.0000","0","0","0","  ","   ","   ","      ","2023-12-19"
"A    ","84        ","A    84                                 ","0","20.42","4.94","10.47","10.47","0.0000","0","0","0","  ","   ","   ","      ","2023-12-19"
"A    ","85        ","A    85                                 ","0","20.7","5","10.6","10.6","0.0000","0","0","0","  ","   ","   ","      ","2023-12-19"
"A    ","86        ","A    86                                 ","0","20.97","5.05","10.71","10.71","0.0000","0","0","0","  ","   ","   ","      ","2023-12-19"
"A    ","87        ","A    87                                 ","0","21.22","5.12","10.84","10.84","0.0000","0","0","0","  ","   ","   ","      ","2023-12-19"
"A    ","88        ","A    88                                 ","0","21.5","5.18","10.96","10.96","0.0000","0","0","0","  ","   ","   ","      ","2023-12-19"
"A    ","89        ","A    89                                 ","0","21.76","5.24","11.09","11.09","0.0000","0","0","0","  ","   ","   ","      ","2023-12-19"
"A    ","90        ","A    90                                 ","0","21.91","5.29","11.2","11.2","0.0000","0","0","0","  ","   ","   ","      ","2023-12-19"
"A    ","91        ","A    91                                 ","0","22.17","5.35","11.33","11.33","0.0000","0","0","0","  ","   ","   ","      ","2023-12-19"
"A    ","92        ","A    92                                 ","0","22.49","5.42","11.47","11.47","0.0000","0","0","0","  ","   ","   ","      ","2023-12-19"
"A    ","93        ","A    93                                 ","0","22.69","5.47","11.59","11.59","0.0000","0","0","0","  ","   ","   ","      ","2023-12-19"
"A    ","94        ","A    94                                 ","0","22.88","5.53","11.72","11.72","0.0000","0","0","0","  ","   ","   ","      ","2023-12-19"
"A    ","95        ","A    95                                 ","0","23.19","5.59","11.84","11.84","0.0000","0","0","0","  ","   ","   ","      ","2023-12-19"
"A    ","96        ","A    96                                 ","0","23.43","5.65","11.97","11.97","0.0000","0","0","0","  ","   ","   ","      ","2023-12-19"
"A    ","97        ","A    97                                 ","0","23.62","5.7","12.08","12.08","0.0000","0","0","0","  ","   ","   ","      ","2023-12-19"
"A    ","98        ","A    98                                 ","0","23.92","5.76","12.2","12.2","0.0000","0","0","0","  ","   ","   ","      ","2023-12-19"
"A    ","99        ","A    99                                 ","0","24.09","5.82","12.33","12.33","0.0000","0","0","0","  ","   ","   ","      ","2023-12-19"
"AV10 ","1000      ","AV 10 - 1000                            ","0","10.54","2.03","2.03","2.03","0.0000","0","0","0","0 ","0  ","0  ","      ","2023-12-19"
"AV10 ","1010      ","AV 10 - 1010                            ","0","10.73","2.05","2.05","2.05","0.0000","0","0","0","0 ","0  ","0  ","      ","2023-12-19"
"AV10 ","1015      ","AV 10 - 1015                            ","0","10.82","2.07","2.07","2.07","0.0000","0","0","0","0 ","0  ","0  ","      ","2023-12-19"
"AV10 ","1020      ","AV 10 - 1020                            ","0","10.88","2.08","2.08","2.08","0.0000","0","0","0","0 ","0  ","0  ","      ","2023-12-19"
"AV10 ","1025      ","AV 10 - 1025                            ","0","10.97","2.09","2.09","2.09","0.0000","0","0","0","0 ","0  ","0  ","      ","2023-12-19"
"AV10 ","1030      ","AV 10 - 1030                            ","0","10.99","2.1","2.1","2.1","0.0000","0","0","0","0 ","0  ","0  ","      ","2023-12-19"
"AV10 ","1045      ","AV 10 - 1045                            ","0","11.12","2.12","2.12","2.12","0.0000","0","0","0","0 ","0  ","0  ","      ","2023-12-19"
"AV10 ","1050      ","AV 10 - 1050                            ","0","11.15","2.13","2.13","2.13","0.0000","0","0","0","0 ","0  ","0  ","      ","2023-12-19"
"AV10 ","1055      ","AV 10 - 1055                            ","0","11.16","2.14","2.14","2.14","0.0000","0","0","0","0 ","0  ","0  ","      ","2023-12-19"
"AV10 ","1065      ","AV 10 - 1065                            ","0","11.3","2.16","2.16","2.16","0.0000","0","0","0","0 ","0  ","0  ","      ","2023-12-19"
"AV10 ","1075      ","AV 10 - 1075                            ","0","11.37","2.18","2.18","2.18","0.0000","0","0","0","0 ","0  ","0  ","      ","2023-12-19"
"AV10 ","1080      ","AV 10 - 1080                            ","0","11.52","2.19","2.19","2.19","0.0000","0","0","0","0 ","0  ","0  ","      ","2023-12-19"
"AV10 ","1085      ","AV 10 - 1085                            ","0","11.59","2.2","2.2","2.2","0.0000","0","0","0","0 ","0  ","0  ","      ","2023-12-19"
"AV10 ","1095      ","AV 10 - 1095                            ","0","11.63","2.23","2.23","2.23","0.0000","0","0","0","0 ","0  ","0  ","      ","2023-12-19"
"AV10 ","1115      ","AV 10 - 1115                            ","0","11.93","2.27","2.27","2.27","0.0000","0","0","0","0 ","0  ","0  ","      ","2023-12-19"
"AV10 ","1120      ","AV 10 - 1120                            ","0","11.94","2.28","2.28","2.28","0.0000","0","0","0","0 ","0  ","0  ","      ","2023-12-19"
"AV10 ","1140      ","AV 10 - 1140                            ","0","12.18","2.32","2.32","2.32","0.0000","0","0","0","0 ","0  ","0  ","      ","2023-12-19"
"AV10 ","1155      ","AV 10 - 1155                            ","0","12.27","2.34","2.34","2.34","0.0000","0","0","0","0 ","0  ","0  ","      ","2023-12-19"
"AV10 ","1165      ","AV 10 - 1165                            ","0","12.33","2.36","2.36","2.36","0.0000","0","0","0","0 ","0  ","0  ","      ","2023-12-19"
"AV10 ","1170      ","AV 10 - 1170                            ","0","12.42","2.38","2.38","2.38","0.0000","0","0","0","0 ","0  ","0  ","      ","2023-12-19"
"AV10 ","1175      ","AV 10 - 1175                            ","0","12.44","2.39","2.39","2.39","0.0000","0","0","0","0 ","0  ","0  ","      ","2023-12-19"
"AV10 ","1185      ","AV 10 - 1185                            ","0","12.61","2.41","2.41","2.41","0.0000","0","0","0","0 ","0  ","0  ","      ","2023-12-19"
"AV10 ","1200      ","AV 10 - 1200                            ","0","12.8","2.44","2.44","2.44","0.0000","0","0","0","0 ","0  ","0  ","      ","2023-12-19"
"AV10 ","1205      ","AV10 - 1205                             ","0","12.89","6.44","0.0000","6.44","0.0000","6","0","6","0 ","0  ","0  ","      ","2023-12-19"
"AV10 ","1220      ","AV 10 - 1220                            ","0","12.94","2.47","2.47","2.47","0.0000","0","0","0","0 ","0  ","0  ","      ","2023-12-19"
"AV10 ","1225      ","AV 10 - 1225                            ","0","13.01","2.48","2.48","2.48","0.0000","0","0","0","0 ","0  ","0  ","      ","2023-12-19"
"AV10 ","1230      ","AV 10 - 1230                            ","0","13.07","2.5","2.5","2.5","0.0000","0","0","0","0 ","0  ","0  ","      ","2023-12-19"
"AV10 ","1250      ","AV 10 - 1250                            ","0","13.3","2.54","2.54","2.54","0.0000","0","0","0","0 ","0  ","0  ","      ","2023-12-19"
"AV10 ","1265      ","AV 10 - 1265                            ","0","13.48","2.57","2.57","2.57","0.0000","0","0","0","0 ","0  ","0  ","      ","2023-12-19"
"AV10 ","1275      ","AV 10 - 1275                            ","0","13.61","2.59","2.59","2.59","0.0000","0","0","0","0 ","0  ","0  ","      ","2023-12-19"
"AV10 ","1280      ","AV 10 - 1280                            ","0","13.62","2.6","2.6","2.6","0.0000","0","0","0","0 ","0  ","0  ","      ","2023-12-19"
"AV10 ","1300      ","AV 10 - 1300                            ","0","13.79","2.64","2.64","2.64","0.0000","0","0","0","0 ","0  ","0  ","      ","2023-12-19"
"AV10 ","1305      ","AV 10 - 1305                            ","0","13.81","2.65","2.65","2.65","0.0000","0","0","0","0 ","0  ","0  ","      ","2023-12-19"
"AV10 ","1320      ","AV 10 - 1320                            ","0","13.99","2.68","2.68","2.68","0.0000","0","0","0","0 ","0  ","0  ","      ","2023-12-19"
"AV10 ","1325      ","AV 10 - 1325                            ","0","14.09","2.69","2.69","2.69","0.0000","0","0","0","0 ","0  ","0  ","      ","2023-12-19"
"AV10 ","1335      ","AV 10 - 1335                            ","0","14.19","2.71","2.71","2.71","0.0000","0","0","0","0 ","0  ","0  ","      ","2023-12-19"
"AV10 ","1345      ","AV 10 - 1345                            ","0","14.32","2.74","2.74","2.74","0.0000","0","0","0","0 ","0  ","0  ","      ","2023-12-19"
"AV10 ","1350      ","AV 10 - 1350                            ","0","14.32","2.74","2.74","2.74","0.0000","0","0","0","0 ","0  ","0  ","      ","2023-12-19"
"AV10 ","1360      ","AV 10 - 1360                            ","0","14.46","2.76","2.76","2.76","0.0000","0","0","0","0 ","0  ","0  ","      ","2023-12-19"
"AV10 ","1373      ","AV 10 - 1373                            ","0","14.61","2.79","2.79","2.79","0.0000","0","0","0","0 ","0  ","0  ","      ","2023-12-19"
"AV10 ","1375      ","AV 10 - 1375                            ","0","14.61","2.79","2.79","2.79","0.0000","0","0","0","0 ","0  ","0  ","      ","2023-12-19"
"AV10 ","1380      ","AV 10 - 1380                            ","0","14.63","2.8","2.8","2.8","0.0000","0","0","0","0 ","0  ","0  ","      ","2023-12-19"
"AV10 ","1395      ","AV 10 - 1395                            ","0","14.88","2.84","2.84","2.84","0.0000","0","0","0","0 ","0  ","0  ","      ","2023-12-19"
"AV10 ","1425      ","AV 10 - 1425                            ","0","15.17","2.9","2.9","2.9","0.0000","0","0","0","0 ","0  ","0  ","      ","2023-12-19"
"AV10 ","1430      ","AV 10 - 1430                            ","0","15.17","2.9","2.9","2.9","0.0000","0","0","0","0 ","0  ","0  ","      ","2023-12-19"
"AV10 ","1431      ","AV 10 - 1431                            ","0","15.18","2.91","2.91","2.91","0.0000","0","0","0","0 ","0  ","0  ","      ","2023-12-19"
"AV10 ","1445      ","AV 10 - 1445                            ","0","15.36","2.93","2.93","2.93","0.0000","0","0","0","0 ","0  ","0  ","      ","2023-12-19"
"AV10 ","1470      ","AV 10 - 1470                            ","0","15.66","2.99","2.99","2.99","0.0000","0","0","0","0 ","0  ","0  ","      ","2023-12-19"
"AV10 ","1490      ","AV 10 - 1490                            ","0","15.86","3.03","3.03","3.03","0.0000","0","0","0","0 ","0  ","0  ","      ","2023-12-19"
"AV10 ","1560      ","AV 10 - 1560                            ","0","16.63","3.17","3.17","3.17","0.0000","0","0","0","0 ","0  ","0  ","      ","2023-12-19"
"AV10 ","1590      ","AV 10 - 1590                            ","0","16.88","3.23","3.23","3.23","0.0000","0","0","0","0 ","0  ","0  ","      ","2023-12-19"
"AV10 ","1620      ","AV 10 - 1620                            ","0","17.27","3.29","3.29","3.29","0.0000","0","0","0","0 ","0  ","0  ","      ","2023-12-19"
"AV10 ","1690      ","AV 10 - 1690                            ","0","18.02","3.44","3.44","3.44","0.0000","0","0","0","0 ","0  ","0  ","      ","2023-12-19"
"AV10 ","1700      ","AV 10 - 1700                            ","0","18.05","3.45","3.45","3.45","0.0000","0","0","0","0 ","0  ","0  ","      ","2023-12-19"
"AV10 ","535       ","AV 10 - 535                             ","0","8.11","1.55","1.55","1.55","0.0000","0","0","0","0 ","0  ","0  ","      ","2023-12-19"
"AV10 ","545       ","AV 10 - 545                             ","0","8.11","1.55","1.55","1.55","0.0000","0","0","0","0 ","0  ","0  ","      ","2023-12-19"
"AV10 ","555       ","AV 10 - 555                             ","0","8.11","1.55","1.55","1.55","0.0000","0","0","0","0 ","0  ","0  ","      ","2023-12-19"
"AV10 ","565       ","AV 10 - 565                             ","0","8.11","1.55","1.55","1.55","0.0000","0","0","0","0 ","0  ","0  ","      ","2023-12-19"
"AV10 ","575       ","AV10 - 575                              ","0","8.11","4.06","0.0000","4.06","0.0000","4","0","4","0 ","0  ","0  ","      ","2023-12-19"
"AV10 ","585       ","AV 10 - 585                             ","0","8.11","1.55","1.55","1.55","0.0000","0","0","0","0 ","0  ","0  ","      ","2023-12-19"
"AV10 ","600       ","AV 10 - 600                             ","0","8.11","1.55","1.55","1.55","0.0000","0","0","0","0 ","0  ","0  ","      ","2023-12-19"
"AV10 ","615       ","AV 10 - 615                             ","0","8.11","1.55","1.55","1.55","0.0000","0","0","0","0 ","0  ","0  ","      ","2023-12-19"
"AV10 ","625       ","AV 10 - 625                             ","0","8.11","1.55","1.55","1.55","0.0000","0","0","0","0 ","0  ","0  ","      ","2023-12-19"
"AV10 ","650       ","AV 10 - 650                             ","0","8.11","1.55","1.55","1.55","0.0000","0","0","0","0 ","0  ","0  ","      ","2023-12-19"
"AV10 ","660       ","AV 10 - 660                             ","0","8.11","1.55","1.55","1.55","0.0000","0","0","0","0 ","0  ","0  ","      ","2023-12-19"
"AV10 ","665       ","AV 10 - 665                             ","0","8.11","1.55","1.55","1.55","0.0000","0","0","0","0 ","0  ","0  ","      ","2023-12-19"
"AV10 ","675       ","AV10 - 675                              ","0","8.11","4.06","0.0000","4.06","0.0000","4","0","4","0 ","0  ","0  ","      ","2023-12-19"
"AV10 ","685       ","AV 10 - 685                             ","0","8.11","1.55","1.55","1.55","0.0000","0","0","0","0 ","0  ","0  ","      ","2023-12-19"
"AV10 ","690       ","AV 10 - 690                             ","0","8.11","1.55","1.55","1.55","0.0000","0","0","0","0 ","0  ","0  ","      ","2023-12-19"
"AV10 ","700       ","AV 10 - 700                             ","0","8.11","1.55","1.55","1.55","0.0000","0","0","0","0 ","0  ","0  ","      ","2023-12-19"
"AV10 ","710       ","AV 10 - 710                             ","0","8.11","1.55","1.55","1.55","0.0000","0","0","0","0 ","0  ","0  ","      ","2023-12-19"
"AV10 ","715       ","AV 10 - 715                             ","0","8.11","1.55","1.55","1.55","0.0000","0","0","0","0 ","0  ","0  ","      ","2023-12-19"
"AV10 ","725       ","AV 10 - 725                             ","0","8.11","1.55","1.55","1.55","0.0000","0","0","0","0 ","0  ","0  ","      ","2023-12-19"
"AV10 ","730       ","AV 10 - 730                             ","0","8.11","1.55","1.55","1.55","0.0000","0","0","0","0 ","0  ","0  ","      ","2023-12-19"
"AV10 ","735       ","AV 10 - 735                             ","0","8.11","1.55","1.55","1.55","0.0000","0","0","0","0 ","0  ","0  ","      ","2023-12-19"
"AV10 ","745       ","AV 10 - 745                             ","0","8.11","1.55","1.55","1.55","0.0000","0","0","0","0 ","0  ","0  ","      ","2023-12-19"
"AV10 ","750       ","AV 10 - 750                             ","0","8.11","1.55","1.55","1.55","0.0000","0","0","0","0 ","0  ","0  ","      ","2023-12-19"
"AV10 ","760       ","AV 10 - 760                             ","0","8.11","1.55","1.55","1.55","0.0000","0","0","0","0 ","0  ","0  ","      ","2023-12-19"
"AV10 ","770       ","AV 10 - 770                             ","0","8.19","1.56","1.56","1.56","0.0000","0","0","0","0 ","0  ","0  ","      ","2023-12-19"
"AV10 ","775       ","AV 10 - 775                             ","0","8.2","1.57","1.57","1.57","0.0000","0","0","0","0 ","0  ","0  ","      ","2023-12-19"
"AV10 ","780       ","AV 10 - 780                             ","0","8.21","1.58","1.58","1.58","0.0000","0","0","0","0 ","0  ","0  ","      ","2023-12-19"
"AV10 ","785       ","AV 10 - 785                             ","0","8.38","1.59","1.59","1.59","0.0000","0","0","0","0 ","0  ","0  ","      ","2023-12-19"
"AV10 ","790       ","AV 10 - 790                             ","0","8.47","1.61","1.61","1.61","0.0000","0","0","0","0 ","0  ","0  ","      ","2023-12-19"
"AV10 ","795       ","AV 10 - 795                             ","0","8.52","1.62","1.62","1.62","0.0000","0","0","0","0 ","0  ","0  ","      ","2023-12-19"
"AV10 ","800       ","AV 10 - 800                             ","0","8.59","1.63","1.63","1.63","0.0000","0","0","0","0 ","0  ","0  ","      ","2023-12-19"
"AV10 ","810       ","AV 10 - 810                             ","0","8.65","1.65","1.65","1.65","0.0000","0","0","0","0 ","0  ","0  ","      ","2023-12-19"
"AV10 ","813       ","AV 10 - 813                             ","0","8.65","1.65","1.65","1.65","0.0000","0","0","0","0 ","0  ","0  ","      ","2023-12-19"
"AV10 ","815       ","AV 10 - 815                             ","0","8.7","1.66","1.66","1.66","0.0000","0","0","0","0 ","0  ","0  ","      ","2023-12-19"
"AV10 ","820       ","AV 10 - 820                             ","0","8.71","1.67","1.67","1.67","0.0000","0","0","0","0 ","0  ","0  ","      ","2023-12-19"
"AV10 ","830       ","AV 10 - 830                             ","0","8.73","1.68","1.68","1.68","0.0000","0","0","0","0 ","0  ","0  ","      ","2023-12-19"
"AV10 ","835       ","AV10 - 835                              ","0","8.88","4.44","0.0000","4.44","0.0000","4","0","4","0 ","0  ","0  ","      ","2023-12-19"
"AV10 ","845       ","AV 10 - 845                             ","0","9.02","1.72","1.72","1.72","0.0000","0","0","0","0 ","0  ","0  ","      ","2023-12-19"
"AV10 ","850       ","AV10 - 850                              ","0","9.06","4.53","0.0000","4.53","0.0000","4","0","4","0 ","0  ","0  ","      ","2023-12-19"
"AV10 ","860       ","AV 10 - 860                             ","0","9.11","1.74","1.74","1.74","0.0000","0","0","0","0 ","0  ","0  ","      ","2023-12-19"
"AV10 ","875       ","AV 10 - 875                             ","0","9.32","1.78","1.78","1.78","0.0000","0","0","0","0 ","0  ","0  ","      ","2023-12-19"
"AV10 ","880       ","AV 10 - 880                             ","0","9.36","1.79","1.79","1.79","0.0000","0","0","0","0 ","0  ","0  ","      ","2023-12-19"
"AV10 ","890       ","AV 10 - 890                             ","0","9.42","1.81","1.81","1.81","0.0000","0","0","0","0 ","0  ","0  ","      ","2023-12-19"
"AV10 ","900       ","AV 10 - 900                             ","0","9.66","1.83","1.83","1.83","0.0000","0","0","0","0 ","0  ","0  ","      ","2023-12-19"
"AV10 ","905       ","AV 10 - 905                             ","0","9.71","1.84","1.84","1.84","0.0000","0","0","0","0 ","0  ","0  ","      ","2023-12-19"
"AV10 ","910       ","AV 10 - 910                             ","0","9.71","1.84","1.84","1.84","0.0000","0","0","0","0 ","0  ","0  ","      ","2023-12-19"
"AV10 ","915       ","AV 10 - 915                             ","0","9.78","1.86","1.86","1.86","0.0000","0","0","0","0 ","0  ","0  ","      ","2023-12-19"
"AV10 ","925       ","AV 10 - 925                             ","0","9.81","1.88","1.88","1.88","0.0000","0","0","0","0 ","0  ","0  ","      ","2023-12-19"
"AV10 ","935       ","AV 10 - 935                             ","0","9.82","1.89","1.89","1.89","0.0000","0","0","0","0 ","0  ","0  ","      ","2023-12-19"
"AV10 ","940       ","AV10- 940                               ","0","9.99","5","0.0000","5","0.0000","5","0","5","0 ","0  ","0  ","      ","2023-12-19"
"AV10 ","945       ","AV 10 - 945                             ","0","10.13","1.93","1.93","1.93","0.0000","0","0","0","0 ","0  ","0  ","      ","2023-12-19"
"AV10 ","950       ","AV 10 - 950                             ","0","10.15","1.94","1.94","1.94","0.0000","0","0","0","0 ","0  ","0  ","      ","2023-12-19"
"AV10 ","955       ","AV 10 - 955                             ","0","10.22","1.95","1.95","1.95","0.0000","0","0","0","0 ","0  ","0  ","      ","2023-12-19"
"AV10 ","970       ","AV 10 - 970                             ","0","10.42","1.97","1.97","1.97","0.0000","0","0","0","0 ","0  ","0  ","      ","2023-12-19"
"AV10 ","975       ","AV 10 - 975                             ","0","10.43","1.98","1.98","1.98","0.0000","0","0","0","0 ","0  ","0  ","      ","2023-12-19"
"AV10 ","990       ","AV 10 - 990                             ","0","10.49","2.01","2.01","2.01","0.0000","0","0","0","0 ","0  ","0  ","      ","2023-12-19"
"AV11 ","1010      ","AV 11 -  1010                           ","0","13.92","2.66","0.0000","2.66","0.0000","0","0","0","0 ","0  ","0  ","      ","2023-12-19"
"AV11 ","1025      ","AV 11 -  1025                           ","0","13.92","2.66","0.0000","2.66","0.0000","0","0","0","0 ","0  ","0  ","      ","2023-12-19"
"AV11 ","1040      ","AV 11 -  1040                           ","0","13.92","2.66","0.0000","2.66","0.0000","0","0","0","0 ","0  ","0  ","      ","2023-12-19"
"AV11 ","1065      ","AV 11 -  1065                           ","0","13.92","2.66","0.0000","2.66","0.0000","0","0","0","0 ","0  ","0  ","      ","2023-12-19"
"AV11 ","1095      ","AV 11 -  1095                           ","0","13.92","2.66","0.0000","2.66","0.0000","0","0","0","0 ","0  ","0  ","      ","2023-12-19"
"AV11 ","1110      ","AV 11 -  1110                           ","0","15.18","2.91","0.0000","2.91","0.0000","0","0","0","0 ","0  ","0  ","      ","2023-12-19"
"AV11 ","1125      ","AV11 - 1125                             ","0","15.46","7.73","0.0000","7.73","0.0000","7","0","7","0 ","0  ","0  ","      ","2023-12-19"
"AV11 ","1140      ","AV 11 -  1140                           ","0","15.69","3","0.0000","3","0.0000","0","0","0","0 ","0  ","0  ","      ","2023-12-19"
"AV11 ","1165      ","AV 11 -  1165                           ","0","16","3.06","0.0000","3.06","0.0000","0","0","0","0 ","0  ","0  ","      ","2023-12-19"
"AV11 ","1175      ","AV 11 -  1175                           ","0","16","3.06","0.0000","3.06","0.0000","0","0","0","0 ","0  ","0  ","      ","2023-12-19"
"AV11 ","1190      ","AV 11 -  1190                           ","0","16.58","3.16","0.0000","3.16","0.0000","0","0","0","0 ","0  ","0  ","      ","2023-12-19"
"AV11 ","1195      ","AV 11 -  1195                           ","0","16.58","3.16","0.0000","3.16","0.0000","0","0","0","0 ","0  ","0  ","      ","2023-12-19"
"AV11 ","1205      ","AV 11 -  1205                           ","0","16.58","3.16","0.0000","3.16","0.0000","0","0","0","0 ","0  ","0  ","      ","2023-12-19"
"AV11 ","1270      ","AV 11 -  1270                           ","0","17.27","3.29","0.0000","3.29","0.0000","0","0","0","0 ","0  ","0  ","      ","2023-12-19"
"AV11 ","1320      ","AV 11 -  1320                           ","0","18.6","3.57","0.0000","3.57","0.0000","0","0","0","0 ","0  ","0  ","      ","2023-12-19"
"AV11 ","1370      ","AV 11 -  1370                           ","0","19.18","3.67","0.0000","3.67","0.0000","0","0","0","0 ","0  ","0  ","      ","2023-12-19"
"AV11 ","660       ","AV 11 - 660                             ","0","9.13","1.75","0.0000","1.75","0.0000","0","0","0","0 ","0  ","0  ","      ","2023-12-19"
"AV11 ","685       ","AV 11 -  685                            ","0","9.36","1.79","0.0000","1.79","0.0000","0","0","0","0 ","0  ","0  ","      ","2023-12-19"
"AV11 ","705       ","AV 11 -  705                            ","0","9.71","1.84","0.0000","1.84","0.0000","0","0","0","0 ","0  ","0  ","      ","2023-12-19"
"AV11 ","730       ","AV 11 -  730                            ","0","10.43","1.98","0.0000","1.98","0.0000","0","0","0","0 ","0  ","0  ","      ","2023-12-19"
"AV11 ","745       ","AV 11 -  745                            ","0","10.43","1.98","0.0000","1.98","0.0000","0","0","0","0 ","0  ","0  ","      ","2023-12-19"
"AV11 ","760       ","AV 11 -  760                            ","0","10.43","1.98","0.0000","1.98","0.0000","0","0","0","0 ","0  ","0  ","      ","2023-12-19"
"AV11 ","770       ","AV 11 -  770                            ","0","10.43","1.98","0.0000","1.98","0.0000","0","0","0","0 ","0  ","0  ","      ","2023-12-19"
"AV11 ","785       ","AV 11 -  785                            ","0","10.97","2.09","0.0000","2.09","0.0000","0","0","0","0 ","0  ","0  ","      ","2023-12-19"
"AV11 ","795       ","AV 11 -  795                            ","0","10.97","2.09","0.0000","2.09","0.0000","0","0","0","0 ","0  ","0  ","      ","2023-12-19"
"AV11 ","825       ","AV 11 -  825                            ","0","11.52","2.19","0.0000","2.19","0.0000","0","0","0","0 ","0  ","0  ","      ","2023-12-19"
"AV11 ","845       ","AV 11 -  845                            ","0","11.68","2.25","0.0000","2.25","0.0000","0","0","0","0 ","0  ","0  ","      ","2023-12-19"
"AV11 ","875       ","AV 11 -  875                            ","0","12.35","2.37","0.0000","2.37","0.0000","0","0","0","0 ","0  ","0  ","      ","2023-12-19"
"AV11 ","900       ","AV 11 -  900                            ","0","12.8","2.44","0.0000","2.44","0.0000","0","0","0","0 ","0  ","0  ","      ","2023-12-19"
"AV11 ","915       ","AV 11 -  915                            ","0","12.8","2.44","0.0000","2.44","0.0000","0","0","0","0 ","0  ","0  ","      ","2023-12-19"
"AV11 ","925       ","AV 11 -  925                            ","0","13.01","2.48","0.0000","2.48","0.0000","0","0","0","0 ","0  ","0  ","      ","2023-12-19"
"AV11 ","935       ","AV 11 -  935                            ","0","13.01","2.48","0.0000","2.48","0.0000","0","0","0","0 ","0  ","0  ","      ","2023-12-19"
"AV11 ","970       ","AV 11 -  970                            ","0","13.67","2.61","0.0000","2.61","0.0000","0","0","0","0 ","0  ","0  ","      ","2023-12-19"
"AV13 ","1000      ","AV 13 - 1000                            ","0","13.74","2.62","2.62","2.62","0.0000","0","0","0","0 ","0  ","0  ","      ","2023-12-19"
"AV13 ","1005      ","AV 13 - 1005                            ","0","13.78","2.63","2.63","2.63","0.0000","0","0","0","0 ","0  ","0  ","      ","2023-12-19"
"AV13 ","1010      ","AV 13 - 1010                            ","0","13.79","2.64","2.64","2.64","0.0000","0","0","0","0 ","0  ","0  ","      ","2023-12-19"
"AV13 ","1015      ","AV 13 - 1015                            ","0","13.81","2.65","2.65","2.65","0.0000","0","0","0","0 ","0  ","0  ","      ","2023-12-19"
"AV13 ","1020      ","AV 13 - 1020                            ","0","13.92","2.66","2.66","2.66","0.0000","0","0","0","0 ","0  ","0  ","      ","2023-12-19"
"AV13 ","1025      ","AV13 - 1025                             ","0","13.99","7","0.0000","7","0.0000","7","0","7","0 ","0  ","0  ","      ","2023-12-19"
"AV13 ","1030      ","AV 13 - 1030                            ","0","14.09","2.69","2.69","2.69","0.0000","0","0","0","0 ","0  ","0  ","      ","2023-12-19"
"AV13 ","1050      ","AV 13 - 1050                            ","0","14.36","2.75","2.75","2.75","0.0000","0","0","0","0 ","0  ","0  ","      ","2023-12-19"
"AV13 ","1060      ","AV 13 - 1060                            ","0","14.52","2.77","2.77","2.77","0.0000","0","0","0","0 ","0  ","0  ","      ","2023-12-19"
"AV13 ","1065      ","AV13 - 1065                             ","0","14.59","7.29","0.0000","7.29","0.0000","7","0","7","0 ","0  ","0  ","      ","2023-12-19"
"AV13 ","1070      ","AV 13 - 1070                            ","0","14.61","2.79","2.79","2.79","0.0000","0","0","0","0 ","0  ","0  ","      ","2023-12-19"
"AV13 ","1075      ","AV 13 - 1075                            ","0","14.77","2.81","2.81","2.81","0.0000","0","0","0","0 ","0  ","0  ","      ","2023-12-19"
"AV13 ","1090      ","AV 13 - 1090                            ","0","14.95","2.85","2.85","2.85","0.0000","0","0","0","0 ","0  ","0  ","      ","2023-12-19"
"AV13 ","1100      ","AV13 - 1100                             ","0","14.99","2.87","2.87","2.87","0.0000","0","0","0","0 ","0  ","0  ","      ","2023-12-19"
"AV13 ","1110      ","AV 13 - 1110                            ","0","15.17","2.9","2.9","2.9","0.0000","0","0","0","0 ","0  ","0  ","      ","2023-12-19"
"AV13 ","1120      ","AV 13 - 1120                            ","0","15.32","2.92","2.92","2.92","0.0000","0","0","0","0 ","0  ","0  ","      ","2023-12-19"
"AV13 ","1125      ","AV 13 - 1125                            ","0","15.36","2.93","2.93","2.93","0.0000","0","0","0","0 ","0  ","0  ","      ","2023-12-19"
"AV13 ","1145      ","AV 13 - 1145                            ","0","15.69","3","3","3","0.0000","0","0","0","0 ","0  ","0  ","      ","2023-12-19"
"AV13 ","1150      ","AV 13 - 1150                            ","0","15.79","3.01","3.01","3.01","0.0000","0","0","0","0 ","0  ","0  ","      ","2023-12-19"
"AV13 ","1165      ","AV13 - 1165                             ","0","15.94","3.04","3.04","3.04","0.0000","0","0","0","0 ","0  ","0  ","      ","2023-12-19"
"AV13 ","1175      ","AV 13 - 1175                            ","0","16.02","3.07","3.07","3.07","0.0000","0","0","0","0 ","0  ","0  ","      ","2023-12-19"
"AV13 ","1190      ","AV 13 - 1190                            ","0","16.11","3.08","3.08","3.08","0.0000","0","0","0","0 ","0  ","0  ","      ","2023-12-19"
"AV13 ","1200      ","AV 13 - 1200                            ","0","16.52","3.14","3.14","3.14","0.0000","0","0","0","0 ","0  ","0  ","      ","2023-12-19"
"AV13 ","1220      ","AV 13 - 1220                            ","0","16.67","3.19","3.19","3.19","0.0000","0","0","0","0 ","0  ","0  ","      ","2023-12-19"
"AV13 ","1225      ","AV 13 - 1225                            ","0","16.69","3.2","3.2","3.2","0.0000","0","0","0","0 ","0  ","0  ","      ","2023-12-19"
"AV13 ","1230      ","AV 13 - 1230                            ","0","16.8","3.21","3.21","3.21","0.0000","0","0","0","0 ","0  ","0  ","      ","2023-12-19"
"AV13 ","1245      ","AV 13 - 1245                            ","0","17.03","3.25","3.25","3.25","0.0000","0","0","0","0 ","0  ","0  ","      ","2023-12-19"
"AV13 ","1250      ","AV 13 - 1250                            ","0","17.12","3.26","3.26","3.26","0.0000","0","0","0","0 ","0  ","0  ","      ","2023-12-19"
"AV13 ","1270      ","AV13 - 1270                             ","0","17.32","8.66","0.0000","8.66","0.0000","8","0","8","0 ","0  ","0  ","      ","2023-12-19"
"AV13 ","1275      ","AV 13 - 1275                            ","0","17.32","3.32","3.32","3.32","0.0000","0","0","0","0 ","0  ","0  ","      ","2023-12-19"
"AV13 ","1280      ","AV 13 - 1280                            ","0","17.5","3.35","3.35","3.35","0.0000","0","0","0","0 ","0  ","0  ","      ","2023-12-19"
"AV13 ","1290      ","AV 13 - 1290                            ","0","17.68","3.37","3.37","3.37","0.0000","0","0","0","0 ","0  ","0  ","      ","2023-12-19"
"AV13 ","1300      ","AV 13 - 1300                            ","0","17.8","3.4","3.4","3.4","0.0000","0","0","0","0 ","0  ","0  ","      ","2023-12-19"
"AV13 ","1310      ","AV 13 - 1310                            ","0","17.81","3.41","3.41","3.41","0.0000","0","0","0","0 ","0  ","0  ","      ","2023-12-19"
"AV13 ","1320      ","AV 11 -  1320                           ","0","18.6","3.57","0.0000","3.57","0.0000","0","0","0","0 ","0  ","0  ","      ","2023-12-19"
"AV13 ","1325      ","AV 13 - 1325                            ","0","18.07","3.46","3.46","3.46","0.0000","0","0","0","0 ","0  ","0  ","      ","2023-12-19"
"AV13 ","1345      ","AV 13 - 1345                            ","0","18.41","3.52","3.52","3.52","0.0000","0","0","0","0 ","0  ","0  ","      ","2023-12-19"
"AV13 ","1350      ","AV 13 - 1350                            ","0","18.45","3.53","3.53","3.53","0.0000","0","0","0","0 ","0  ","0  ","      ","2023-12-19"
"AV13 ","1360      ","AV 13 - 1360                            ","0","18.55","3.55","3.55","3.55","0.0000","0","0","0","0 ","0  ","0  ","      ","2023-12-19"
"AV13 ","1370      ","AV 13 - 1370                            ","0","18.6","3.57","3.57","3.57","0.0000","0","0","0","0 ","0  ","0  ","      ","2023-12-19"
"AV13 ","1375      ","AV 13 - 1375                            ","0","18.91","3.6","3.6","3.6","0.0000","0","0","0","0 ","0  ","0  ","      ","2023-12-19"
"AV13 ","1380      ","AV 13 - 1380                            ","0","18.98","3.61","3.61","3.61","0.0000","0","0","0","0 ","0  ","0  ","      ","2023-12-19"
"AV13 ","1385      ","AV13 - 1385                             ","0","18.99","3.62","3.62","3.62","0.0000","0","0","0","0 ","0  ","0  ","      ","2023-12-19"
"AV13 ","1400      ","AV 13 - 1400                            ","0","19.16","3.66","3.66","3.66","0.0000","0","0","0","0 ","0  ","0  ","      ","2023-12-19"
"AV13 ","1425      ","AV 13 - 1425                            ","0","19.51","3.72","3.72","3.72","0.0000","0","0","0","0 ","0  ","0  ","      ","2023-12-19"
"AV13 ","1430      ","AV 13 - 1430                            ","0","19.69","3.75","3.75","3.75","0.0000","0","0","0","0 ","0  ","0  ","      ","2023-12-19"
"AV13 ","1445      ","AV 13 - 1445                            ","0","19.81","3.78","3.78","3.78","0.0000","0","0","0","0 ","0  ","0  ","      ","2023-12-19"
"AV13 ","1450      ","AV 13 - 1450                            ","0","19.82","3.79","3.79","3.79","0.0000","0","0","0","0 ","0  ","0  ","      ","2023-12-19"
"AV13 ","1460      ","AV 13 - 1460                            ","0","19.92","3.81","3.81","3.81","0.0000","0","0","0","0 ","0  ","0  ","      ","2023-12-19"
"AV13 ","1470      ","AV 13 - 1470                            ","0","20.08","3.84","3.84","3.84","0.0000","0","0","0","0 ","0  ","0  ","      ","2023-12-19"
"AV13 ","1475      ","AV 13 - 1475                            ","0","20.28","3.86","3.86","3.86","0.0000","0","0","0","0 ","0  ","0  ","      ","2023-12-19"
"AV13 ","1485      ","AV 13 - 1485                            ","0","20.32","3.88","3.88","3.88","0.0000","0","0","0","0 ","0  ","0  ","      ","2023-12-19"
"AV13 ","1490      ","AV 13 - 1490                            ","0","20.33","3.89","3.89","3.89","0.0000","0","0","0","0 ","0  ","0  ","      ","2023-12-19"
"AV13 ","1495      ","AV 13 - 1495                            ","0","20.41","3.91","3.91","3.91","0.0000","0","0","0","0 ","0  ","0  ","      ","2023-12-19"
"AV13 ","1500      ","AV 13 - 1500                            ","0","20.57","3.92","3.92","3.92","0.0000","0","0","0","0 ","0  ","0  ","      ","2023-12-19"
"AV13 ","1525      ","AV 13 - 1525                            ","0","20.87","3.99","3.99","3.99","0.0000","0","0","0","0 ","0  ","0  ","      ","2023-12-19"
"AV13 ","1550      ","AV 13 - 1550                            ","0","21.1","4.04","4.04","4.04","0.0000","0","0","0","0 ","0  ","0  ","      ","2023-12-19"
"AV13 ","1575      ","AV 13 - 1575                            ","0","21.53","4.12","4.12","4.12","0.0000","0","0","0","0 ","0  ","0  ","      ","2023-12-19"
"AV13 ","1590      ","AV 13 - 1590                            ","0","21.77","4.15","4.15","4.15","0.0000","0","0","0","0 ","0  ","0  ","      ","2023-12-19"
"AV13 ","1595      ","AV13 - 1595                             ","0","21.8","10.9","0.0000","10.9","0.0000","10","0","10","0 ","0  ","0  ","      ","2023-12-19"
"AV13 ","1600      ","AV 13 - 1600                            ","0","21.82","4.17","4.17","4.17","0.0000","0","0","0","0 ","0  ","0  ","      ","2023-12-19"
"AV13 ","1620      ","AV 13 - 1620                            ","0","22.17","4.24","4.24","4.24","0.0000","0","0","0","0 ","0  ","0  ","      ","2023-12-19"
"AV13 ","1650      ","AV 13 - 1650                            ","0","22.58","4.31","4.31","4.31","0.0000","0","0","0","0 ","0  ","0  ","      ","2023-12-19"
"AV13 ","1660      ","AV 13 - 1660                            ","0","22.69","4.33","4.33","4.33","0.0000","0","0","0","0 ","0  ","0  ","      ","2023-12-19"
"AV13 ","1675      ","AV13 - 1675                             ","0","23.01","11.5","0.0000","11.5","0.0000","11","0","11","0 ","0  ","0  ","      ","2023-12-19"
"AV13 ","1700      ","AV 13 - 1700                            ","0","23.28","4.44","4.44","4.44","0.0000","0","0","0","0 ","0  ","0  ","      ","2023-12-19"
"AV13 ","1725      ","AV13 - 1725                             ","0","23.45","11.73","0.0000","11.73","0.0000","11","0","11","0 ","0  ","0  ","      ","2023-12-19"
"AV13 ","1730      ","AV 13 - 1730                            ","0","23.65","4.52","4.52","4.52","0.0000","0","0","0","0 ","0  ","0  ","      ","2023-12-19"
"AV13 ","1745      ","AV13 -1745                              ","0","23.84","11.92","0.0000","11.92","0.0000","11","0","11","0 ","0  ","0  ","      ","2023-12-19"
"AV13 ","1750      ","AV 13 - 1750                            ","0","23.84","4.56","4.56","4.56","0.0000","0","0","0","0 ","0  ","0  ","      ","2023-12-19"
"AV13 ","1780      ","AV13 - 1780                             ","0","24.3","4.65","4.65","4.65","0.0000","0","0","0","0 ","0  ","0  ","      ","2023-12-19"
"AV13 ","1800      ","AV 13 - 1800                            ","0","24.59","4.7","4.7","4.7","0.0000","0","0","0","0 ","0  ","0  ","      ","2023-12-19"
"AV13 ","1825      ","AV 13 - 1825                            ","0","24.96","4.77","4.77","4.77","0.0000","0","0","0","0 ","0  ","0  ","      ","2023-12-19"
"AV13 ","1850      ","AV 13 - 1850                            ","0","25.31","4.84","4.84","4.84","0.0000","0","0","0","0 ","0  ","0  ","      ","2023-12-19"
"AV13 ","1875      ","AV 13 - 1875                            ","0","25.71","4.9","4.9","4.9","0.0000","0","0","0","0 ","0  ","0  ","      ","2023-12-19"
"AV13 ","1900      ","AV 13 - 1900                            ","0","25.93","4.95","4.95","4.95","0.0000","0","0","0","0 ","0  ","0  ","      ","2023-12-19"
"AV13 ","1950      ","AV 13 - 1950                            ","0","26.65","5.09","5.09","5.09","0.0000","0","0","0","0 ","0  ","0  ","      ","2023-12-19"
"AV13 ","2010      ","AV 13 - 2010                            ","0","27.5","5.25","5.25","5.25","0.0000","0","0","0","0 ","0  ","0  ","      ","2023-12-19"
"AV13 ","2017      ","AV 13 - 2017                            ","0","27.6","5.26","5.26","5.26","0.0000","0","0","0","0 ","0  ","0  ","      ","2023-12-19"
"AV13 ","2080      ","AV 13 - 2080                            ","0","28.49","5.44","5.44","5.44","0.0000","0","0","0","0 ","0  ","0  ","      ","2023-12-19"
"AV13 ","660       ","AV 13 - 660                             ","0","10.46","1.99","1.99","1.99","0.0000","0","0","0","0 ","0  ","0  ","      ","2023-12-19"
"AV13 ","700       ","AV 13 - 700                             ","0","10.46","1.99","1.99","1.99","0.0000","0","0","0","0 ","0  ","0  ","      ","2023-12-19"
"AV13 ","710       ","AV13 - 710                              ","0","10.46","5.23","0.0000","5.23","0.0000","5","0","5","0 ","0  ","0  ","      ","2023-12-19"
"AV13 ","725       ","AV 13 - 725                             ","0","10.46","1.99","1.99","1.99","0.0000","0","0","0","0 ","0  ","0  ","      ","2023-12-19"
"AV13 ","750       ","AV 13 - 750                             ","0","10.46","1.99","1.99","1.99","0.0000","0","0","0","0 ","0  ","0  ","      ","2023-12-19"
"AV13 ","775       ","AV13 - 775                              ","0","10.5","5.26","0.0000","5.26","0.0000","5","0","5","0 ","0  ","0  ","      ","2023-12-19"
"AV13 ","780       ","AV 13 - 780                             ","0","10.5","2.02","2.02","2.02","0.0000","0","0","0","0 ","0  ","0  ","      ","2023-12-19"
"AV13 ","800       ","AV 13 - 800                             ","0","10.82","2.07","2.07","2.07","0.0000","0","0","0","0 ","0  ","0  ","      ","2023-12-19"
"AV13 ","805       ","AV 13 - 805                             ","0","11.09","2.11","2.11","2.11","0.0000","0","0","0","0 ","0  ","0  ","      ","2023-12-19"
"AV13 ","825       ","AV 13 - 825                             ","0","11.3","2.16","2.16","2.16","0.0000","0","0","0","0 ","0  ","0  ","      ","2023-12-19"
"AV13 ","840       ","AV 13 - 840                             ","0","11.52","2.19","2.19","2.19","0.0000","0","0","0","0 ","0  ","0  ","      ","2023-12-19"
"AV13 ","850       ","AV 13 - 850                             ","0","11.61","2.21","2.21","2.21","0.0000","0","0","0","0 ","0  ","0  ","      ","2023-12-19"
"AV13 ","870       ","AV 13 - 870                             ","0","11.94","2.28","2.28","2.28","0.0000","0","0","0","0 ","0  ","0  ","      ","2023-12-19"
"AV13 ","875       ","AV13 - 875                              ","0","11.97","2.29","2.29","2.29","0.0000","0","0","0","0 ","0  ","0  ","      ","2023-12-19"
"AV13 ","879       ","AV 13 - 879                             ","0","12.09","2.3","2.3","2.3","0.0000","0","0","0","0 ","0  ","0  ","      ","2023-12-19"
"AV13 ","880       ","AV 13 - 880                             ","0","12.09","2.3","2.3","2.3","0.0000","0","0","0","0 ","0  ","0  ","      ","2023-12-19"
"AV13 ","890       ","AV 13 - 890                             ","0","12.18","2.32","2.32","2.32","0.0000","0","0","0","0 ","0  ","0  ","      ","2023-12-19"
"AV13 ","900       ","AV 13 - 900                             ","0","12.31","2.35","2.35","2.35","0.0000","0","0","0","0 ","0  ","0  ","      ","2023-12-19"
"AV13 ","910       ","AV 13 - 910                             ","0","12.42","2.38","2.38","2.38","0.0000","0","0","0","0 ","0  ","0  ","      ","2023-12-19"
"AV13 ","925       ","AV 13 - 925                             ","0","12.74","2.42","2.42","2.42","0.0000","0","0","0","0 ","0  ","0  ","      ","2023-12-19"
"AV13 ","940       ","AV 13 - 940                             ","0","12.82","2.45","2.45","2.45","0.0000","0","0","0","0 ","0  ","0  ","      ","2023-12-19"
"AV13 ","945       ","AV 13 - 945                             ","0","12.94","2.47","2.47","2.47","0.0000","0","0","0","0 ","0  ","0  ","      ","2023-12-19"
"AV13 ","950       ","AV 13 - 950                             ","0","13.01","2.48","2.48","2.48","0.0000","0","0","0","0 ","0  ","0  ","      ","2023-12-19"
"AV13 ","960       ","AV13 - 960                              ","0","13.16","6.58","0.0000","6.58","0.0000","6","0","6","0 ","0  ","0  ","      ","2023-12-19"
"AV13 ","970       ","AV 13 - 970                             ","0","13.3","2.54","2.54","2.54","0.0000","0","0","0","0 ","0  ","0  ","      ","2023-12-19"
"AV13 ","975       ","AV 13 - 975                             ","0","13.44","2.55","2.55","2.55","0.0000","0","0","0","0 ","0  ","0  ","      ","2023-12-19"
"AV13 ","995       ","AV 13 - 995                             ","0","13.62","2.6","2.6","2.6","0.0000","0","0","0","0 ","0  ","0  ","      ","2023-12-19"
"AV17 ","1295      ","AV17 - 1295                             ","0","25.76","15.46","0.0000","15.46","0.0000","0","0","0","0 ","0  ","0  ","      ","2023-12-19"
"AV17 ","1320      ","AV17 - 1320                             ","0","26.38","15.83","0.0000","15.83","0.0000","0","0","0","0 ","0  ","0  ","      ","2023-12-19"
"AV17 ","1700      ","AV17 - 1700                             ","0","33.86","20.33","0.0000","20.33","0.0000","0","0","0","0 ","0  ","0  ","      ","2023-12-19"
"B    ","100       ","B    100                                ","0","30.67","7.39","15.65","15.65","0.0000","0","0","0","  ","   ","   ","      ","2023-12-19"
"B    ","101       ","B    101                                ","0","30.88","7.46","15.8","15.8","0.0000","0","0","0","  ","   ","   ","      ","2023-12-19"
"B    ","102       ","B    102                                ","0","31.17","7.54","15.97","15.97","0.0000","0","0","0","  ","   ","   ","      ","2023-12-19"
"B    ","103       ","B    103                                ","0","31.35","7.56","16.02","16.02","0.0000","0","0","0","  ","   ","   ","      ","2023-12-19"
"B    ","104       ","B    104                                ","0","31.85","7.69","16.27","16.27","0.0000","0","0","0","  ","   ","   ","      ","2023-12-19"
"B    ","105       ","B    105                                ","0","32.18","7.76","16.43","16.43","0.0000","0","0","0","  ","   ","   ","      ","2023-12-19"
"B    ","106       ","B    106                                ","0","32.41","7.83","16.59","16.59","0.0000","0","0","0","  ","   ","   ","      ","2023-12-19"
"B    ","107       ","B    107                                ","0","32.77","7.91","16.76","16.76","0.0000","0","0","0","  ","   ","   ","      ","2023-12-19"
"B    ","108       ","B    108                                ","0","33.02","7.98","16.91","16.91","0.0000","0","0","0","  ","   ","   ","      ","2023-12-19"
"B    ","109       ","B    109                                ","0","33.35","8.05","17.07","17.07","0.0000","0","0","0","  ","   ","   ","      ","2023-12-19"
"B    ","110       ","B    110                                ","0","33.65","8.12","17.21","17.21","0.0000","0","0","0","  ","   ","   ","      ","2023-12-19"
"B    ","111       ","B    111                                ","0","33.96","8.19","17.37","17.37","0.0000","0","0","0","  ","   ","   ","      ","2023-12-19"
"B    ","112       ","B    112                                ","0","34.36","8.28","17.53","17.53","0.0000","0","0","0","  ","   ","   ","      ","2023-12-19"
"B    ","113       ","B    113                                ","0","34.5","8.34","17.68","17.68","0.0000","0","0","0","  ","   ","   ","      ","2023-12-19"
"B    ","114       ","B    114                                ","0","34.85","8.42","17.84","17.84","0.0000","0","0","0","  ","   ","   ","      ","2023-12-19"
"B    ","115       ","B    115                                ","0","35.18","8.49","17.99","17.99","0.0000","0","0","0","  ","   ","   ","      ","2023-12-19"
"B    ","116       ","B    116                                ","0","35.54","8.58","18.17","18.17","0.0000","0","0","0","  ","   ","   ","      ","2023-12-19"
"B    ","117       ","B    117                                ","0","35.83","8.64","18.32","18.32","0.0000","0","0","0","  ","   ","   ","      ","2023-12-19"
"B    ","118       ","B    118                                ","0","36.15","8.72","18.48","18.48","0.0000","0","0","0","  ","   ","   ","      ","2023-12-19"
"B    ","119       ","B    119                                ","0","36.41","8.79","18.62","18.62","0.0000","0","0","0","  ","   ","   ","      ","2023-12-19"
"B    ","120       ","B    120                                ","0","36.7","8.86","18.77","18.77","0.0000","0","0","0","  ","   ","   ","      ","2023-12-19"
"B    ","121       ","B    121                                ","0","37.05","8.95","18.94","18.94","0.0000","0","0","0","  ","   ","   ","      ","2023-12-19"
"B    ","122       ","B    122                                ","0","37.33","9.01","19.09","19.09","0.0000","0","0","0","  ","   ","   ","      ","2023-12-19"
"B    ","123       ","B    123                                ","0","37.67","9.09","19.26","19.26","0.0000","0","0","0","  ","   ","   ","      ","2023-12-19"
"B    ","124       ","B    124                                ","0","37.91","9.15","19.4","19.4","0.0000","0","0","0","  ","   ","   ","      ","2023-12-19"
"B    ","125       ","B    125                                ","0","38.29","9.24","19.58","19.58","0.0000","0","0","0","  ","   ","   ","      ","2023-12-19"
"B    ","126       ","B    126                                ","0","38.58","9.31","19.73","19.73","0.0000","0","0","0","  ","   ","   ","      ","2023-12-19"
"B    ","127       ","B    127                                ","0","38.92","9.39","19.88","19.88","0.0000","0","0","0","  ","   ","   ","      ","2023-12-19"
"B    ","128       ","B    128                                ","0","39.19","9.46","20.03","20.03","0.0000","0","0","0","  ","   ","   ","      ","2023-12-19"
"B    ","129       ","B    129                                ","0","39.47","9.53","20.19","20.19","0.0000","0","0","0","  ","   ","   ","      ","2023-12-19"
"B    ","130       ","B    130                                ","0","39.76","9.6","20.34","20.34","0.0000","0","0","0","  ","   ","   ","      ","2023-12-19"
"B    ","131       ","B    131                                ","0","40.1","9.67","20.49","20.49","0.0000","0","0","0","  ","   ","   ","      ","2023-12-19"
"B    ","132       ","B    132                                ","0","40.44","9.75","20.66","20.66","0.0000","0","0","0","  ","   ","   ","      ","2023-12-19"
"B    ","133       ","B    133                                ","0","40.71","9.83","20.82","20.82","0.0000","0","0","0","  ","   ","   ","      ","2023-12-19"
"B    ","134       ","B    134                                ","0","41","9.9","20.98","20.98","0.0000","0","0","0","  ","   ","   ","      ","2023-12-19"
"B    ","135       ","B    135                                ","0","41.36","9.98","21.14","21.14","0.0000","0","0","0","  ","   ","   ","      ","2023-12-19"
"B    ","136       ","B    136                                ","0","41.62","10.05","21.3","21.3","0.0000","0","0","0","  ","   ","   ","      ","2023-12-19"
"B    ","137       ","B    137                                ","0","41.95","10.12","21.44","21.44","0.0000","0","0","0","  ","   ","   ","      ","2023-12-19"
"B    ","138       ","B    138                                ","0","42.26","10.19","21.59","21.59","0.0000","0","0","0","  ","   ","   ","      ","2023-12-19"
"B    ","139       ","B    139                                ","0","42.64","10.28","21.76","21.76","0.0000","0","0","0","  ","   ","   ","      ","2023-12-19"
"B    ","140       ","B    140                                ","0","42.96","10.36","21.93","21.93","0.0000","0","0","0","  ","   ","   ","      ","2023-12-19"
"B    ","141       ","B    141                                ","0","43.15","10.42","22.07","22.07","0.0000","0","0","0","  ","   ","   ","      ","2023-12-19"
"B    ","142       ","B    142                                ","0","43.46","10.49","22.23","22.23","0.0000","0","0","0","  ","   ","   ","      ","2023-12-19"
"B    ","143       ","B    143                                ","0","43.78","10.57","22.39","22.39","0.0000","0","0","0","  ","   ","   ","      ","2023-12-19"
"B    ","144       ","B    144                                ","0","44.09","10.64","22.55","22.55","0.0000","0","0","0","  ","   ","   ","      ","2023-12-19"
"B    ","145       ","B    145                                ","0","44.36","10.71","22.69","22.69","0.0000","0","0","0","  ","   ","   ","      ","2023-12-19"
"B    ","146       ","B    146                                ","0","44.7","10.79","22.85","22.85","0.0000","0","0","0","  ","   ","   ","      ","2023-12-19"
"B    ","147       ","B    147                                ","0","44.99","10.86","23","23","0.0000","0","0","0","  ","   ","   ","      ","2023-12-19"
"B    ","148       ","B    148                                ","0","45.27","10.93","23.16","23.16","0.0000","0","0","0","  ","   ","   ","      ","2023-12-19"
"B    ","149       ","B    149                                ","0","45.65","11.01","23.32","23.32","0.0000","0","0","0","  ","   ","   ","      ","2023-12-19"
"B    ","150       ","B    150                                ","0","45.93","11.07","23.46","23.46","0.0000","0","0","0","  ","   ","   ","      ","2023-12-19"
"B    ","151       ","B    151                                ","0","46.27","11.16","23.64","23.64","0.0000","0","0","0","  ","   ","   ","      ","2023-12-19"
"B    ","152       ","B    152                                ","0","46.51","11.23","23.8","23.8","0.0000","0","0","0","  ","   ","   ","      ","2023-12-19"
"B    ","153       ","B    153                                ","0","46.85","11.31","23.96","23.96","0.0000","0","0","0","  ","   ","   ","      ","2023-12-19"
"B    ","154       ","B    154                                ","0","47.19","11.39","24.12","24.12","0.0000","0","0","0","  ","   ","   ","      ","2023-12-19"
"B    ","155       ","B    155                                ","0","47.48","11.46","24.27","24.27","0.0000","0","0","0","  ","   ","   ","      ","2023-12-19"
"B    ","156       ","B    156                                ","0","47.78","11.53","24.43","24.43","0.0000","0","0","0","  ","   ","   ","      ","2023-12-19"
"B    ","157       ","B    157                                ","0","48.09","11.6","24.57","24.57","0.0000","0","0","0","  ","   ","   ","      ","2023-12-19"
"B    ","158       ","B    158                                ","0","48.34","11.67","24.73","24.73","0.0000","0","0","0","  ","   ","   ","      ","2023-12-19"
"B    ","159       ","B    159                                ","0","48.67","11.75","24.9","24.9","0.0000","0","0","0","  ","   ","   ","      ","2023-12-19"
"B    ","160       ","B    160                                ","0","48.96","11.82","25.05","25.05","0.0000","0","0","0","  ","   ","   ","      ","2023-12-19"
"B    ","161       ","B    161                                ","0","49.27","11.89","25.2","25.2","0.0000","0","0","0","  ","   ","   ","      ","2023-12-19"
"B    ","162       ","B    162                                ","0","49.62","11.97","25.36","25.36","0.0000","0","0","0","  ","   ","   ","      ","2023-12-19"
"B    ","163       ","B    163                                ","0","49.87","12.04","25.52","25.52","0.0000","0","0","0","  ","   ","   ","      ","2023-12-19"
"B    ","164       ","B    164                                ","0","50.18","12.11","25.66","25.66","0.0000","0","0","0","  ","   ","   ","      ","2023-12-19"
"B    ","165       ","B    165                                ","0","50.49","12.19","25.82","25.82","0.0000","0","0","0","  ","   ","   ","      ","2023-12-19"
"B    ","166       ","B    166                                ","0","50.81","12.26","25.98","25.98","0.0000","0","0","0","  ","   ","   ","      ","2023-12-19"
"B    ","167       ","B    167                                ","0","51.12","12.34","26.13","26.13","0.0000","0","0","0","  ","   ","   ","      ","2023-12-19"
"B    ","168       ","B    168                                ","0","51.37","12.41","26.29","26.29","0.0000","0","0","0","  ","   ","   ","      ","2023-12-19"
"B    ","169       ","B    169                                ","0","51.77","12.49","26.45","26.45","0.0000","0","0","0","  ","   ","   ","      ","2023-12-19"
"B    ","170       ","B    170                                ","0","52.09","12.57","26.63","26.63","0.0000","0","0","0","  ","   ","   ","      ","2023-12-19"
"B    ","171       ","B    171                                ","0","52.37","12.64","26.78","26.78","0.0000","0","0","0","  ","   ","   ","      ","2023-12-19"
"B    ","172       ","B    172                                ","0","52.66","12.71","26.93","26.93","0.0000","0","0","0","  ","   ","   ","      ","2023-12-19"
"B    ","173       ","B    173                                ","0","52.98","12.78","27.08","27.08","0.0000","0","0","0","  ","   ","   ","      ","2023-12-19"
"B    ","174       ","B    174                                ","0","53.29","12.85","27.24","27.24","0.0000","0","0","0","  ","   ","   ","      ","2023-12-19"
"B    ","175       ","B    175                                ","0","53.57","12.93","27.4","27.4","0.0000","0","0","0","  ","   ","   ","      ","2023-12-19"
"B    ","176       ","B    176                                ","0","53.9","13","27.55","27.55","0.0000","0","0","0","  ","   ","   ","      ","2023-12-19"
"B    ","177       ","B    177                                ","0","54.18","13.07","27.7","27.7","0.0000","0","0","0","  ","   ","   ","      ","2023-12-19"
"B    ","178       ","B    178                                ","0","54.5","13.15","27.86","27.86","0.0000","0","0","0","  ","   ","   ","      ","2023-12-19"
"B    ","179       ","B    179                                ","0","54.78","13.22","28.02","28.02","0.0000","0","0","0","  ","   ","   ","      ","2023-12-19"
"B    ","180       ","B    180                                ","0","55.12","13.31","28.19","28.19","0.0000","0","0","0","  ","   ","   ","      ","2023-12-19"
"B    ","181       ","B    181                                ","0","55.41","13.37","28.32","28.32","0.0000","0","0","0","  ","   ","   ","      ","2023-12-19"
"B    ","182       ","B    182                                ","0","55.71","13.45","28.49","28.49","0.0000","0","0","0","  ","   ","   ","      ","2023-12-19"
"B    ","183       ","B    183                                ","0","56.01","13.52","28.64","28.64","0.0000","0","0","0","  ","   ","   ","      ","2023-12-19"
"B    ","184       ","B    184                                ","0","56.31","13.59","28.79","28.79","0.0000","0","0","0","  ","   ","   ","      ","2023-12-19"
"B    ","185       ","B    185                                ","0","56.65","13.67","28.95","28.95","0.0000","0","0","0","  ","   ","   ","      ","2023-12-19"
"B    ","186       ","B    186                                ","0","56.94","13.74","29.11","29.11","0.0000","0","0","0","  ","   ","   ","      ","2023-12-19"
"B    ","187       ","B    187                                ","0","57.26","13.82","29.29","29.29","0.0000","0","0","0","  ","   ","   ","      ","2023-12-19"
"B    ","188       ","B    188                                ","0","57.54","13.89","29.42","29.42","0.0000","0","0","0","  ","   ","   ","      ","2023-12-19"
"B    ","189       ","B    189                                ","0","57.92","13.97","29.6","29.6","0.0000","0","0","0","  ","   ","   ","      ","2023-12-19"
"B    ","190       ","B    190                                ","0","58.1","14.04","29.75","29.75","0.0000","0","0","0","  ","   ","   ","      ","2023-12-19"
"B    ","191       ","B    191                                ","0","58.47","14.11","29.9","29.9","0.0000","0","0","0","  ","   ","   ","      ","2023-12-19"
"B    ","192       ","B    192                                ","0","58.79","14.19","30.05","30.05","0.0000","0","0","0","  ","   ","   ","      ","2023-12-19"
"B    ","193       ","B    193                                ","0","59.09","14.26","30.22","30.22","0.0000","0","0","0","  ","   ","   ","      ","2023-12-19"
"B    ","194       ","B    194                                ","0","59.42","14.34","30.37","30.37","0.0000","0","0","0","  ","   ","   ","      ","2023-12-19"
"B    ","195       ","B    195                                ","0","59.69","14.41","30.52","30.52","0.0000","0","0","0","  ","   ","   ","      ","2023-12-19"
"B    ","196       ","B    196                                ","0","59.98","14.48","30.68","30.68","0.0000","0","0","0","  ","   ","   ","      ","2023-12-19"
"B    ","197       ","B    197                                ","0","60.35","14.56","30.84","30.84","0.0000","0","0","0","  ","   ","   ","      ","2023-12-19"
"B    ","198       ","B    198                                ","0","60.61","14.63","30.98","30.98","0.0000","0","0","0","  ","   ","   ","      ","2023-12-19"
"B    ","199       ","B    199                                ","0","60.95","14.7","31.14","31.14","0.0000","0","0","0","  ","   ","   ","      ","2023-12-19"
"B    ","200       ","B    200                                ","0","61.26","14.78","31.3","31.3","0.0000","0","0","0","  ","   ","   ","      ","2023-12-19"
"B    ","201       ","B    201                                ","0","61.58","14.85","31.46","31.46","0.0000","0","0","0","  ","   ","   ","      ","2023-12-19"
"B    ","202       ","B    202                                ","0","61.81","14.92","31.6","31.6","0.0000","0","0","0","  ","   ","   ","      ","2023-12-19"
"B    ","203       ","B    203                                ","0","62.1","14.99","31.76","31.76","0.0000","0","0","0","  ","   ","   ","      ","2023-12-19"
"B    ","204       ","B    204                                ","0","62.44","15.07","31.92","31.92","0.0000","0","0","0","  ","   ","   ","      ","2023-12-19"
"B    ","205       ","B    205                                ","0","62.69","15.13","32.07","32.07","0.0000","0","0","0","  ","   ","   ","      ","2023-12-19"
"B    ","206       ","B    206                                ","0","63.06","15.21","32.22","32.22","0.0000","0","0","0","  ","   ","   ","      ","2023-12-19"
"B    ","207       ","B    207                                ","0","63.33","15.28","32.37","32.37","0.0000","0","0","0","  ","   ","   ","      ","2023-12-19"
"B    ","208       ","B    208                                ","0","63.61","15.35","32.53","32.53","0.0000","0","0","0","  ","   ","   ","      ","2023-12-19"
"B    ","209       ","B    209                                ","0","63.92","15.43","32.7","32.7","0.0000","0","0","0","  ","   ","   ","      ","2023-12-19"
"B    ","210       ","B    210                                ","0","64.27","15.51","32.86","32.86","0.0000","0","0","0","  ","   ","   ","      ","2023-12-19"
"B    ","211       ","B    211                                ","0","64.6","15.58","33.02","33.02","0.0000","0","0","0","  ","   ","   ","      ","2023-12-19"
"B    ","212       ","B    212                                ","0","64.94","15.66","33.18","33.18","0.0000","0","0","0","  ","   ","   ","      ","2023-12-19"
"B    ","213       ","B    213                                ","0","65.25","15.74","33.34","33.34","0.0000","0","0","0","  ","   ","   ","      ","2023-12-19"
"B    ","214       ","B    214                                ","0","65.49","15.8","33.47","33.47","0.0000","0","0","0","  ","   ","   ","      ","2023-12-19"
"B    ","215       ","B    215                                ","0","65.81","15.88","33.63","33.63","0.0000","0","0","0","  ","   ","   ","      ","2023-12-19"
"B    ","216       ","B    216                                ","0","66.15","15.96","33.8","33.8","0.0000","0","0","0","  ","   ","   ","      ","2023-12-19"
"B    ","217       ","B    217                                ","0","66.41","16.03","33.95","33.95","0.0000","0","0","0","  ","   ","   ","      ","2023-12-19"
"B    ","218       ","B    218                                ","0","66.69","16.1","34.1","34.1","0.0000","0","0","0","  ","   ","   ","      ","2023-12-19"
"B    ","219       ","B    219                                ","0","67.02","16.18","34.27","34.27","0.0000","0","0","0","  ","   ","   ","      ","2023-12-19"
"B    ","220       ","B    220                                ","0","67.4","16.26","34.43","34.43","0.0000","0","0","0","  ","   ","   ","      ","2023-12-19"
"B    ","221       ","B    221                                ","0","67.57","16.31","34.57","34.57","0.0000","0","0","0","  ","   ","   ","      ","2023-12-19"
"B    ","222       ","B    222                                ","0","67.92","16.39","34.73","34.73","0.0000","0","0","0","  ","   ","   ","      ","2023-12-19"
"B    ","223       ","B    223                                ","0","68.26","16.47","34.9","34.9","0.0000","0","0","0","  ","   ","   ","      ","2023-12-19"
"B    ","224       ","B    224                                ","0","68.48","16.53","35.03","35.03","0.0000","0","0","0","  ","   ","   ","      ","2023-12-19"
"B    ","225       ","B    225                                ","0","68.83","16.61","35.2","35.2","0.0000","0","0","0","  ","   ","   ","      ","2023-12-19"
"B    ","226       ","B    226                                ","0","69.17","16.69","35.35","35.35","0.0000","0","0","0","  ","   ","   ","      ","2023-12-19"
"B    ","227       ","B    227                                ","0","69.5","16.77","35.52","35.52","0.0000","0","0","0","  ","   ","   ","      ","2023-12-19"
"B    ","228       ","B    228                                ","0","69.84","16.84","35.67","35.67","0.0000","0","0","0","  ","   ","   ","      ","2023-12-19"
"B    ","229       ","B    229                                ","0","70.05","16.91","35.83","35.83","0.0000","0","0","0","  ","   ","   ","      ","2023-12-19"
"B    ","23        ","B    23                                 ","0","8.2","1.97","4.18","4.18","0.0000","0","0","0","  ","   ","   ","      ","2023-12-19"
"B    ","230       ","B    230                                ","0","70.36","16.99","35.99","35.99","0.0000","0","0","0","  ","   ","   ","      ","2023-12-19"
"B    ","231       ","B    231                                ","0","70.68","17.05","36.14","36.14","0.0000","0","0","0","  ","   ","   ","      ","2023-12-19"
"B    ","232       ","B    232                                ","0","71.01","17.14","36.31","36.31","0.0000","0","0","0","  ","   ","   ","      ","2023-12-19"
"B    ","233       ","B    233                                ","0","71.33","17.2","36.45","36.45","0.0000","0","0","0","  ","   ","   ","      ","2023-12-19"
"B    ","234       ","B    234                                ","0","71.75","17.32","36.71","36.71","0.0000","0","0","0","  ","   ","   ","      ","2023-12-19"
"B    ","235       ","B    235                                ","0","71.98","17.36","36.76","36.76","0.0000","0","0","0","  ","   ","   ","      ","2023-12-19"
"B    ","236       ","B    236                                ","0","72.24","17.43","36.92","36.92","0.0000","0","0","0","  ","   ","   ","      ","2023-12-19"
"B    ","237       ","B    237                                ","0","72.56","17.51","37.09","37.09","0.0000","0","0","0","  ","   ","   ","      ","2023-12-19"
"B    ","238       ","B    238                                ","0","72.86","17.58","37.24","37.24","0.0000","0","0","0","  ","   ","   ","      ","2023-12-19"
"B    ","239       ","B    239                                ","0","73.17","17.65","37.4","37.4","0.0000","0","0","0","  ","   ","   ","      ","2023-12-19"
"B    ","24        ","B    24                                 ","0","8.27","1.99","4.22","4.22","0.0000","0","0","0","  ","   ","   ","      ","2023-12-19"
"B    ","240       ","B    240                                ","0","73.44","17.72","37.55","37.55","0.0000","0","0","0","  ","   ","   ","      ","2023-12-19"
"B    ","241       ","B    241                                ","0","73.77","17.8","37.7","37.7","0.0000","0","0","0","  ","   ","   ","      ","2023-12-19"
"B    ","242       ","B    242                                ","0","74","17.87","37.86","37.86","0.0000","0","0","0","  ","   ","   ","      ","2023-12-19"
"B    ","243       ","B    243                                ","0","74.31","17.94","38.02","38.02","0.0000","0","0","0","  ","   ","   ","      ","2023-12-19"
"B    ","244       ","B    244                                ","0","74.66","18.02","38.18","38.18","0.0000","0","0","0","  ","   ","   ","      ","2023-12-19"
"B    ","245       ","B    245                                ","0","74.99","18.09","38.32","38.32","0.0000","0","0","0","  ","   ","   ","      ","2023-12-19"
"B    ","246       ","B    246                                ","0","75.29","18.17","38.49","38.49","0.0000","0","0","0","  ","   ","   ","      ","2023-12-19"
"B    ","247       ","B    247                                ","0","75.59","18.24","38.65","38.65","0.0000","0","0","0","  ","   ","   ","      ","2023-12-19"
"B    ","248       ","B    248                                ","0","75.95","18.32","38.8","38.8","0.0000","0","0","0","  ","   ","   ","      ","2023-12-19"
"B    ","249       ","B    249                                ","0","76.18","18.39","38.96","38.96","0.0000","0","0","0","  ","   ","   ","      ","2023-12-19"
"B    ","25        ","B    25                                 ","0","8.28","2","4.23","4.23","0.0000","0","0","0","  ","   ","   ","      ","2023-12-19"
"B    ","250       ","B    250                                ","0","76.56","18.46","39.11","39.11","0.0000","0","0","0","  ","   ","   ","      ","2023-12-19"
"B    ","251       ","B    251                                ","0","76.77","18.54","39.27","39.27","0.0000","0","0","0","  ","   ","   ","      ","2023-12-19"
"B    ","252       ","B    252                                ","0","77.09","18.61","39.42","39.42","0.0000","0","0","0","  ","   ","   ","      ","2023-12-19"
"B    ","253       ","B    253                                ","0","77.44","18.68","39.58","39.58","0.0000","0","0","0","  ","   ","   ","      ","2023-12-19"
"B    ","254       ","B    254                                ","0","77.77","18.76","39.74","39.74","0.0000","0","0","0","  ","   ","   ","      ","2023-12-19"
"B    ","255       ","B    255                                ","0","77.95","18.82","39.89","39.89","0.0000","0","0","0","  ","   ","   ","      ","2023-12-19"
"B    ","256       ","B    256                                ","0","78.3","18.91","40.05","40.05","0.0000","0","0","0","  ","   ","   ","      ","2023-12-19"
"B    ","257       ","B    257                                ","0","78.61","18.98","40.22","40.22","0.0000","0","0","0","  ","   ","   ","      ","2023-12-19"
"B    ","258       ","B    258                                ","0","79","19.06","40.38","40.38","0.0000","0","0","0","  ","   ","   ","      ","2023-12-19"
"B    ","259       ","B    259                                ","0","79.28","19.13","40.52","40.52","0.0000","0","0","0","  ","   ","   ","      ","2023-12-19"
"B    ","26        ","B    26                                 ","0","8.28","2","4.24","4.24","0.0000","0","0","0","  ","   ","   ","      ","2023-12-19"
"B    ","260       ","B    260                                ","0","79.61","19.2","40.68","40.68","0.0000","0","0","0","  ","   ","   ","      ","2023-12-19"
"B    ","261       ","B    261                                ","0","79.86","19.27","40.83","40.83","0.0000","0","0","0","  ","   ","   ","      ","2023-12-19"
"B    ","262       ","B    262                                ","0","80.16","19.35","40.99","40.99","0.0000","0","0","0","  ","   ","   ","      ","2023-12-19"
"B    ","263       ","B    263                                ","0","80.46","19.43","41.15","41.15","0.0000","0","0","0","  ","   ","   ","      ","2023-12-19"
"B    ","264       ","B    264                                ","0","80.77","19.5","41.3","41.3","0.0000","0","0","0","  ","   ","   ","      ","2023-12-19"
"B    ","265       ","B    265                                ","0","81.13","19.57","41.46","41.46","0.0000","0","0","0","  ","   ","   ","      ","2023-12-19"
"B    ","266       ","B    266                                ","0","81.45","19.65","41.62","41.62","0.0000","0","0","0","  ","   ","   ","      ","2023-12-19"
"B    ","267       ","B    267                                ","0","81.64","19.71","41.77","41.77","0.0000","0","0","0","  ","   ","   ","      ","2023-12-19"
"B    ","268       ","B    268                                ","0","81.98","19.79","41.92","41.92","0.0000","0","0","0","  ","   ","   ","      ","2023-12-19"
"B    ","269       ","B    269                                ","0","82.33","19.87","42.09","42.09","0.0000","0","0","0","  ","   ","   ","      ","2023-12-19"
"B    ","27        ","B    27                                 ","0","8.37","2.02","4.29","4.29","0.0000","0","0","0","  ","   ","   ","      ","2023-12-19"
"B    ","270       ","B    270                                ","0","82.61","19.94","42.24","42.24","0.0000","0","0","0","  ","   ","   ","      ","2023-12-19"
"B    ","271       ","B    271                                ","0","82.85","20","42.38","42.38","0.0000","0","0","0","  ","   ","   ","      ","2023-12-19"
"B    ","272       ","B    272                                ","0","83.18","20.08","42.55","42.55","0.0000","0","0","0","  ","   ","   ","      ","2023-12-19"
"B    ","273       ","B    273                                ","0","83.58","20.16","42.71","42.71","0.0000","0","0","0","  ","   ","   ","      ","2023-12-19"
"B    ","274       ","B    274                                ","0","83.84","20.24","42.89","42.89","0.0000","0","0","0","  ","   ","   ","      ","2023-12-19"
"B    ","275       ","B    275                                ","0","84.17","20.31","43.03","43.03","0.0000","0","0","0","  ","   ","   ","      ","2023-12-19"
"B    ","276       ","B    276                                ","0","84.45","20.38","43.18","43.18","0.0000","0","0","0","  ","   ","   ","      ","2023-12-19"
"B    ","277       ","B    277                                ","0","84.78","20.46","43.35","43.35","0.0000","0","0","0","  ","   ","   ","      ","2023-12-19"
"B    ","278       ","B    278                                ","0","85.05","20.53","43.49","43.49","0.0000","0","0","0","  ","   ","   ","      ","2023-12-19"
"B    ","279       ","B    279                                ","0","85.35","20.61","43.65","43.65","0.0000","0","0","0","  ","   ","   ","      ","2023-12-19"
"B    ","28        ","B    28                                 ","0","8.38","2.03","4.3","4.3","0.0000","0","0","0","  ","   ","   ","      ","2023-12-19"
"B    ","280       ","B    280                                ","0","85.69","20.68","43.81","43.81","0.0000","0","0","0","  ","   ","   ","      ","2023-12-19"
"B    ","281       ","B    281                                ","0","86.02","20.76","43.97","43.97","0.0000","0","0","0","  ","   ","   ","      ","2023-12-19"
"B    ","282       ","B    282                                ","0","86.29","20.82","44.12","44.12","0.0000","0","0","0","  ","   ","   ","      ","2023-12-19"
"B    ","283       ","B    283                                ","0","86.6","20.9","44.27","44.27","0.0000","0","0","0","  ","   ","   ","      ","2023-12-19"
"B    ","284       ","B    284                                ","0","86.89","20.98","44.45","44.45","0.0000","0","0","0","  ","   ","   ","      ","2023-12-19"
"B    ","285       ","B    285                                ","0","87.17","21.04","44.58","44.58","0.0000","0","0","0","  ","   ","   ","      ","2023-12-19"
"B    ","286       ","B    286                                ","0","87.48","21.12","44.74","44.74","0.0000","0","0","0","  ","   ","   ","      ","2023-12-19"
"B    ","287       ","B    287                                ","0","87.8","21.19","44.89","44.89","0.0000","0","0","0","  ","   ","   ","      ","2023-12-19"
"B    ","288       ","B    288                                ","0","88.1","21.26","45.05","45.05","0.0000","0","0","0","  ","   ","   ","      ","2023-12-19"
"B    ","289       ","B    289                                ","0","88.36","21.34","45.21","45.21","0.0000","0","0","0","  ","   ","   ","      ","2023-12-19"
"B    ","29        ","B    29                                 ","0","8.57","2.06","4.38","4.38","0.0000","0","0","0","  ","   ","   ","      ","2023-12-19"
"B    ","290       ","B    290                                ","0","88.69","21.41","45.36","45.36","0.0000","0","0","0","  ","   ","   ","      ","2023-12-19"
"B    ","291       ","B    291                                ","0","89.03","21.49","45.53","45.53","0.0000","0","0","0","  ","   ","   ","      ","2023-12-19"
"B    ","292       ","B    292                                ","0","89.32","21.55","45.66","45.66","0.0000","0","0","0","  ","   ","   ","      ","2023-12-19"
"B    ","293       ","B    293                                ","0","89.76","21.65","45.86","45.86","0.0000","0","0","0","  ","   ","   ","      ","2023-12-19"
"B    ","294       ","B    294                                ","0","89.9","21.71","46","46","0.0000","0","0","0","  ","   ","   ","      ","2023-12-19"
"B    ","295       ","B    295                                ","0","90.3","21.79","46.15","46.15","0.0000","0","0","0","  ","   ","   ","      ","2023-12-19"
"B    ","296       ","B    296                                ","0","90.59","21.86","46.32","46.32","0.0000","0","0","0","  ","   ","   ","      ","2023-12-19"
"B    ","297       ","B    297                                ","0","90.89","21.93","46.47","46.47","0.0000","0","0","0","  ","   ","   ","      ","2023-12-19"
"B    ","298       ","B    298                                ","0","91.17","22","46.62","46.62","0.0000","0","0","0","  ","   ","   ","      ","2023-12-19"
"B    ","299       ","B    299                                ","0","91.47","22.08","46.78","46.78","0.0000","0","0","0","  ","   ","   ","      ","2023-12-19"
"B    ","30        ","B    30                                 ","0","9.56","2.3","4.88","4.88","0.0000","0","0","0","  ","   ","   ","      ","2023-12-19"
"B    ","300       ","B    300                                ","0","91.83","22.16","46.94","46.94","0.0000","0","0","0","  ","   ","   ","      ","2023-12-19"
"B    ","305       ","B    305                                ","0","93.27","22.52","47.71","47.71","0.0000","0","0","0","  ","   ","   ","      ","2023-12-19"
"B    ","306       ","B    306                                ","0","93.6","22.6","47.87","47.87","0.0000","0","0","0","  ","   ","   ","      ","2023-12-19"
"B    ","307       ","B    307                                ","0","93.94","22.67","48.03","48.03","0.0000","0","0","0","  ","   ","   ","      ","2023-12-19"
"B    ","31        ","B    31                                 ","0","9.62","2.32","4.92","4.92","0.0000","0","0","0","  ","   ","   ","      ","2023-12-19"
"B    ","314       ","B    314                                ","0","96.1","23.19","49.13","49.13","0.0000","0","0","0","  ","   ","   ","      ","2023-12-19"
"B    ","315       ","B    315                                ","0","96.43","23.27","49.28","49.28","0.0000","0","0","0","  ","   ","   ","      ","2023-12-19"
"B    ","32        ","B    32                                 ","0","9.78","2.35","4.99","4.99","0.0000","0","0","0","  ","   ","   ","      ","2023-12-19"
"B    ","329       ","B    329                                ","0","100.65","24.29","51.46","51.46","0.0000","0","0","0","  ","   ","   ","      ","2023-12-19"
"B    ","33        ","B    33                                 ","0","9.89","2.39","5.07","5.07","0.0000","0","0","0","  ","   ","   ","      ","2023-12-19"
"B    ","330       ","B    330                                ","0","101.01","24.37","51.62","51.62","0.0000","0","0","0","  ","   ","   ","      ","2023-12-19"
"B    ","332       ","B    332                                ","0","101.59","24.52","51.94","51.94","0.0000","0","0","0","  ","   ","   ","      ","2023-12-19"
"B    ","333       ","B    333                                ","0","101.9","24.59","52.1","52.1","0.0000","0","0","0","  ","   ","   ","      ","2023-12-19"
"B    ","34        ","B    34                                 ","0","10.03","2.42","5.13","5.13","0.0000","0","0","0","  ","   ","   ","      ","2023-12-19"
"B    ","345       ","B    345                                ","0","105.56","25.48","53.99","53.99","0.0000","0","0","0","  ","   ","   ","      ","2023-12-19"
"B    ","35        ","B    35                                 ","0","10.39","2.49","5.27","5.27","0.0000","0","0","0","  ","   ","   ","      ","2023-12-19"
"B    ","36        ","B    36                                 ","0","10.6","2.56","5.42","5.42","0.0000","0","0","0","  ","   ","   ","      ","2023-12-19"
"B    ","37        ","B    37                                 ","0","10.97","2.64","5.59","5.59","0.0000","0","0","0","  ","   ","   ","      ","2023-12-19"
"B    ","38        ","B    38                                 ","0","11.16","2.7","5.72","5.72","0.0000","0","0","0","  ","   ","   ","      ","2023-12-19"
"B    ","39        ","B    39                                 ","0","11.49","2.77","5.87","5.87","0.0000","0","0","0","  ","   ","   ","      ","2023-12-19"
"B    ","40        ","B    40                                 ","0","11.89","2.85","6.04","6.04","0.0000","0","0","0","  ","   ","   ","      ","2023-12-19"
"B    ","41        ","B    41                                 ","0","12.07","2.91","6.17","6.17","0.0000","0","0","0","  ","   ","   ","      ","2023-12-19"
"B    ","42        ","B    42                                 ","0","12.38","2.99","6.33","6.33","0.0000","0","0","0","  ","   ","   ","      ","2023-12-19"
"B    ","43        ","B    43                                 ","0","12.68","3.06","6.48","6.48","0.0000","0","0","0","  ","   ","   ","      ","2023-12-19"
"B    ","44        ","B    44                                 ","0","12.96","3.13","6.63","6.63","0.0000","0","0","0","  ","   ","   ","      ","2023-12-19"
"B    ","45        ","B    45                                 ","0","13.3","3.2","6.77","6.77","0.0000","0","0","0","  ","   ","   ","      ","2023-12-19"
"B    ","46        ","B    46                                 ","0","13.61","3.28","6.93","6.93","0.0000","0","0","0","  ","   ","   ","      ","2023-12-19"
"B    ","47        ","B    47                                 ","0","13.81","3.34","7.07","7.07","0.0000","0","0","0","  ","   ","   ","      ","2023-12-19"
"B    ","48        ","B    48                                 ","0","14.19","3.43","7.25","7.25","0.0000","0","0","0","  ","   ","   ","      ","2023-12-19"
"B    ","49        ","B    49                                 ","0","14.48","3.49","7.38","7.38","0.0000","0","0","0","  ","   ","   ","      ","2023-12-19"
"B    ","50        ","B    50                                 ","0","14.81","3.56","7.54","7.54","0.0000","0","0","0","  ","   ","   ","      ","2023-12-19"
"B    ","51        ","B    51                                 ","0","15.02","3.63","7.71","7.71","0.0000","0","0","0","  ","   ","   ","      ","2023-12-19"
"B    ","52        ","B    52                                 ","0","15.32","3.7","7.84","7.84","0.0000","0","0","0","  ","   ","   ","      ","2023-12-19"
"B    ","53        ","B    53                                 ","0","15.66","3.77","7.99","7.99","0.0000","0","0","0","  ","   ","   ","      ","2023-12-19"
"B    ","54        ","B    54                                 ","0","15.86","3.84","8.15","8.15","0.0000","0","0","0","  ","   ","   ","      ","2023-12-19"
"B    ","55        ","B    55                                 ","0","16.2","3.91","8.29","8.29","0.0000","0","0","0","  ","   ","   ","      ","2023-12-19"
"B    ","56        ","B    56                                 ","0","16.54","3.99","8.44","8.44","0.0000","0","0","0","  ","   ","   ","      ","2023-12-19"
"B    ","57        ","B    57                                 ","0","16.88","4.07","8.61","8.61","0.0000","0","0","0","  ","   ","   ","      ","2023-12-19"
"B    ","58        ","B    58                                 ","0","17.17","4.13","8.75","8.75","0.0000","0","0","0","  ","   ","   ","      ","2023-12-19"
"B    ","59        ","B    59                                 ","0","17.47","4.2","8.89","8.89","0.0000","0","0","0","  ","   ","   ","      ","2023-12-19"
"B    ","60        ","B    60                                 ","0","17.72","4.27","9.05","9.05","0.0000","0","0","0","  ","   ","   ","      ","2023-12-19"
"B    ","61        ","B    61                                 ","0","18","4.34","9.2","9.2","0.0000","0","0","0","  ","   ","   ","      ","2023-12-19"
"B    ","62        ","B    62                                 ","0","18.29","4.41","9.34","9.34","0.0000","0","0","0","  ","   ","   ","      ","2023-12-19"
"B    ","63        ","B    63                                 ","0","18.58","5.69","9.51","5.69","0.0000","0","0","0","  ","   ","   ","      ","2023-12-19"
"B    ","64        ","B    64                                 ","0","18.87","4.55","9.65","9.65","0.0000","0","0","0","  ","   ","   ","      ","2023-12-19"
"B    ","65        ","B    65                                 ","0","19.14","4.62","9.79","9.79","0.0000","0","0","0","  ","   ","   ","      ","2023-12-19"
"B    ","66        ","B    66                                 ","0","19.48","4.7","9.95","9.95","0.0000","0","0","0","  ","   ","   ","      ","2023-12-19"
"B    ","67        ","B    67                                 ","0","20.53","4.95","10.49","10.49","0.0000","0","0","0","  ","   ","   ","      ","2023-12-19"
"B    ","68        ","B    68                                 ","0","20.82","5.02","10.64","10.64","0.0000","0","0","0","  ","   ","   ","      ","2023-12-19"
"B    ","69        ","B    69                                 ","0","21.1","5.1","10.81","10.81","0.0000","0","0","0","  ","   ","   ","      ","2023-12-19"
"B    ","70        ","B    70                                 ","0","21.42","5.17","10.95","10.95","0.0000","0","0","0","  ","   ","   ","      ","2023-12-19"
"B    ","71        ","B    71                                 ","0","21.8","5.25","11.12","11.12","0.0000","0","0","0","  ","   ","   ","      ","2023-12-19"
"B    ","72        ","B    72                                 ","0","22.05","5.32","11.27","11.27","0.0000","0","0","0","  ","   ","   ","      ","2023-12-19"
"B    ","73        ","B    73                                 ","0","22.37","5.39","11.42","11.42","0.0000","0","0","0","  ","   ","   ","      ","2023-12-19"
"B    ","74        ","B    74                                 ","0","22.69","5.47","11.59","11.59","0.0000","0","0","0","  ","   ","   ","      ","2023-12-19"
"B    ","75        ","B    75                                 ","0","22.91","5.54","11.74","11.74","0.0000","0","0","0","  ","   ","   ","      ","2023-12-19"
"B    ","76        ","B    76                                 ","0","23.28","5.62","11.89","11.89","0.0000","0","0","0","  ","   ","   ","      ","2023-12-19"
"B    ","77        ","B    77                                 ","0","23.56","5.68","12.04","12.04","0.0000","0","0","0","  ","   ","   ","      ","2023-12-19"
"B    ","78        ","B    78                                 ","0","23.92","5.76","12.2","12.2","0.0000","0","0","0","  ","   ","   ","      ","2023-12-19"
"B    ","79        ","B    79                                 ","0","24.21","5.84","12.37","12.37","0.0000","0","0","0","  ","   ","   ","      ","2023-12-19"
"B    ","80        ","B    80                                 ","0","24.53","5.91","12.53","12.53","0.0000","0","0","0","  ","   ","   ","      ","2023-12-19"
"B    ","81        ","B    81                                 ","0","24.8","5.99","12.69","12.69","0.0000","0","0","0","  ","   ","   ","      ","2023-12-19"
"B    ","82        ","B    82                                 ","0","25.11","6.06","12.84","12.84","0.0000","0","0","0","  ","   ","   ","      ","2023-12-19"
"B    ","83        ","B    83                                 ","0","25.42","6.13","13","13","0.0000","0","0","0","  ","   ","   ","      ","2023-12-19"
"B    ","84        ","B    84                                 ","0","25.71","6.2","13.14","13.14","0.0000","0","0","0","  ","   ","   ","      ","2023-12-19"
"B    ","85        ","B    85                                 ","0","26.09","6.28","13.3","13.3","0.0000","0","0","0","  ","   ","   ","      ","2023-12-19"
"B    ","86        ","B    86                                 ","0","26.43","6.36","13.47","13.47","0.0000","0","0","0","  ","   ","   ","      ","2023-12-19"
"B    ","87        ","B    87                                 ","0","26.56","6.42","13.61","13.61","0.0000","0","0","0","  ","   ","   ","      ","2023-12-19"
"B    ","88        ","B    88                                 ","0","26.95","6.51","13.79","13.79","0.0000","0","0","0","  ","   ","   ","      ","2023-12-19"
"B    ","89        ","B    89                                 ","0","27.21","6.57","13.93","13.93","0.0000","0","0","0","  ","   ","   ","      ","2023-12-19"
"B    ","90        ","B    90                                 ","0","27.62","6.66","14.09","14.09","0.0000","0","0","0","  ","   ","   ","      ","2023-12-19"
"B    ","91        ","B    91                                 ","0","27.92","6.73","14.25","14.25","0.0000","0","0","0","  ","   ","   ","      ","2023-12-19"
"B    ","92        ","B    92                                 ","0","28.18","6.8","14.41","14.41","0.0000","0","0","0","  ","   ","   ","      ","2023-12-19"
"B    ","93        ","B    93                                 ","0","28.49","6.87","14.55","14.55","0.0000","0","0","0","  ","   ","   ","      ","2023-12-19"
"B    ","94        ","B    94                                 ","0","28.73","6.94","14.71","14.71","0.0000","0","0","0","  ","   ","   ","      ","2023-12-19"
"B    ","95        ","B    95                                 ","0","29.12","7.02","14.87","14.87","0.0000","0","0","0","  ","   ","   ","      ","2023-12-19"
"B    ","96        ","B    96                                 ","0","29.34","7.08","15.01","15.01","0.0000","0","0","0","  ","   ","   ","      ","2023-12-19"
"B    ","97        ","B    97                                 ","0","29.67","7.16","15.17","15.17","0.0000","0","0","0","  ","   ","   ","      ","2023-12-19"
"B    ","98        ","B    98                                 ","0","29.99","7.24","15.35","15.35","0.0000","0","0","0","  ","   ","   ","      ","2023-12-19"
"B    ","99        ","B    99                                 ","0","30.39","7.33","15.51","15.51","0.0000","0","0","0","  ","   ","   ","      ","2023-12-19"
"BAR  ","1000      ","BARRERO 1000 MM                         ","0","152.08","44.04","0.0000","76","0.0000","0","0","0","0 ","0  ","0  ","      ","2023-12-19"
"BAR  ","350       ","BARRERO 350 MM                          ","0","53.2","15.41","0.0000","26.6","0.0000","0","0","0","0 ","0  ","0  ","      ","2023-12-19"
"BAR  ","400       ","BARRERO 400 MM                          ","0","60.87","17.62","0.0000","30.4","0.0000","0","0","0","0 ","0  ","0  ","      ","2023-12-19"
"BAR  ","450       ","BARRERO 450 MM                          ","0","68.44","19.81","0.0000","34.2","0.0000","0","0","0","0 ","0  ","0  ","      ","2023-12-19"
"BAR  ","500       ","BARRERO 500MM                           ","0","76.01","22.02","0.0000","60","0.0000","0","0","0","0 ","0  ","0  ","      ","2023-12-19"
"BAR  ","600       ","BARRERO 600 MM                          ","0","91.25","26.42","0.0000","45.6","0.0000","0","0","0","0 ","0  ","0  ","      ","2023-12-19"
"BB   ","100       ","BB   100                                ","0","118.32","28.55","53","53","0.0000","0","0","0","  ","   ","   ","      ","2023-12-19"
"BB   ","105       ","BB   105                                ","0","124.23","29.98","55.65","55.65","0.0000","0","0","0","  ","   ","   ","      ","2023-12-19"
"BB   ","107       ","BB   107                                ","0","126.57","30.55","56.71","56.71","0.0000","0","0","0","  ","   ","   ","      ","2023-12-19"
"BB   ","110       ","BB   110                                ","0","127.45","30.77","57.1","57.1","0.0000","0","0","0","  ","   ","   ","      ","2023-12-19"
"BB   ","112       ","BB   112                                ","0","128.89","31.1","57.72","57.72","0.0000","0","0","0","  ","   ","   ","      ","2023-12-19"
"BB   ","113       ","BB   113                                ","0","129.97","31.36","58.19","58.19","0.0000","0","0","0","  ","   ","   ","      ","2023-12-19"
"BB   ","114       ","BB   114                                ","0","130.93","31.61","58.67","58.67","0.0000","0","0","0","  ","   ","   ","      ","2023-12-19"
"BB   ","115       ","BB   115                                ","0","131.54","31.74","58.91","58.91","0.0000","0","0","0","  ","   ","   ","      ","2023-12-19"
"BB   ","116       ","BB   116                                ","0","132","31.86","59.14","59.14","0.0000","0","0","0","  ","   ","   ","      ","2023-12-19"
"BB   ","118       ","BB   118                                ","0","134.17","32.39","60.12","60.12","0.0000","0","0","0","  ","   ","   ","      ","2023-12-19"
"BB   ","119       ","BB   119                                ","0","135.52","32.71","60.71","60.71","0.0000","0","0","0","  ","   ","   ","      ","2023-12-19"
"BB   ","120       ","BB   120                                ","0","136.61","32.96","61.17","61.17","0.0000","0","0","0","  ","   ","   ","      ","2023-12-19"
"BB   ","121       ","BB   121                                ","0","137.63","33.21","61.64","61.64","0.0000","0","0","0","  ","   ","   ","      ","2023-12-19"
"BB   ","124       ","BB   124                                ","0","139.23","33.6","62.35","62.35","0.0000","0","0","0","  ","   ","   ","      ","2023-12-19"
"BB   ","125       ","BB   125                                ","0","140.72","33.96","63.04","63.04","0.0000","0","0","0","  ","   ","   ","      ","2023-12-19"
"BB   ","127       ","BB   127                                ","0","142.87","34.49","64.01","64.01","0.0000","0","0","0","  ","   ","   ","      ","2023-12-19"
"BB   ","128       ","BB   128                                ","0","145.62","35.14","65.23","65.23","0.0000","0","0","0","  ","   ","   ","      ","2023-12-19"
"BB   ","129       ","BB   129                                ","0","145.83","35.19","65.32","65.32","0.0000","0","0","0","  ","   ","   ","      ","2023-12-19"
"BB   ","130       ","BB   130                                ","0","146.31","35.32","65.55","65.55","0.0000","0","0","0","  ","   ","   ","      ","2023-12-19"
"BB   ","131       ","BB   131                                ","0","146.93","35.46","65.81","65.81","0.0000","0","0","0","  ","   ","   ","      ","2023-12-19"
"BB   ","132       ","BB   132                                ","0","148.61","35.87","66.56","66.56","0.0000","0","0","0","  ","   ","   ","      ","2023-12-19"
"BB   ","133       ","BB   133                                ","0","149.1","35.98","66.77","66.77","0.0000","0","0","0","  ","   ","   ","      ","2023-12-19"
"BB   ","134       ","BB   134                                ","0","149.31","36.04","66.89","66.89","0.0000","0","0","0","  ","   ","   ","      ","2023-12-19"
"BB   ","136       ","BB   136                                ","0","151.46","36.56","67.85","67.85","0.0000","0","0","0","  ","   ","   ","      ","2023-12-19"
"BB   ","140       ","BB   140                                ","0","152.73","36.85","68.39","68.39","0.0000","0","0","0","  ","   ","   ","      ","2023-12-19"
"BB   ","142       ","BB   142                                ","0","156.62","37.79","70.13","70.13","0.0000","0","0","0","  ","   ","   ","      ","2023-12-19"
"BB   ","144       ","BB   144                                ","0","161.87","39.06","72.49","72.49","0.0000","0","0","0","  ","   ","   ","      ","2023-12-19"
"BB   ","148       ","BB   148                                ","0","166.16","40.1","74.43","74.43","0.0000","0","0","0","  ","   ","   ","      ","2023-12-19"
"BB   ","151       ","BB   151                                ","0","166.73","40.24","74.68","74.68","0.0000","0","0","0","  ","   ","   ","      ","2023-12-19"
"BB   ","152       ","BB   152                                ","0","168.12","40.57","75.3","75.3","0.0000","0","0","0","  ","   ","   ","      ","2023-12-19"
"BB   ","156       ","BB   156                                ","0","168.72","40.72","75.58","75.58","0.0000","0","0","0","  ","   ","   ","      ","2023-12-19"
"BB   ","157       ","BB   157                                ","0","169.4","40.88","75.86","75.86","0.0000","0","0","0","  ","   ","   ","      ","2023-12-19"
"BB   ","158       ","BB   158                                ","0","169.94","41.01","76.11","76.11","0.0000","0","0","0","  ","   ","   ","      ","2023-12-19"
"BB   ","159       ","BB   159                                ","0","171.43","41.37","76.79","76.79","0.0000","0","0","0","  ","   ","   ","      ","2023-12-19"
"BB   ","160       ","BB   160                                ","0","171.9","41.48","76.99","76.99","0.0000","0","0","0","  ","   ","   ","      ","2023-12-19"
"BB   ","162       ","BB   162                                ","0","172.29","41.58","77.17","77.17","0.0000","0","0","0","  ","   ","   ","      ","2023-12-19"
"BB   ","164       ","BB   164                                ","0","173.15","41.78","77.53","77.53","0.0000","0","0","0","  ","   ","   ","      ","2023-12-19"
"BB   ","165       ","BB   165                                ","0","174.15","42.03","77.99","77.99","0.0000","0","0","0","  ","   ","   ","      ","2023-12-19"
"BB   ","170       ","BB   170                                ","0","179.36","43.28","80.33","80.33","0.0000","0","0","0","  ","   ","   ","      ","2023-12-19"
"BB   ","173       ","BB   173                                ","0","182.54","44.05","81.75","81.75","0.0000","0","0","0","  ","   ","   ","      ","2023-12-19"
"BB   ","174       ","BB   174                                ","0","183.62","44.31","82.24","82.24","0.0000","0","0","0","  ","   ","   ","      ","2023-12-19"
"BB   ","178       ","BB   178                                ","0","187.8","45.33","84.13","84.13","0.0000","0","0","0","  ","   ","   ","      ","2023-12-19"
"BB   ","180       ","BB   180                                ","0","190.02","45.86","85.1","85.1","0.0000","0","0","0","  ","   ","   ","      ","2023-12-19"
"BB   ","185       ","BB   185                                ","0","196.51","47.43","88.04","88.04","0.0000","0","0","0","  ","   ","   ","      ","2023-12-19"
"BB   ","190       ","BB   190                                ","0","202.08","48.77","90.53","90.53","0.0000","0","0","0","  ","   ","   ","      ","2023-12-19"
"BB   ","195       ","BB   195                                ","0","207.7","50.13","93.05","93.05","0.0000","0","0","0","  ","   ","   ","      ","2023-12-19"
"BB   ","197       ","BB   197                                ","0","210.14","50.71","94.13","94.13","0.0000","0","0","0","  ","   ","   ","      ","2023-12-19"
"BB   ","207       ","BB   207                                ","0","220.79","53.29","98.9","98.9","0.0000","0","0","0","  ","   ","   ","      ","2023-12-19"
"BB   ","208       ","BB   208                                ","0","221.75","53.52","99.33","99.33","0.0000","0","0","0","  ","   ","   ","      ","2023-12-19"
"BB   ","210       ","BB   210                                ","0","224.57","54.2","100.58","100.58","0.0000","0","0","0","  ","   ","   ","      ","2023-12-19"
"BB   ","216       ","BB   216                                ","0","230.25","55.57","103.14","103.14","0.0000","0","0","0","  ","   ","   ","      ","2023-12-19"
"BB   ","218       ","BB   218                                ","0","232.6","56.14","104.19","104.19","0.0000","0","0","0","  ","   ","   ","      ","2023-12-19"
"BB   ","220       ","BB   220                                ","0","234.71","56.64","105.13","105.13","0.0000","0","0","0","  ","   ","   ","      ","2023-12-19"
"BB   ","228       ","BB   228                                ","0","243.2","58.71","108.96","108.96","0.0000","0","0","0","  ","   ","   ","      ","2023-12-19"
"BB   ","276       ","BB   276                                ","0","294.75","71.14","132.03","132.03","0.0000","0","0","0","  ","   ","   ","      ","2023-12-19"
"BB   ","278       ","BB   278                                ","0","296.65","71.59","132.86","132.86","0.0000","0","0","0","  ","   ","   ","      ","2023-12-19"
"BB   ","279       ","BB   279                                ","0","297.57","71.81","133.28","133.28","0.0000","0","0","0","  ","   ","   ","      ","2023-12-19"
"BB   ","49        ","BB   49                                 ","0","57.66","13.91","25.82","25.82","0.0000","0","0","0","  ","   ","   ","      ","2023-12-19"
"BB   ","55        ","BB   55                                 ","0","64.6","15.58","28.92","28.92","0.0000","0","0","0","  ","   ","   ","      ","2023-12-19"
"BB   ","56        ","BB   56                                 ","0","65.85","15.89","29.5","29.5","0.0000","0","0","0","  ","   ","   ","      ","2023-12-19"
"BB   ","57        ","BB   57                                 ","0","67","16.17","30.01","30.01","0.0000","0","0","0","  ","   ","   ","      ","2023-12-19"
"BB   ","58        ","BB   58                                 ","0","68.24","16.46","30.54","30.54","0.0000","0","0","0","  ","   ","   ","      ","2023-12-19"
"BB   ","63        ","BB   63                                 ","0","74.07","17.88","33.17","33.17","0.0000","0","0","0","  ","   ","   ","      ","2023-12-19"
"BB   ","72        ","BB   72                                 ","0","84.45","20.38","37.81","37.81","0.0000","0","0","0","  ","   ","   ","      ","2023-12-19"
"BB   ","75        ","BB   75                                 ","0","87.95","21.22","39.39","39.39","0.0000","0","0","0","  ","   ","   ","      ","2023-12-19"
"BB   ","76        ","BB   76                                 ","0","90.15","21.75","40.36","40.36","0.0000","0","0","0","  ","   ","   ","      ","2023-12-19"
"BB   ","79        ","BB   79                                 ","0","93.6","22.6","41.94","41.94","0.0000","0","0","0","  ","   ","   ","      ","2023-12-19"
"BB   ","81        ","BB   81                                 ","0","94.98","22.92","42.53","42.53","0.0000","0","0","0","  ","   ","   ","      ","2023-12-19"
"BB   ","85        ","BB   85                                 ","0","100.74","24.31","45.12","45.12","0.0000","0","0","0","  ","   ","   ","      ","2023-12-19"
"BB   ","86        ","BB   86                                 ","0","101.48","24.5","45.46","45.46","0.0000","0","0","0","  ","   ","   ","      ","2023-12-19"
"BB   ","88        ","BB   88                                 ","0","102.72","24.79","46","46","0.0000","0","0","0","  ","   ","   ","      ","2023-12-19"
"BB   ","90        ","BB   90                                 ","0","105.56","25.48","47.31","47.31","0.0000","0","0","0","  ","   ","   ","      ","2023-12-19"
"BB   ","92        ","BB   92                                 ","0","106.82","25.77","47.83","47.83","0.0000","0","0","0","  ","   ","   ","      ","2023-12-19"
"BB   ","93        ","BB   93                                 ","0","108.05","26.07","48.38","48.38","0.0000","0","0","0","  ","   ","   ","      ","2023-12-19"
"BB   ","94        ","BB   94                                 ","0","110.24","26.62","49.41","49.41","0.0000","0","0","0","  ","   ","   ","      ","2023-12-19"
"BB   ","95        ","BB   95                                 ","0","110.22","26.61","49.39","49.39","0.0000","0","0","0","  ","   ","   ","      ","2023-12-19"
"BB   ","96        ","BB   96                                 ","0","111.39","26.88","49.9","49.9","0.0000","0","0","0","  ","   ","   ","      ","2023-12-19"
"BB   ","97        ","BB   97                                 ","0","112.72","27.2","50.47","50.47","0.0000","0","0","0","  ","   ","   ","      ","2023-12-19"
"BB   ","98        ","BB   98                                 ","0","115.04","27.75","51.51","51.51","0.0000","0","0","0","  ","   ","   ","      ","2023-12-19"
"BL   ","0         ","THOR                                    ","0","0.8","0.37","0.0000","0.6","0.0000","0","0","0","0 ","0  ","0  ","      ","2025-01-28"
"C    ","100       ","C    100                                ","0","45.65","11.01","23.33","23.33","0.0000","0","0","0","  ","   ","   ","      ","2023-12-19"
"C    ","101       ","C    101                                ","0","46.08","11.12","23.56","23.56","0.0000","0","0","0","  ","   ","   ","      ","2023-12-19"
"C    ","102       ","C    102                                ","0","46.51","11.23","23.8","23.8","0.0000","0","0","0","  ","   ","   ","      ","2023-12-19"
"C    ","103       ","C    103                                ","0","46.98","11.34","24.03","24.03","0.0000","0","0","0","  ","   ","   ","      ","2023-12-19"
"C    ","104       ","C    104                                ","0","47.48","11.46","24.26","24.26","0.0000","0","0","0","  ","   ","   ","      ","2023-12-19"
"C    ","105       ","C    105                                ","0","47.95","11.56","24.5","24.5","0.0000","0","0","0","  ","   ","   ","      ","2023-12-19"
"C    ","106       ","C    106                                ","0","48.34","11.67","24.73","24.73","0.0000","0","0","0","  ","   ","   ","      ","2023-12-19"
"C    ","107       ","C    107                                ","0","48.87","11.79","24.96","24.96","0.0000","0","0","0","  ","   ","   ","      ","2023-12-19"
"C    ","108       ","C    108                                ","0","49.27","11.89","25.2","25.2","0.0000","0","0","0","  ","   ","   ","      ","2023-12-19"
"C    ","109       ","C    109                                ","0","49.77","12.01","25.43","25.43","0.0000","0","0","0","  ","   ","   ","      ","2023-12-19"
"C    ","110       ","C    110                                ","0","50.18","12.11","25.66","25.66","0.0000","0","0","0","  ","   ","   ","      ","2023-12-19"
"C    ","111       ","C    111                                ","0","50.67","12.23","25.9","25.9","0.0000","0","0","0","  ","   ","   ","      ","2023-12-19"
"C    ","112       ","C    112                                ","0","51.12","12.34","26.13","26.13","0.0000","0","0","0","  ","   ","   ","      ","2023-12-19"
"C    ","113       ","C    113                                ","0","51.51","12.44","26.36","26.36","0.0000","0","0","0","  ","   ","   ","      ","2023-12-19"
"C    ","114       ","C    114                                ","0","52.06","12.56","26.6","26.6","0.0000","0","0","0","  ","   ","   ","      ","2023-12-19"
"C    ","115       ","C    115                                ","0","52.51","12.67","26.83","26.83","0.0000","0","0","0","  ","   ","   ","      ","2023-12-19"
"C    ","116       ","C    116                                ","0","52.95","12.77","27.06","27.06","0.0000","0","0","0","  ","   ","   ","      ","2023-12-19"
"C    ","117       ","C    117                                ","0","53.4","12.89","27.3","27.3","0.0000","0","0","0","  ","   ","   ","      ","2023-12-19"
"C    ","118       ","C    118                                ","0","53.86","12.99","27.53","27.53","0.0000","0","0","0","  ","   ","   ","      ","2023-12-19"
"C    ","119       ","C    119                                ","0","54.26","13.1","27.76","27.76","0.0000","0","0","0","  ","   ","   ","      ","2023-12-19"
"C    ","120       ","C    120                                ","0","54.76","13.21","27.99","27.99","0.0000","0","0","0","  ","   ","   ","      ","2023-12-19"
"C    ","121       ","C    121                                ","0","55.17","13.32","28.23","28.23","0.0000","0","0","0","  ","   ","   ","      ","2023-12-19"
"C    ","122       ","C    122                                ","0","55.67","13.43","28.46","28.46","0.0000","0","0","0","  ","   ","   ","      ","2023-12-19"
"C    ","123       ","C    123                                ","0","56.08","13.54","28.69","28.69","0.0000","0","0","0","  ","   ","   ","      ","2023-12-19"
"C    ","124       ","C    124                                ","0","56.59","13.66","28.93","28.93","0.0000","0","0","0","  ","   ","   ","      ","2023-12-19"
"C    ","125       ","C    125                                ","0","57","13.76","29.16","29.16","0.0000","0","0","0","  ","   ","   ","      ","2023-12-19"
"C    ","126       ","C    126                                ","0","57.49","13.87","29.39","29.39","0.0000","0","0","0","  ","   ","   ","      ","2023-12-19"
"C    ","127       ","C    127                                ","0","57.97","13.99","29.63","29.63","0.0000","0","0","0","  ","   ","   ","      ","2023-12-19"
"C    ","128       ","C    128                                ","0","58.4","14.09","29.86","29.86","0.0000","0","0","0","  ","   ","   ","      ","2023-12-19"
"C    ","129       ","C    129                                ","0","58.84","14.21","30.09","30.09","0.0000","0","0","0","  ","   ","   ","      ","2023-12-19"
"C    ","130       ","C    130                                ","0","59.34","14.31","30.33","30.33","0.0000","0","0","0","  ","   ","   ","      ","2023-12-19"
"C    ","131       ","C    131                                ","0","59.76","14.42","30.56","30.56","0.0000","0","0","0","  ","   ","   ","      ","2023-12-19"
"C    ","132       ","C    132                                ","0","60.25","14.54","30.79","30.79","0.0000","0","0","0","  ","   ","   ","      ","2023-12-19"
"C    ","133       ","C    133                                ","0","60.65","14.64","31.03","31.03","0.0000","0","0","0","  ","   ","   ","      ","2023-12-19"
"C    ","134       ","C    134                                ","0","61.21","14.76","31.26","31.26","0.0000","0","0","0","  ","   ","   ","      ","2023-12-19"
"C    ","135       ","C    135                                ","0","61.59","14.86","31.49","31.49","0.0000","0","0","0","  ","   ","   ","      ","2023-12-19"
"C    ","136       ","C    136                                ","0","62.09","14.98","31.73","31.73","0.0000","0","0","0","  ","   ","   ","      ","2023-12-19"
"C    ","137       ","C    137                                ","0","62.5","15.09","31.97","31.97","0.0000","0","0","0","  ","   ","   ","      ","2023-12-19"
"C    ","138       ","C    138                                ","0","62.98","15.2","32.2","32.2","0.0000","0","0","0","  ","   ","   ","      ","2023-12-19"
"C    ","139       ","C    139                                ","0","63.46","15.31","32.44","32.44","0.0000","0","0","0","  ","   ","   ","      ","2023-12-19"
"C    ","140       ","C    140                                ","0","63.9","15.42","32.67","32.67","0.0000","0","0","0","  ","   ","   ","      ","2023-12-19"
"C    ","141       ","C    141                                ","0","64.31","15.53","32.9","32.9","0.0000","0","0","0","  ","   ","   ","      ","2023-12-19"
"C    ","142       ","C    142                                ","0","64.8","15.64","33.14","33.14","0.0000","0","0","0","  ","   ","   ","      ","2023-12-19"
"C    ","143       ","C    143                                ","0","65.29","15.75","33.37","33.37","0.0000","0","0","0","  ","   ","   ","      ","2023-12-19"
"C    ","144       ","C    144                                ","0","65.78","15.87","33.6","33.6","0.0000","0","0","0","  ","   ","   ","      ","2023-12-19"
"C    ","145       ","C    145                                ","0","66.18","15.97","33.84","33.84","0.0000","0","0","0","  ","   ","   ","      ","2023-12-19"
"C    ","146       ","C    146                                ","0","66.65","16.08","34.07","34.07","0.0000","0","0","0","  ","   ","   ","      ","2023-12-19"
"C    ","147       ","C    147                                ","0","67.1","16.2","34.3","34.3","0.0000","0","0","0","  ","   ","   ","      ","2023-12-19"
"C    ","148       ","C    148                                ","0","67.53","16.3","34.53","34.53","0.0000","0","0","0","  ","   ","   ","      ","2023-12-19"
"C    ","149       ","C    149                                ","0","68","16.41","34.77","34.77","0.0000","0","0","0","  ","   ","   ","      ","2023-12-19"
"C    ","150       ","C    150                                ","0","68.47","16.52","35","35","0.0000","0","0","0","  ","   ","   ","      ","2023-12-19"
"C    ","151       ","C    151                                ","0","68.87","16.63","35.23","35.23","0.0000","0","0","0","  ","   ","   ","      ","2023-12-19"
"C    ","152       ","C    152                                ","0","69.31","16.74","35.47","35.47","0.0000","0","0","0","  ","   ","   ","      ","2023-12-19"
"C    ","153       ","C    153                                ","0","69.87","16.85","35.7","35.7","0.0000","0","0","0","  ","   ","   ","      ","2023-12-19"
"C    ","154       ","C    154                                ","0","70.28","16.96","35.93","35.93","0.0000","0","0","0","  ","   ","   ","      ","2023-12-19"
"C    ","155       ","C    155                                ","0","70.74","17.07","36.17","36.17","0.0000","0","0","0","  ","   ","   ","      ","2023-12-19"
"C    ","156       ","C    156                                ","0","71.19","17.18","36.4","36.4","0.0000","0","0","0","  ","   ","   ","      ","2023-12-19"
"C    ","157       ","C    157                                ","0","71.69","17.29","36.63","36.63","0.0000","0","0","0","  ","   ","   ","      ","2023-12-19"
"C    ","158       ","C    158                                ","0","72.09","17.4","36.87","36.87","0.0000","0","0","0","  ","   ","   ","      ","2023-12-19"
"C    ","159       ","C    159                                ","0","72.56","17.51","37.1","37.1","0.0000","0","0","0","  ","   ","   ","      ","2023-12-19"
"C    ","160       ","C    160                                ","0","73.06","17.62","37.33","37.33","0.0000","0","0","0","  ","   ","   ","      ","2023-12-19"
"C    ","161       ","C    161                                ","0","73.47","17.73","37.57","37.57","0.0000","0","0","0","  ","   ","   ","      ","2023-12-19"
"C    ","162       ","C    162                                ","0","73.93","17.84","37.8","37.8","0.0000","0","0","0","  ","   ","   ","      ","2023-12-19"
"C    ","163       ","C    163                                ","0","74.39","17.95","38.03","38.03","0.0000","0","0","0","  ","   ","   ","      ","2023-12-19"
"C    ","164       ","C    164                                ","0","74.87","18.07","38.27","38.27","0.0000","0","0","0","  ","   ","   ","      ","2023-12-19"
"C    ","165       ","C    165                                ","0","75.29","18.17","38.5","38.5","0.0000","0","0","0","  ","   ","   ","      ","2023-12-19"
"C    ","166       ","C    166                                ","0","75.76","18.28","38.73","38.73","0.0000","0","0","0","  ","   ","   ","      ","2023-12-19"
"C    ","167       ","C    167                                ","0","76.18","18.39","38.97","38.97","0.0000","0","0","0","  ","   ","   ","      ","2023-12-19"
"C    ","168       ","C    168                                ","0","76.68","18.5","39.2","39.2","0.0000","0","0","0","  ","   ","   ","      ","2023-12-19"
"C    ","169       ","C    169                                ","0","77.09","18.61","39.43","39.43","0.0000","0","0","0","  ","   ","   ","      ","2023-12-19"
"C    ","170       ","C    170                                ","0","77.56","18.72","39.67","39.67","0.0000","0","0","0","  ","   ","   ","      ","2023-12-19"
"C    ","171       ","C    171                                ","0","78.07","18.83","39.9","39.9","0.0000","0","0","0","  ","   ","   ","      ","2023-12-19"
"C    ","172       ","C    172                                ","0","78.48","18.94","40.13","40.13","0.0000","0","0","0","  ","   ","   ","      ","2023-12-19"
"C    ","173       ","C    173                                ","0","78.97","19.05","40.36","40.36","0.0000","0","0","0","  ","   ","   ","      ","2023-12-19"
"C    ","174       ","C    174                                ","0","79.38","19.17","40.6","40.6","0.0000","0","0","0","  ","   ","   ","      ","2023-12-19"
"C    ","175       ","C    175                                ","0","79.86","19.27","40.83","40.83","0.0000","0","0","0","  ","   ","   ","      ","2023-12-19"
"C    ","176       ","C    176                                ","0","80.33","19.38","41.06","41.06","0.0000","0","0","0","  ","   ","   ","      ","2023-12-19"
"C    ","177       ","C    177                                ","0","80.77","19.5","41.3","41.3","0.0000","0","0","0","  ","   ","   ","      ","2023-12-19"
"C    ","178       ","C    178                                ","0","81.24","19.6","41.53","41.53","0.0000","0","0","0","  ","   ","   ","      ","2023-12-19"
"C    ","179       ","C    179                                ","0","81.64","19.71","41.76","41.76","0.0000","0","0","0","  ","   ","   ","      ","2023-12-19"
"C    ","180       ","C    180                                ","0","82.14","19.82","42","42","0.0000","0","0","0","  ","   ","   ","      ","2023-12-19"
"C    ","181       ","C    181                                ","0","82.57","19.93","42.23","42.23","0.0000","0","0","0","  ","   ","   ","      ","2023-12-19"
"C    ","182       ","C    182                                ","0","83.03","20.04","42.46","42.46","0.0000","0","0","0","  ","   ","   ","      ","2023-12-19"
"C    ","183       ","C    183                                ","0","83.48","20.15","42.7","42.7","0.0000","0","0","0","  ","   ","   ","      ","2023-12-19"
"C    ","184       ","C    184                                ","0","84.02","20.27","42.93","42.93","0.0000","0","0","0","  ","   ","   ","      ","2023-12-19"
"C    ","185       ","C    185                                ","0","84.44","20.37","43.16","43.16","0.0000","0","0","0","  ","   ","   ","      ","2023-12-19"
"C    ","186       ","C    186                                ","0","84.91","20.48","43.4","43.4","0.0000","0","0","0","  ","   ","   ","      ","2023-12-19"
"C    ","187       ","C    187                                ","0","85.34","20.6","43.63","43.63","0.0000","0","0","0","  ","   ","   ","      ","2023-12-19"
"C    ","188       ","C    188                                ","0","85.78","20.7","43.86","43.86","0.0000","0","0","0","  ","   ","   ","      ","2023-12-19"
"C    ","189       ","C    189                                ","0","86.29","20.82","44.1","44.1","0.0000","0","0","0","  ","   ","   ","      ","2023-12-19"
"C    ","190       ","C    190                                ","0","86.73","20.93","44.33","44.33","0.0000","0","0","0","  ","   ","   ","      ","2023-12-19"
"C    ","191       ","C    191                                ","0","87.14","21.03","44.56","44.56","0.0000","0","0","0","  ","   ","   ","      ","2023-12-19"
"C    ","192       ","C    192                                ","0","87.64","21.15","44.8","44.8","0.0000","0","0","0","  ","   ","   ","      ","2023-12-19"
"C    ","193       ","C    193                                ","0","88.08","21.25","45.03","45.03","0.0000","0","0","0","  ","   ","   ","      ","2023-12-19"
"C    ","194       ","C    194                                ","0","88.58","21.37","45.26","45.26","0.0000","0","0","0","  ","   ","   ","      ","2023-12-19"
"C    ","195       ","C    195                                ","0","88.99","21.48","45.5","45.5","0.0000","0","0","0","  ","   ","   ","      ","2023-12-19"
"C    ","196       ","C    196                                ","0","89.48","21.59","45.73","45.73","0.0000","0","0","0","  ","   ","   ","      ","2023-12-19"
"C    ","197       ","C    197                                ","0","89.89","21.7","45.96","45.96","0.0000","0","0","0","  ","   ","   ","      ","2023-12-19"
"C    ","198       ","C    198                                ","0","90.33","21.8","46.19","46.19","0.0000","0","0","0","  ","   ","   ","      ","2023-12-19"
"C    ","199       ","C    199                                ","0","90.85","21.92","46.43","46.43","0.0000","0","0","0","  ","   ","   ","      ","2023-12-19"
"C    ","200       ","C    200                                ","0","91.25","22.03","46.66","46.66","0.0000","0","0","0","  ","   ","   ","      ","2023-12-19"
"C    ","201       ","C    201                                ","0","91.73","22.13","46.89","46.89","0.0000","0","0","0","  ","   ","   ","      ","2023-12-19"
"C    ","202       ","C    202                                ","0","92.14","22.25","47.13","47.13","0.0000","0","0","0","  ","   ","   ","      ","2023-12-19"
"C    ","203       ","C    203                                ","0","92.65","22.35","47.36","47.36","0.0000","0","0","0","  ","   ","   ","      ","2023-12-19"
"C    ","204       ","C    204                                ","0","93.17","22.47","47.59","47.59","0.0000","0","0","0","  ","   ","   ","      ","2023-12-19"
"C    ","205       ","C    205                                ","0","93.57","22.58","47.83","47.83","0.0000","0","0","0","  ","   ","   ","      ","2023-12-19"
"C    ","206       ","C    206                                ","0","93.96","22.69","48.06","48.06","0.0000","0","0","0","  ","   ","   ","      ","2023-12-19"
"C    ","207       ","C    207                                ","0","94.47","22.8","48.29","48.29","0.0000","0","0","0","  ","   ","   ","      ","2023-12-19"
"C    ","208       ","C    208                                ","0","94.94","22.91","48.53","48.53","0.0000","0","0","0","  ","   ","   ","      ","2023-12-19"
"C    ","209       ","C    209                                ","0","95.39","23.02","48.76","48.76","0.0000","0","0","0","  ","   ","   ","      ","2023-12-19"
"C    ","210       ","C    210                                ","0","95.77","23.12","48.99","48.99","0.0000","0","0","0","  ","   ","   ","      ","2023-12-19"
"C    ","211       ","C    211                                ","0","96.27","23.23","49.22","49.22","0.0000","0","0","0","  ","   ","   ","      ","2023-12-19"
"C    ","212       ","C    212                                ","0","96.89","23.39","49.56","49.56","0.0000","0","0","0","  ","   ","   ","      ","2023-12-19"
"C    ","213       ","C    213                                ","0","97.36","23.5","49.79","49.79","0.0000","0","0","0","  ","   ","   ","      ","2023-12-19"
"C    ","214       ","C    214                                ","0","97.89","23.61","50.03","50.03","0.0000","0","0","0","  ","   ","   ","      ","2023-12-19"
"C    ","215       ","C    215                                ","0","98.14","23.68","50.16","50.16","0.0000","0","0","0","  ","   ","   ","      ","2023-12-19"
"C    ","216       ","C    216                                ","0","98.78","23.84","50.51","50.51","0.0000","0","0","0","  ","   ","   ","      ","2023-12-19"
"C    ","217       ","C    217                                ","0","99.18","23.94","50.73","50.73","0.0000","0","0","0","  ","   ","   ","      ","2023-12-19"
"C    ","218       ","C    218                                ","0","99.65","24.05","50.96","50.96","0.0000","0","0","0","  ","   ","   ","      ","2023-12-19"
"C    ","219       ","C    219                                ","0","100.16","24.17","51.2","51.2","0.0000","0","0","0","  ","   ","   ","      ","2023-12-19"
"C    ","220       ","C    220                                ","0","100.59","24.27","51.43","51.43","0.0000","0","0","0","  ","   ","   ","      ","2023-12-19"
"C    ","221       ","C    221                                ","0","101.04","24.38","51.65","51.65","0.0000","0","0","0","  ","   ","   ","      ","2023-12-19"
"C    ","222       ","C    222                                ","0","101.46","24.49","51.89","51.89","0.0000","0","0","0","  ","   ","   ","      ","2023-12-19"
"C    ","223       ","C    223                                ","0","101.95","24.61","52.13","52.13","0.0000","0","0","0","  ","   ","   ","      ","2023-12-19"
"C    ","224       ","C    224                                ","0","102.32","24.7","52.33","52.33","0.0000","0","0","0","  ","   ","   ","      ","2023-12-19"
"C    ","225       ","C    225                                ","0","102.87","24.83","52.59","52.59","0.0000","0","0","0","  ","   ","   ","      ","2023-12-19"
"C    ","226       ","C    226                                ","0","103.28","24.93","52.81","52.81","0.0000","0","0","0","  ","   ","   ","      ","2023-12-19"
"C    ","227       ","C    227                                ","0","103.73","25.04","53.05","53.05","0.0000","0","0","0","  ","   ","   ","      ","2023-12-19"
"C    ","228       ","C    228                                ","0","104.28","25.16","53.3","53.3","0.0000","0","0","0","  ","   ","   ","      ","2023-12-19"
"C    ","229       ","C    229                                ","0","104.73","25.27","53.52","53.52","0.0000","0","0","0","  ","   ","   ","      ","2023-12-19"
"C    ","230       ","C    230                                ","0","105.16","25.38","53.77","53.77","0.0000","0","0","0","  ","   ","   ","      ","2023-12-19"
"C    ","231       ","C    231                                ","0","105.57","25.49","54","54","0.0000","0","0","0","  ","   ","   ","      ","2023-12-19"
"C    ","232       ","C    232                                ","0","106.09","25.59","54.23","54.23","0.0000","0","0","0","  ","   ","   ","      ","2023-12-19"
"C    ","233       ","C    233                                ","0","106.48","25.7","54.45","54.45","0.0000","0","0","0","  ","   ","   ","      ","2023-12-19"
"C    ","234       ","C    234                                ","0","106.96","25.82","54.7","54.7","0.0000","0","0","0","  ","   ","   ","      ","2023-12-19"
"C    ","235       ","C    235                                ","0","107.48","25.93","54.94","54.94","0.0000","0","0","0","  ","   ","   ","      ","2023-12-19"
"C    ","236       ","C    236                                ","0","107.88","26.04","55.16","55.16","0.0000","0","0","0","  ","   ","   ","      ","2023-12-19"
"C    ","237       ","C    237                                ","0","108.39","26.15","55.4","55.4","0.0000","0","0","0","  ","   ","   ","      ","2023-12-19"
"C    ","238       ","C    238                                ","0","108.77","26.26","55.63","55.63","0.0000","0","0","0","  ","   ","   ","      ","2023-12-19"
"C    ","239       ","C    239                                ","0","109.29","26.37","55.87","55.87","0.0000","0","0","0","  ","   ","   ","      ","2023-12-19"
"C    ","240       ","C    240                                ","0","109.75","26.48","56.1","56.1","0.0000","0","0","0","  ","   ","   ","      ","2023-12-19"
"C    ","241       ","C    241                                ","0","110.17","26.59","56.33","56.33","0.0000","0","0","0","  ","   ","   ","      ","2023-12-19"
"C    ","242       ","C    242                                ","0","110.63","26.7","56.57","56.57","0.0000","0","0","0","  ","   ","   ","      ","2023-12-19"
"C    ","243       ","C    243                                ","0","111.1","26.81","56.79","56.79","0.0000","0","0","0","  ","   ","   ","      ","2023-12-19"
"C    ","244       ","C    244                                ","0","111.55","26.93","57.05","57.05","0.0000","0","0","0","  ","   ","   ","      ","2023-12-19"
"C    ","245       ","C    245                                ","0","111.98","27.03","57.25","57.25","0.0000","0","0","0","  ","   ","   ","      ","2023-12-19"
"C    ","246       ","C    246                                ","0","112.55","27.15","57.52","57.52","0.0000","0","0","0","  ","   ","   ","      ","2023-12-19"
"C    ","247       ","C    247                                ","0","112.58","27.17","57.58","57.58","0.0000","0","0","0","  ","   ","   ","      ","2023-12-19"
"C    ","248       ","C    248                                ","0","113.05","27.28","57.8","57.8","0.0000","0","0","0","  ","   ","   ","      ","2023-12-19"
"C    ","249       ","C    249                                ","0","113.81","27.47","58.19","58.19","0.0000","0","0","0","  ","   ","   ","      ","2023-12-19"
"C    ","250       ","C    250                                ","0","114.26","27.57","58.42","58.42","0.0000","0","0","0","  ","   ","   ","      ","2023-12-19"
"C    ","251       ","C    251                                ","0","114.75","27.69","58.67","58.67","0.0000","0","0","0","  ","   ","   ","      ","2023-12-19"
"C    ","252       ","C    252                                ","0","115.17","27.8","58.9","58.9","0.0000","0","0","0","  ","   ","   ","      ","2023-12-19"
"C    ","253       ","C    253                                ","0","115.66","27.91","59.13","59.13","0.0000","0","0","0","  ","   ","   ","      ","2023-12-19"
"C    ","254       ","C    254                                ","0","116.05","28.01","59.35","59.35","0.0000","0","0","0","  ","   ","   ","      ","2023-12-19"
"C    ","255       ","C    255                                ","0","116.58","28.13","59.59","59.59","0.0000","0","0","0","  ","   ","   ","      ","2023-12-19"
"C    ","256       ","C    256                                ","0","117.07","28.25","59.84","59.84","0.0000","0","0","0","  ","   ","   ","      ","2023-12-19"
"C    ","257       ","C    257                                ","0","117.72","28.41","60.2","60.2","0.0000","0","0","0","  ","   ","   ","      ","2023-12-19"
"C    ","258       ","C    258                                ","0","117.96","28.46","60.31","60.31","0.0000","0","0","0","  ","   ","   ","      ","2023-12-19"
"C    ","259       ","C    259                                ","0","118.42","28.57","60.54","60.54","0.0000","0","0","0","  ","   ","   ","      ","2023-12-19"
"C    ","260       ","C    260                                ","0","118.87","28.69","60.78","60.78","0.0000","0","0","0","  ","   ","   ","      ","2023-12-19"
"C    ","261       ","C    261                                ","0","119.29","28.79","61","61","0.0000","0","0","0","  ","   ","   ","      ","2023-12-19"
"C    ","262       ","C    262                                ","0","119.78","28.91","61.25","61.25","0.0000","0","0","0","  ","   ","   ","      ","2023-12-19"
"C    ","263       ","C    263                                ","0","120.28","29.02","61.48","61.48","0.0000","0","0","0","  ","   ","   ","      ","2023-12-19"
"C    ","264       ","C    264                                ","0","120.64","29.12","61.69","61.69","0.0000","0","0","0","  ","   ","   ","      ","2023-12-19"
"C    ","265       ","C    265                                ","0","121.15","29.24","61.94","61.94","0.0000","0","0","0","  ","   ","   ","      ","2023-12-19"
"C    ","266       ","C    266                                ","0","121.62","29.35","62.18","62.18","0.0000","0","0","0","  ","   ","   ","      ","2023-12-19"
"C    ","267       ","C    267                                ","0","122.07","29.46","62.41","62.41","0.0000","0","0","0","  ","   ","   ","      ","2023-12-19"
"C    ","268       ","C    268                                ","0","122.55","29.57","62.66","62.66","0.0000","0","0","0","  ","   ","   ","      ","2023-12-19"
"C    ","269       ","C    269                                ","0","123","29.68","62.87","62.87","0.0000","0","0","0","  ","   ","   ","      ","2023-12-19"
"C    ","270       ","C    270                                ","0","123.41","29.78","63.1","63.1","0.0000","0","0","0","  ","   ","   ","      ","2023-12-19"
"C    ","271       ","C    271                                ","0","123.88","29.9","63.35","63.35","0.0000","0","0","0","  ","   ","   ","      ","2023-12-19"
"C    ","272       ","C    272                                ","0","124.32","30","63.56","63.56","0.0000","0","0","0","  ","   ","   ","      ","2023-12-19"
"C    ","273       ","C    273                                ","0","124.79","30.12","63.81","63.81","0.0000","0","0","0","  ","   ","   ","      ","2023-12-19"
"C    ","274       ","C    274                                ","0","125.27","30.23","64.05","64.05","0.0000","0","0","0","  ","   ","   ","      ","2023-12-19"
"C    ","275       ","C    275                                ","0","125.77","30.35","64.29","64.29","0.0000","0","0","0","  ","   ","   ","      ","2023-12-19"
"C    ","276       ","C    276                                ","0","126.25","30.46","64.52","64.52","0.0000","0","0","0","  ","   ","   ","      ","2023-12-19"
"C    ","277       ","C    277                                ","0","126.57","30.55","64.73","64.73","0.0000","0","0","0","  ","   ","   ","      ","2023-12-19"
"C    ","278       ","C    278                                ","0","127.11","30.67","64.99","64.99","0.0000","0","0","0","  ","   ","   ","      ","2023-12-19"
"C    ","279       ","C    279                                ","0","127.56","30.78","65.22","65.22","0.0000","0","0","0","  ","   ","   ","      ","2023-12-19"
"C    ","280       ","C    280                                ","0","128.04","30.91","65.47","65.47","0.0000","0","0","0","  ","   ","   ","      ","2023-12-19"
"C    ","281       ","C    281                                ","0","128.47","31","65.67","65.67","0.0000","0","0","0","  ","   ","   ","      ","2023-12-19"
"C    ","282       ","C    282                                ","0","128.91","31.11","65.91","65.91","0.0000","0","0","0","  ","   ","   ","      ","2023-12-19"
"C    ","283       ","C    283                                ","0","129.37","31.22","66.15","66.15","0.0000","0","0","0","  ","   ","   ","      ","2023-12-19"
"C    ","284       ","C    284                                ","0","129.81","31.34","66.4","66.4","0.0000","0","0","0","  ","   ","   ","      ","2023-12-19"
"C    ","285       ","C    285                                ","0","130.31","31.45","66.62","66.62","0.0000","0","0","0","  ","   ","   ","      ","2023-12-19"
"C    ","286       ","C    286                                ","0","130.8","31.55","66.84","66.84","0.0000","0","0","0","  ","   ","   ","      ","2023-12-19"
"C    ","287       ","C    287                                ","0","131.25","31.68","67.1","67.1","0.0000","0","0","0","  ","   ","   ","      ","2023-12-19"
"C    ","288       ","C    288                                ","0","131.66","31.77","67.31","67.31","0.0000","0","0","0","  ","   ","   ","      ","2023-12-19"
"C    ","289       ","C    289                                ","0","132.13","31.89","67.56","67.56","0.0000","0","0","0","  ","   ","   ","      ","2023-12-19"
"C    ","290       ","C    290                                ","0","132.66","32.01","67.81","67.81","0.0000","0","0","0","  ","   ","   ","      ","2023-12-19"
"C    ","291       ","C    291                                ","0","133.06","32.11","68.03","68.03","0.0000","0","0","0","  ","   ","   ","      ","2023-12-19"
"C    ","292       ","C    292                                ","0","133.8","32.28","68.37","68.37","0.0000","0","0","0","  ","   ","   ","      ","2023-12-19"
"C    ","293       ","C    293                                ","0","134.16","32.38","68.6","68.6","0.0000","0","0","0","  ","   ","   ","      ","2023-12-19"
"C    ","294       ","C    294                                ","0","134.63","32.49","68.84","68.84","0.0000","0","0","0","  ","   ","   ","      ","2023-12-19"
"C    ","295       ","C    295                                ","0","134.91","32.55","68.95","68.95","0.0000","0","0","0","  ","   ","   ","      ","2023-12-19"
"C    ","296       ","C    296                                ","0","135.36","32.66","69.2","69.2","0.0000","0","0","0","  ","   ","   ","      ","2023-12-19"
"C    ","297       ","C    297                                ","0","135.79","32.77","69.42","69.42","0.0000","0","0","0","  ","   ","   ","      ","2023-12-19"
"C    ","298       ","C    298                                ","0","136.25","32.88","69.65","69.65","0.0000","0","0","0","  ","   ","   ","      ","2023-12-19"
"C    ","299       ","C    299                                ","0","136.63","32.98","69.88","69.88","0.0000","0","0","0","  ","   ","   ","      ","2023-12-19"
"C    ","300       ","C    300                                ","0","137.15","33.1","70.11","70.11","0.0000","0","0","0","  ","   ","   ","      ","2023-12-19"
"C    ","301       ","C    301                                ","0","137.63","33.21","70.35","70.35","0.0000","0","0","0","  ","   ","   ","      ","2023-12-19"
"C    ","302       ","C    302                                ","0","138.06","33.32","70.59","70.59","0.0000","0","0","0","  ","   ","   ","      ","2023-12-19"
"C    ","303       ","C    303                                ","0","138.53","33.44","70.83","70.83","0.0000","0","0","0","  ","   ","   ","      ","2023-12-19"
"C    ","304       ","C    304                                ","0","138.89","33.53","71.05","71.05","0.0000","0","0","0","  ","   ","   ","      ","2023-12-19"
"C    ","305       ","C    305                                ","0","139.5","33.66","71.3","71.3","0.0000","0","0","0","  ","   ","   ","      ","2023-12-19"
"C    ","306       ","C    306                                ","0","139.95","33.77","71.54","71.54","0.0000","0","0","0","  ","   ","   ","      ","2023-12-19"
"C    ","307       ","C    307                                ","0","140.35","33.88","71.76","71.76","0.0000","0","0","0","  ","   ","   ","      ","2023-12-19"
"C    ","308       ","C    308                                ","0","140.73","33.97","71.98","71.98","0.0000","0","0","0","  ","   ","   ","      ","2023-12-19"
"C    ","309       ","C    309                                ","0","141.31","34.09","72.23","72.23","0.0000","0","0","0","  ","   ","   ","      ","2023-12-19"
"C    ","31        ","C    31                                 ","0","17.03","4.11","8.71","8.71","0.0000","0","0","0","  ","   ","   ","      ","2023-12-19"
"C    ","310       ","C    310                                ","0","141.73","34.21","72.47","72.47","0.0000","0","0","0","  ","   ","   ","      ","2023-12-19"
"C    ","311       ","C    311                                ","0","142.14","34.3","72.69","72.69","0.0000","0","0","0","  ","   ","   ","      ","2023-12-19"
"C    ","312       ","C    312                                ","0","142.6","34.42","72.92","72.92","0.0000","0","0","0","  ","   ","   ","      ","2023-12-19"
"C    ","313       ","C    313                                ","0","143.13","34.54","73.16","73.16","0.0000","0","0","0","  ","   ","   ","      ","2023-12-19"
"C    ","314       ","C    314                                ","0","143.53","34.64","73.41","73.41","0.0000","0","0","0","  ","   ","   ","      ","2023-12-19"
"C    ","315       ","C    315                                ","0","144","34.75","73.61","73.61","0.0000","0","0","0","  ","   ","   ","      ","2023-12-19"
"C    ","316       ","C    316                                ","0","144.48","34.86","73.85","73.85","0.0000","0","0","0","  ","   ","   ","      ","2023-12-19"
"C    ","317       ","C    317                                ","0","144.9","34.97","74.09","74.09","0.0000","0","0","0","  ","   ","   ","      ","2023-12-19"
"C    ","318       ","C    318                                ","0","145.37","35.08","74.33","74.33","0.0000","0","0","0","  ","   ","   ","      ","2023-12-19"
"C    ","319       ","C    319                                ","0","145.83","35.19","74.57","74.57","0.0000","0","0","0","  ","   ","   ","      ","2023-12-19"
"C    ","32        ","C    32                                 ","0","17.47","4.2","8.9","8.9","0.0000","0","0","0","  ","   ","   ","      ","2023-12-19"
"C    ","320       ","C    320                                ","0","146.28","35.3","74.78","74.78","0.0000","0","0","0","  ","   ","   ","      ","2023-12-19"
"C    ","321       ","C    321                                ","0","146.76","35.42","75.04","75.04","0.0000","0","0","0","  ","   ","   ","      ","2023-12-19"
"C    ","322       ","C    322                                ","0","147.17","35.53","75.26","75.26","0.0000","0","0","0","  ","   ","   ","      ","2023-12-19"
"C    ","323       ","C    323                                ","0","147.71","35.64","75.5","75.5","0.0000","0","0","0","  ","   ","   ","      ","2023-12-19"
"C    ","324       ","C    324                                ","0","148.1","35.74","75.72","75.72","0.0000","0","0","0","  ","   ","   ","      ","2023-12-19"
"C    ","325       ","C    325                                ","0","148.6","35.86","75.96","75.96","0.0000","0","0","0","  ","   ","   ","      ","2023-12-19"
"C    ","326       ","C    326                                ","0","148.99","35.96","76.19","76.19","0.0000","0","0","0","  ","   ","   ","      ","2023-12-19"
"C    ","327       ","C    327                                ","0","149.53","36.08","76.44","76.44","0.0000","0","0","0","  ","   ","   ","      ","2023-12-19"
"C    ","328       ","C    328                                ","0","149.94","36.19","76.68","76.68","0.0000","0","0","0","  ","   ","   ","      ","2023-12-19"
"C    ","329       ","C    329                                ","0","150.41","36.29","76.89","76.89","0.0000","0","0","0","  ","   ","   ","      ","2023-12-19"
"C    ","33        ","C    33                                 ","0","18","4.34","9.2","9.2","0.0000","0","0","0","  ","   ","   ","      ","2023-12-19"
"C    ","330       ","C    330                                ","0","150.88","36.42","77.15","77.15","0.0000","0","0","0","  ","   ","   ","      ","2023-12-19"
"C    ","331       ","C    331                                ","0","151.35","36.52","77.37","77.37","0.0000","0","0","0","  ","   ","   ","      ","2023-12-19"
"C    ","332       ","C    332                                ","0","151.75","36.63","77.61","77.61","0.0000","0","0","0","  ","   ","   ","      ","2023-12-19"
"C    ","333       ","C    333                                ","0","152.27","36.75","77.85","77.85","0.0000","0","0","0","  ","   ","   ","      ","2023-12-19"
"C    ","334       ","C    334                                ","0","152.66","36.84","78.06","78.06","0.0000","0","0","0","  ","   ","   ","      ","2023-12-19"
"C    ","335       ","C    335                                ","0","153.21","36.96","78.31","78.31","0.0000","0","0","0","  ","   ","   ","      ","2023-12-19"
"C    ","336       ","C    336                                ","0","153.62","37.07","78.54","78.54","0.0000","0","0","0","  ","   ","   ","      ","2023-12-19"
"C    ","337       ","C    337                                ","0","154.12","37.19","78.78","78.78","0.0000","0","0","0","  ","   ","   ","      ","2023-12-19"
"C    ","338       ","C    338                                ","0","154.47","37.28","78.98","78.98","0.0000","0","0","0","  ","   ","   ","      ","2023-12-19"
"C    ","339       ","C    339                                ","0","154.96","37.4","79.24","79.24","0.0000","0","0","0","  ","   ","   ","      ","2023-12-19"
"C    ","34        ","C    34                                 ","0","18.05","4.35","9.22","9.22","0.0000","0","0","0","  ","   ","   ","      ","2023-12-19"
"C    ","340       ","C    340                                ","0","155.44","37.52","79.47","79.47","0.0000","0","0","0","  ","   ","   ","      ","2023-12-19"
"C    ","341       ","C    341                                ","0","155.9","37.62","79.7","79.7","0.0000","0","0","0","  ","   ","   ","      ","2023-12-19"
"C    ","342       ","C    342                                ","0","156.43","37.74","79.96","79.96","0.0000","0","0","0","  ","   ","   ","      ","2023-12-19"
"C    ","343       ","C    343                                ","0","156.77","37.84","80.17","80.17","0.0000","0","0","0","  ","   ","   ","      ","2023-12-19"
"C    ","344       ","C    344                                ","0","157.27","37.95","80.4","80.4","0.0000","0","0","0","  ","   ","   ","      ","2023-12-19"
"C    ","345       ","C    345                                ","0","157.7","38.06","80.63","80.63","0.0000","0","0","0","  ","   ","   ","      ","2023-12-19"
"C    ","346       ","C    346                                ","0","158.2","38.17","80.87","80.87","0.0000","0","0","0","  ","   ","   ","      ","2023-12-19"
"C    ","347       ","C    347                                ","0","158.64","38.28","81.1","81.1","0.0000","0","0","0","  ","   ","   ","      ","2023-12-19"
"C    ","348       ","C    348                                ","0","159.05","38.39","81.33","81.33","0.0000","0","0","0","  ","   ","   ","      ","2023-12-19"
"C    ","349       ","C    349                                ","0","159.54","38.51","81.58","81.58","0.0000","0","0","0","  ","   ","   ","      ","2023-12-19"
"C    ","35        ","C    35                                 ","0","18.07","4.36","9.24","9.24","0.0000","0","0","0","  ","   ","   ","      ","2023-12-19"
"C    ","350       ","C    350                                ","0","160.04","38.62","81.8","81.8","0.0000","0","0","0","  ","   ","   ","      ","2023-12-19"
"C    ","351       ","C    351                                ","0","160.43","38.73","82.05","82.05","0.0000","0","0","0","  ","   ","   ","      ","2023-12-19"
"C    ","352       ","C    352                                ","0","160.93","38.84","82.29","82.29","0.0000","0","0","0","  ","   ","   ","      ","2023-12-19"
"C    ","353       ","C    353                                ","0","161.41","38.95","82.52","82.52","0.0000","0","0","0","  ","   ","   ","      ","2023-12-19"
"C    ","354       ","C    354                                ","0","161.87","39.06","82.75","82.75","0.0000","0","0","0","  ","   ","   ","      ","2023-12-19"
"C    ","355       ","C    355                                ","0","162.29","39.17","82.98","82.98","0.0000","0","0","0","  ","   ","   ","      ","2023-12-19"
"C    ","356       ","C    356                                ","0","162.74","39.28","83.2","83.2","0.0000","0","0","0","  ","   ","   ","      ","2023-12-19"
"C    ","357       ","C    357                                ","0","163.22","39.39","83.45","83.45","0.0000","0","0","0","  ","   ","   ","      ","2023-12-19"
"C    ","358       ","C    358                                ","0","163.67","39.49","83.67","83.67","0.0000","0","0","0","  ","   ","   ","      ","2023-12-19"
"C    ","359       ","C    359                                ","0","164.14","39.62","83.92","83.92","0.0000","0","0","0","  ","   ","   ","      ","2023-12-19"
"C    ","36        ","C    36                                 ","0","18.18","4.39","9.28","9.28","0.0000","0","0","0","  ","   ","   ","      ","2023-12-19"
"C    ","360       ","C    360                                ","0","164.46","39.7","84.12","84.12","0.0000","0","0","0","  ","   ","   ","      ","2023-12-19"
"C    ","365       ","C    365                                ","0","166.9","40.27","85.31","85.31","0.0000","0","0","0","  ","   ","   ","      ","2023-12-19"
"C    ","37        ","C    37                                 ","0","18.28","4.4","9.32","9.32","0.0000","0","0","0","  ","   ","   ","      ","2023-12-19"
"C    ","370       ","C    370                                ","0","169.14","40.82","86.47","86.47","0.0000","0","0","0","  ","   ","   ","      ","2023-12-19"
"C    ","38        ","C    38                                 ","0","18.29","4.41","9.36","9.36","0.0000","0","0","0","  ","   ","   ","      ","2023-12-19"
"C    ","380       ","C    380                                ","0","173.7","41.93","88.82","88.82","0.0000","0","0","0","  ","   ","   ","      ","2023-12-19"
"C    ","39        ","C    39                                 ","0","19.07","4.6","9.74","9.74","0.0000","0","0","0","  ","   ","   ","      ","2023-12-19"
"C    ","394       ","C    394                                ","0","180.1","43.47","92.1","92.1","0.0000","0","0","0","  ","   ","   ","      ","2023-12-19"
"C    ","395       ","C    395                                ","0","180.59","43.58","92.34","92.34","0.0000","0","0","0","  ","   ","   ","      ","2023-12-19"
"C    ","397       ","C    397                                ","0","181.54","43.8","92.8","92.8","0.0000","0","0","0","  ","   ","   ","      ","2023-12-19"
"C    ","40        ","C    40                                 ","0","19.55","4.72","9.99","9.99","0.0000","0","0","0","  ","   ","   ","      ","2023-12-19"
"C    ","400       ","C    400                                ","0","182.89","44.13","93.5","93.5","0.0000","0","0","0","  ","   ","   ","      ","2023-12-19"
"C    ","41        ","C    41                                 ","0","20.02","4.83","10.24","10.24","0.0000","0","0","0","  ","   ","   ","      ","2023-12-19"
"C    ","412       ","C    412                                ","0","188.4","45.46","96.3","96.3","0.0000","0","0","0","  ","   ","   ","      ","2023-12-19"
"C    ","415       ","C    415                                ","0","189.75","45.79","97","97","0.0000","0","0","0","  ","   ","   ","      ","2023-12-19"
"C    ","417       ","C    417                                ","0","143.86","34.72","73.56","73.56","0.0000","0","0","0","  ","   ","   ","      ","2023-12-19"
"C    ","418       ","C    418                                ","0","191.1","46.11","97.7","97.7","0.0000","0","0","0","  ","   ","   ","      ","2023-12-19"
"C    ","42        ","C    42                                 ","0","20.53","4.95","10.49","10.49","0.0000","0","0","0","  ","   ","   ","      ","2023-12-19"
"C    ","420       ","C    420                                ","0","192.01","46.34","98.17","98.17","0.0000","0","0","0","  ","   ","   ","      ","2023-12-19"
"C    ","43        ","C    43                                 ","0","21.01","5.07","10.74","10.74","0.0000","0","0","0","  ","   ","   ","      ","2023-12-19"
"C    ","44        ","C    44                                 ","0","21.53","5.19","10.99","10.99","0.0000","0","0","0","  ","   ","   ","      ","2023-12-19"
"C    ","440       ","C    440                                ","0","201.1","48.54","102.84","102.84","0.0000","0","0","0","  ","   ","   ","      ","2023-12-19"
"C    ","45        ","C    45                                 ","0","21.61","5.21","11.03","11.03","0.0000","0","0","0","  ","   ","   ","      ","2023-12-19"
"C    ","46        ","C    46                                 ","0","21.67","5.23","11.08","11.08","0.0000","0","0","0","  ","   ","   ","      ","2023-12-19"
"C    ","47        ","C    47                                 ","0","21.8","5.25","11.12","11.12","0.0000","0","0","0","  ","   ","   ","      ","2023-12-19"
"C    ","48        ","C    48                                 ","0","21.91","5.29","11.2","11.2","0.0000","0","0","0","  ","   ","   ","      ","2023-12-19"
"C    ","49        ","C    49                                 ","0","22.38","5.4","11.44","11.44","0.0000","0","0","0","  ","   ","   ","      ","2023-12-19"
"C    ","50        ","C    50                                 ","0","22.83","5.51","11.67","11.67","0.0000","0","0","0","  ","   ","   ","      ","2023-12-19"
"C    ","51        ","C    51                                 ","0","23.28","5.62","11.9","11.9","0.0000","0","0","0","  ","   ","   ","      ","2023-12-19"
"C    ","52        ","C    52                                 ","0","23.77","5.73","12.14","12.14","0.0000","0","0","0","  ","   ","   ","      ","2023-12-19"
"C    ","53        ","C    53                                 ","0","24.21","5.84","12.37","12.37","0.0000","0","0","0","  ","   ","   ","      ","2023-12-19"
"C    ","54        ","C    54                                 ","0","24.71","5.96","12.6","12.6","0.0000","0","0","0","  ","   ","   ","      ","2023-12-19"
"C    ","55        ","C    55                                 ","0","25.11","6.06","12.84","12.84","0.0000","0","0","0","  ","   ","   ","      ","2023-12-19"
"C    ","56        ","C    56                                 ","0","25.59","6.17","13.07","13.07","0.0000","0","0","0","  ","   ","   ","      ","2023-12-19"
"C    ","57        ","C    57                                 ","0","26.09","6.28","13.3","13.3","0.0000","0","0","0","  ","   ","   ","      ","2023-12-19"
"C    ","58        ","C    58                                 ","0","26.48","6.39","13.54","13.54","0.0000","0","0","0","  ","   ","   ","      ","2023-12-19"
"C    ","59        ","C    59                                 ","0","26.92","6.5","13.77","13.77","0.0000","0","0","0","  ","   ","   ","      ","2023-12-19"
"C    ","60        ","C    60                                 ","0","27.38","6.61","14","14","0.0000","0","0","0","  ","   ","   ","      ","2023-12-19"
"C    ","61        ","C    61                                 ","0","27.86","6.72","14.24","14.24","0.0000","0","0","0","  ","   ","   ","      ","2023-12-19"
"C    ","62        ","C    62                                 ","0","28.31","6.83","14.47","14.47","0.0000","0","0","0","  ","   ","   ","      ","2023-12-19"
"C    ","63        ","C    63                                 ","0","28.73","6.94","14.7","14.7","0.0000","0","0","0","  ","   ","   ","      ","2023-12-19"
"C    ","64        ","C    64                                 ","0","29.28","7.06","14.94","14.94","0.0000","0","0","0","  ","   ","   ","      ","2023-12-19"
"C    ","65        ","C    65                                 ","0","29.67","7.16","15.17","15.17","0.0000","0","0","0","  ","   ","   ","      ","2023-12-19"
"C    ","66        ","C    66                                 ","0","30.15","7.27","15.4","15.4","0.0000","0","0","0","  ","   ","   ","      ","2023-12-19"
"C    ","67        ","C    67                                 ","0","30.59","7.38","15.64","15.64","0.0000","0","0","0","  ","   ","   ","      ","2023-12-19"
"C    ","68        ","C    68                                 ","0","31.09","7.49","15.87","15.87","0.0000","0","0","0","  ","   ","   ","      ","2023-12-19"
"C    ","69        ","C    69                                 ","0","31.5","7.6","16.1","16.1","0.0000","0","0","0","  ","   ","   ","      ","2023-12-19"
"C    ","70        ","C    70                                 ","0","31.94","7.71","16.33","16.33","0.0000","0","0","0","  ","   ","   ","      ","2023-12-19"
"C    ","71        ","C    71                                 ","0","32.37","7.82","16.57","16.57","0.0000","0","0","0","  ","   ","   ","      ","2023-12-19"
"C    ","72        ","C    72                                 ","0","32.88","7.93","16.8","16.8","0.0000","0","0","0","  ","   ","   ","      ","2023-12-19"
"C    ","73        ","C    73                                 ","0","33.3","8.04","17.03","17.03","0.0000","0","0","0","  ","   ","   ","      ","2023-12-19"
"C    ","74        ","C    74                                 ","0","33.79","8.15","17.27","17.27","0.0000","0","0","0","  ","   ","   ","      ","2023-12-19"
"C    ","75        ","C    75                                 ","0","34.18","8.26","17.5","17.5","0.0000","0","0","0","  ","   ","   ","      ","2023-12-19"
"C    ","76        ","C    76                                 ","0","34.71","8.37","17.73","8.37","0.0000","0","0","0","  ","   ","   ","      ","2023-12-19"
"C    ","77        ","C    77                                 ","0","35.16","8.48","17.97","17.97","0.0000","0","0","0","  ","   ","   ","      ","2023-12-19"
"C    ","78        ","C    78                                 ","0","35.59","8.59","18.2","18.2","0.0000","0","0","0","  ","   ","   ","      ","2023-12-19"
"C    ","79        ","C    79                                 ","0","36.08","8.7","18.43","18.43","0.0000","0","0","0","  ","   ","   ","      ","2023-12-19"
"C    ","80        ","C    80                                 ","0","36.51","8.81","18.67","18.67","0.0000","0","0","0","  ","   ","   ","      ","2023-12-19"
"C    ","81        ","C    81                                 ","0","36.98","8.92","18.9","18.9","0.0000","0","0","0","  ","   ","   ","      ","2023-12-19"
"C    ","82        ","C    82                                 ","0","37.4","9.03","19.13","9.03","0.0000","0","0","0","  ","   ","   ","      ","2023-12-19"
"C    ","83        ","C    83                                 ","0","37.85","9.14","19.37","19.37","0.0000","0","0","0","  ","   ","   ","      ","2023-12-19"
"C    ","84        ","C    84                                 ","0","38.4","9.26","19.6","19.6","0.0000","0","0","0","  ","   ","   ","      ","2023-12-19"
"C    ","85        ","C    85                                 ","0","38.8","9.36","19.83","19.83","0.0000","0","0","0","  ","   ","   ","      ","2023-12-19"
"C    ","86        ","C    86                                 ","0","39.21","9.47","20.07","20.07","0.0000","0","0","0","  ","   ","   ","      ","2023-12-19"
"C    ","87        ","C    87                                 ","0","39.72","9.58","20.3","20.3","0.0000","0","0","0","  ","   ","   ","      ","2023-12-19"
"C    ","88        ","C    88                                 ","0","40.15","9.69","20.53","20.53","0.0000","0","0","0","  ","   ","   ","      ","2023-12-19"
"C    ","89        ","C    89                                 ","0","40.6","9.8","20.77","20.77","0.0000","0","0","0","  ","   ","   ","      ","2023-12-19"
"C    ","90        ","C    90                                 ","0","41.08","9.91","21","21","0.0000","0","0","0","  ","   ","   ","      ","2023-12-19"
"C    ","91        ","C    91                                 ","0","41.52","10.02","21.23","21.23","0.0000","0","0","0","  ","   ","   ","      ","2023-12-19"
"C    ","92        ","C    92                                 ","0","41.97","10.13","21.47","21.47","0.0000","0","0","0","  ","   ","   ","      ","2023-12-19"
"C    ","93        ","C    93                                 ","0","42.38","10.24","21.7","21.7","0.0000","0","0","0","  ","   ","   ","      ","2023-12-19"
"C    ","94        ","C    94                                 ","0","42.96","10.36","21.93","21.93","0.0000","0","0","0","  ","   ","   ","      ","2023-12-19"
"C    ","95        ","C    95                                 ","0","43.4","10.46","22.16","22.16","0.0000","0","0","0","  ","   ","   ","      ","2023-12-19"
"C    ","96        ","C    96                                 ","0","43.78","10.57","22.4","22.4","0.0000","0","0","0","  ","   ","   ","      ","2023-12-19"
"C    ","97        ","C    97                                 ","0","44.27","10.68","22.63","22.63","0.0000","0","0","0","  ","   ","   ","      ","2023-12-19"
"C    ","98        ","C    98                                 ","0","44.7","10.79","22.86","22.86","0.0000","0","0","0","  ","   ","   ","      ","2023-12-19"
"C    ","99        ","C    99                                 ","0","45.2","10.91","23.1","23.1","0.0000","0","0","0","  ","   ","   ","      ","2023-12-19"
"CAA  ","100       ","CAÑO 100                                ","0","136.93","33.04","55.59","55.59","0.0000","0","0","0","0 ","0  ","0  ","      ","2023-12-19"
"CAA  ","110       ","CAÑO 110                                ","0","140.62","33.94","57.09","57.09","0.0000","0","0","0","0 ","0  ","0  ","      ","2023-12-19"
"CAA  ","125       ","CAÑO 125                                ","0","150.07","36.23","60.93","60.93","0.0000","0","0","0","0 ","0  ","0  ","      ","2023-12-19"
"CAA  ","20        ","CAÑO 20                                 ","0","24.36","5.88","9.89","9.89","0.0000","0","0","0","0 ","0  ","0  ","      ","2023-12-19"
"CAA  ","22        ","CAÑO 22                                 ","0","25.31","6.1","10.26","10.26","0.0000","0","0","0","0 ","0  ","0  ","      ","2023-12-19"
"CAA  ","25        ","CAÑO 25                                 ","0","25.31","6.1","10.26","10.26","0.0000","0","0","0","0 ","0  ","0  ","      ","2023-12-19"
"CAA  ","28        ","CAÑO 28                                 ","0","25.76","6.22","10.46","10.46","0.0000","0","0","0","0 ","0  ","0  ","      ","2023-12-19"
"CAA  ","30        ","CAÑO 30                                 ","0","26.47","6.38","10.74","10.74","0.0000","0","0","0","0 ","0  ","0  ","      ","2023-12-19"
"CAA  ","32        ","CAÑO 32                                 ","0","27.31","6.59","11.08","11.08","0.0000","0","0","0","0 ","0  ","0  ","      ","2023-12-19"
"CAA  ","35        ","CAÑO 35                                 ","0","30.46","7.35","12.36","12.36","0.0000","0","0","0","0 ","0  ","0  ","      ","2023-12-19"
"CAA  ","38        ","CAÑO 38                                 ","0","32.21","7.77","13.06","13.06","0.0000","0","0","0","0 ","0  ","0  ","      ","2023-12-19"
"CAA  ","40        ","CAÑO 40                                 ","0","33.21","8.01","13.48","13.48","0.0000","0","0","0","0 ","0  ","0  ","      ","2023-12-19"
"CAA  ","42        ","CAÑO 42                                 ","0","33.71","8.14","13.69","13.69","0.0000","0","0","0","0 ","0  ","0  ","      ","2023-12-19"
"CAA  ","45        ","CAÑO 45                                 ","0","35.6","8.6","14.47","14.47","0.0000","0","0","0","0 ","0  ","0  ","      ","2023-12-19"
"CAA  ","48        ","CAÑO 48                                 ","0","45.93","11.07","18.63","18.63","0.0000","0","0","0","0 ","0  ","0  ","      ","2023-12-19"
"CAA  ","50        ","CAÑO 50                                 ","0","46.41","11.2","18.83","18.83","0.0000","0","0","0","0 ","0  ","0  ","      ","2023-12-19"
"CAA  ","55        ","CAÑO 55                                 ","0","71.73","17.31","29.12","29.12","0.0000","0","0","0","0 ","0  ","0  ","      ","2023-12-19"
"CAA  ","60        ","CAÑO 60                                 ","0","77.41","18.67","31.39","31.39","0.0000","0","0","0","0 ","0  ","0  ","      ","2023-12-19"
"CAA  ","65        ","CAÑO 65                                 ","0","79.64","19.22","32.34","32.34","0.0000","0","0","0","0 ","0  ","0  ","      ","2023-12-19"
"CAA  ","70        ","CAÑO 70                                 ","0","84.55","20.41","34.33","34.33","0.0000","0","0","0","0 ","0  ","0  ","      ","2023-12-19"
"CAA  ","75        ","CAÑO 75                                 ","0","95.65","23.08","38.82","38.82","0.0000","0","0","0","0 ","0  ","0  ","      ","2023-12-19"
"CAA  ","80        ","CAÑO 80                                 ","0","102.25","24.67","41.5","41.5","0.0000","0","0","0","0 ","0  ","0  ","      ","2023-12-19"
"CAA  ","85        ","CAÑO 85                                 ","0","108.77","26.26","44.17","44.17","0.0000","0","0","0","0 ","0  ","0  ","      ","2023-12-19"
"CAA  ","90        ","CAÑO 90                                 ","0","123.07","29.7","49.95","49.95","0.0000","0","0","0","0 ","0  ","0  ","      ","2023-12-19"
"CAA  ","95        ","CAÑO 95                                 ","0","127.58","30.79","51.79","51.79","0.0000","0","0","0","0 ","0  ","0  ","      ","2023-12-19"
"CAC  ","100       ","CAÑO C 100                              ","0","150.72","36.36","61.16","61.16","0.0000","0","0","0","0 ","0  ","0  ","      ","2023-12-19"
"CAC  ","110       ","CAÑO C 110                              ","0","150.72","36.36","61.16","61.16","0.0000","0","0","0","0 ","0  ","0  ","      ","2023-12-19"
"CAC  ","125       ","CAÑO C 125                              ","0","160.6","38.75","65.19","65.19","0.0000","0","0","0","0 ","0  ","0  ","      ","2023-12-19"
"CAC  ","20        ","CAÑO C 20                               ","0","28","6.76","11.37","11.37","0.0000","0","0","0","0 ","0  ","0  ","      ","2023-12-19"
"CAC  ","22        ","CAÑO C 22                               ","0","29.08","7.01","11.79","11.79","0.0000","0","0","0","0 ","0  ","0  ","      ","2023-12-19"
"CAC  ","25        ","CAÑO C 25                               ","0","32.86","7.92","13.33","13.33","0.0000","0","0","0","0 ","0  ","0  ","      ","2023-12-19"
"CAC  ","28        ","CAÑO C 28                               ","0","32.86","7.92","13.33","13.33","0.0000","0","0","0","0 ","0  ","0  ","      ","2023-12-19"
"CAC  ","30        ","CAÑO C 30                               ","0","32.86","7.92","13.33","13.33","0.0000","0","0","0","0 ","0  ","0  ","      ","2023-12-19"
"CAC  ","32        ","CAÑO C 32                               ","0","37.35","9.02","15.17","15.17","0.0000","0","0","0","0 ","0  ","0  ","      ","2023-12-19"
"CAC  ","35        ","CAÑO C 35                               ","0","37.35","9.02","15.17","15.17","0.0000","0","0","0","0 ","0  ","0  ","      ","2023-12-19"
"CAC  ","38        ","CAÑO C 38                               ","0","39.9","9.63","16.19","16.19","0.0000","0","0","0","0 ","0  ","0  ","      ","2023-12-19"
"CAC  ","40        ","CAÑO C 40                               ","0","39.9","9.63","16.19","16.19","0.0000","0","0","0","0 ","0  ","0  ","      ","2023-12-19"
"CAC  ","42        ","CAÑO C 42                               ","0","39.9","9.63","16.19","16.19","0.0000","0","0","0","0 ","0  ","0  ","      ","2023-12-19"
"CAC  ","45        ","CAÑO C 45                               ","0","39.9","9.63","16.19","16.19","0.0000","0","0","0","0 ","0  ","0  ","      ","2023-12-19"
"CAC  ","48        ","CAÑO C 48                               ","0","56.01","13.52","22.73","22.73","0.0000","0","0","0","0 ","0  ","0  ","      ","2023-12-19"
"CAC  ","50        ","CAÑO C 50                               ","0","56.01","13.52","22.73","22.73","0.0000","0","0","0","0 ","0  ","0  ","      ","2023-12-19"
"CAC  ","55        ","CAÑO C 55                               ","0","93.19","22.49","37.85","37.85","0.0000","0","0","0","0 ","0  ","0  ","      ","2023-12-19"
"CAC  ","60        ","CAÑO C 60                               ","0","93.19","22.49","37.85","37.85","0.0000","0","0","0","0 ","0  ","0  ","      ","2023-12-19"
"CAC  ","65        ","CAÑO C 65                               ","0","93.19","22.49","37.85","37.85","0.0000","0","0","0","0 ","0  ","0  ","      ","2023-12-19"
"CAC  ","70        ","CAÑO C 70                               ","0","103.98","25.1","42.22","42.22","0.0000","0","0","0","0 ","0  ","0  ","      ","2023-12-19"
"CAC  ","75        ","CAÑO C 75                               ","0","121.46","29.31","49.3","49.3","0.0000","0","0","0","0 ","0  ","0  ","      ","2023-12-19"
"CAC  ","80        ","CAÑO C 80                               ","0","121.46","29.31","49.3","49.3","0.0000","0","0","0","0 ","0  ","0  ","      ","2023-12-19"
"CAC  ","85        ","CAÑO C 85                               ","0","121.46","29.31","49.3","49.3","0.0000","0","0","0","0 ","0  ","0  ","      ","2023-12-19"
"CAC  ","90        ","CAÑO C 90                               ","0","140.28","33.85","56.94","56.94","0.0000","0","0","0","0 ","0  ","0  ","      ","2023-12-19"
"CAC  ","95        ","CAÑO C 95                               ","0","140.28","33.85","56.94","56.94","0.0000","0","0","0","0 ","0  ","0  ","      ","2023-12-19"
"CAGRI","101       ","101 MM                                  ","0","59.41","39.22","0.0000","39.22","0.0000","0","0","0","0 ","0  ","0  ","      ","2023-12-19"
"CAGRI","25        ","25 MM                                   ","0","8.89","5.87","0.0000","5.87","0.0000","0","0","0","0 ","0  ","0  ","      ","2023-12-19"
"CAGRI","32        ","32 MM                                   ","0","11.73","7.74","0.0000","7.74","0.0000","0","0","0","0 ","0  ","0  ","      ","2023-12-19"
"CAGRI","38        ","38 MM                                   ","0","14.43","9.52","0.0000","9.52","0.0000","0","0","0","0 ","0  ","0  ","      ","2023-12-19"
"CAGRI","45        ","45 MM                                   ","0","17.28","11.41","0.0000","11.41","0.0000","0","0","0","0 ","0  ","0  ","      ","2023-12-19"
"CAGRI","50        ","50 MM                                   ","0","20.06","13.25","0.0000","13.25","0.0000","0","0","0","0 ","0  ","0  ","      ","2023-12-19"
"CAGRI","57        ","57 MM                                   ","0","26.21","17.3","0.0000","17.3","0.0000","0","0","0","0 ","0  ","0  ","      ","2023-12-19"
"CAGRI","63        ","63 MM                                   ","0","31.76","20.96","0.0000","20.96","0.0000","0","0","0","0 ","0  ","0  ","      ","2023-12-19"
"CAGRI","76        ","76 MM                                   ","0","36.99","24.42","0.0000","24.42","0.0000","0","0","0","0 ","0  ","0  ","      ","2023-12-19"
"CARPV","1         ","CARP.PVC MONEDA NEGRO2000               ","0","24.99","15","0.0000","15","0.0000","0","0","0","0 ","0  ","0  ","      ","2023-12-19"
"CARPV","2         ","CARP.PVC MONEDA GRIS 2000               ","0","24.99","15","0.0000","15","0.0000","0","0","0","0 ","0  ","0  ","      ","2023-12-19"
"CARPV","3         ","CARP.PVC ARROZ NEGRO 2000               ","0","24.99","15","0.0000","15","0.0000","0","0","0","0 ","0  ","0  ","      ","2023-12-19"
"CARPV","4         ","CARP.PVC ARROZ GRIS 2000                ","0","24.99","15","0.0000","15","0.0000","0","0","0","0 ","0  ","0  ","      ","2023-12-19"
"CC   ","100       ","CC   100                                ","0","158.31","38.21","78","78","0.0000","0","0","0","  ","   ","   ","      ","2023-12-19"
"CC   ","103       ","CC   103                                ","0","163.05","39.35","80.34","80.34","0.0000","0","0","0","  ","   ","   ","      ","2023-12-19"
"CC   ","105       ","CC   105                                ","0","166.23","40.12","81.9","81.9","0.0000","0","0","0","  ","   ","   ","      ","2023-12-19"
"CC   ","108       ","CC   108                                ","0","170.99","41.26","84.24","84.24","0.0000","0","0","0","  ","   ","   ","      ","2023-12-19"
"CC   ","111       ","CC   111                                ","0","175.72","42.41","86.58","86.58","0.0000","0","0","0","  ","   ","   ","      ","2023-12-19"
"CC   ","114       ","CC   114                                ","0","185.06","44.65","91.15","91.15","0.0000","0","0","0","  ","   ","   ","      ","2023-12-19"
"CC   ","115       ","CC   115                                ","0","178.52","43.08","87.95","87.95","0.0000","0","0","0","  ","   ","   ","      ","2023-12-19"
"CC   ","118       ","CC   118                                ","0","181.08","43.71","89.24","89.24","0.0000","0","0","0","  ","   ","   ","      ","2023-12-19"
"CC   ","119       ","CC   119                                ","0","183.62","44.31","90.46","90.46","0.0000","0","0","0","  ","   ","   ","      ","2023-12-19"
"CC   ","120       ","CC   120                                ","0","184.71","44.57","90.98","90.98","0.0000","0","0","0","  ","   ","   ","      ","2023-12-19"
"CC   ","121       ","CC   121                                ","0","185.12","44.68","91.22","91.22","0.0000","0","0","0","  ","   ","   ","      ","2023-12-19"
"CC   ","122       ","CC   122                                ","0","185.47","44.76","91.38","91.38","0.0000","0","0","0","  ","   ","   ","      ","2023-12-19"
"CC   ","124       ","CC   124                                ","0","188.53","45.5","92.89","92.89","0.0000","0","0","0","  ","   ","   ","      ","2023-12-19"
"CC   ","125       ","CC   125                                ","0","190.1","45.88","93.67","93.67","0.0000","0","0","0","  ","   ","   ","      ","2023-12-19"
"CC   ","128       ","CC   128                                ","0","195.04","47.06","96.07","96.07","0.0000","0","0","0","  ","   ","   ","      ","2023-12-19"
"CC   ","130       ","CC   130                                ","0","195.65","47.22","96.4","96.4","0.0000","0","0","0","  ","   ","   ","      ","2023-12-19"
"CC   ","132       ","CC   132                                ","0","198.01","47.79","97.56","97.56","0.0000","0","0","0","  ","   ","   ","      ","2023-12-19"
"CC   ","135       ","CC   135                                ","0","201.72","48.69","99.41","99.41","0.0000","0","0","0","  ","   ","   ","      ","2023-12-19"
"CC   ","136       ","CC   136                                ","0","203.32","49.06","100.16","100.16","0.0000","0","0","0","  ","   ","   ","      ","2023-12-19"
"CC   ","137       ","CC   137                                ","0","204.99","49.47","100.99","100.99","0.0000","0","0","0","  ","   ","   ","      ","2023-12-19"
"CC   ","142       ","CC   142                                ","0","210.14","50.71","103.54","103.54","0.0000","0","0","0","  ","   ","   ","      ","2023-12-19"
"CC   ","145       ","CC   145                                ","0","213.7","51.56","105.25","105.25","0.0000","0","0","0","  ","   ","   ","      ","2023-12-19"
"CC   ","148       ","CC   148                                ","0","219.16","52.89","107.98","107.98","0.0000","0","0","0","  ","   ","   ","      ","2023-12-19"
"CC   ","150       ","CC   150                                ","0","220.96","53.33","108.89","108.89","0.0000","0","0","0","  ","   ","   ","      ","2023-12-19"
"CC   ","151       ","CC   151                                ","0","221.77","53.53","109.28","109.28","0.0000","0","0","0","  ","   ","   ","      ","2023-12-19"
"CC   ","153       ","CC   153                                ","0","224.51","54.18","110.6","110.6","0.0000","0","0","0","  ","   ","   ","      ","2023-12-19"
"CC   ","156       ","CC   156                                ","0","228.14","55.05","112.4","112.4","0.0000","0","0","0","  ","   ","   ","      ","2023-12-19"
"CC   ","158       ","CC   158                                ","0","231.1","55.78","113.87","113.87","0.0000","0","0","0","  ","   ","   ","      ","2023-12-19"
"CC   ","159       ","CC   159                                ","0","232.85","56.19","114.72","114.72","0.0000","0","0","0","  ","   ","   ","      ","2023-12-19"
"CC   ","160       ","CC   160                                ","0","233.43","56.34","115.02","115.02","0.0000","0","0","0","  ","   ","   ","      ","2023-12-19"
"CC   ","161       ","CC   161                                ","0","234.57","56.61","115.57","115.57","0.0000","0","0","0","  ","   ","   ","      ","2023-12-19"
"CC   ","162       ","CC   162                                ","0","235.24","56.77","115.9","115.9","0.0000","0","0","0","  ","   ","   ","      ","2023-12-19"
"CC   ","163       ","CC   163                                ","0","235.51","56.83","116.03","116.03","0.0000","0","0","0","  ","   ","   ","      ","2023-12-19"
"CC   ","166       ","CC   166                                ","0","239.11","57.71","117.83","117.83","0.0000","0","0","0","  ","   ","   ","      ","2023-12-19"
"CC   ","167       ","CC   167                                ","0","240.59","58.06","118.54","118.54","0.0000","0","0","0","  ","   ","   ","      ","2023-12-19"
"CC   ","168       ","CC   168                                ","0","242.48","58.52","119.46","119.46","0.0000","0","0","0","  ","   ","   ","      ","2023-12-19"
"CC   ","171       ","CC   171                                ","0","246.06","59.38","121.21","121.21","0.0000","0","0","0","  ","   ","   ","      ","2023-12-19"
"CC   ","177       ","CC   177                                ","0","259.79","62.69","127.98","127.98","0.0000","0","0","0","  ","   ","   ","      ","2023-12-19"
"CC   ","178       ","CC   178                                ","0","261.17","63.02","128.65","128.65","0.0000","0","0","0","  ","   ","   ","      ","2023-12-19"
"CC   ","180       ","CC   180                                ","0","262.6","63.37","129.36","129.36","0.0000","0","0","0","  ","   ","   ","      ","2023-12-19"
"CC   ","182       ","CC   182                                ","0","264.57","63.85","130.36","130.36","0.0000","0","0","0","  ","   ","   ","      ","2023-12-19"
"CC   ","187       ","CC   187                                ","0","269.39","65.02","132.73","132.73","0.0000","0","0","0","  ","   ","   ","      ","2023-12-19"
"CC   ","188       ","CC   188                                ","0","270.71","65.34","133.4","133.4","0.0000","0","0","0","  ","   ","   ","      ","2023-12-19"
"CC   ","190       ","CC   190                                ","0","273.69","66.06","134.86","134.86","0.0000","0","0","0","  ","   ","   ","      ","2023-12-19"
"CC   ","205       ","CC   205                                ","0","295.96","71.43","145.82","145.82","0.0000","0","0","0","  ","   ","   ","      ","2023-12-19"
"CC   ","208       ","CC   208                                ","0","299.88","72.37","147.74","147.74","0.0000","0","0","0","  ","   ","   ","      ","2023-12-19"
"CC   ","209       ","CC   209                                ","0","300.69","72.57","148.15","148.15","0.0000","0","0","0","  ","   ","   ","      ","2023-12-19"
"CC   ","210       ","CC   210                                ","0","305.54","73.73","150.53","150.53","0.0000","0","0","0","  ","   ","   ","      ","2023-12-19"
"CC   ","220       ","CC   220                                ","0","316.84","76.47","156.12","156.12","0.0000","0","0","0","  ","   ","   ","      ","2023-12-19"
"CC   ","230       ","CC   230                                ","0","331.34","79.96","163.236","163.236","0.0000","0","0","0","  ","   ","   ","      ","2023-12-19"
"CC   ","75        ","CC   75                                 ","0","119.98","28.95","59.11","59.11","0.0000","0","0","0","  ","   ","   ","      ","2023-12-19"
"CC   ","76        ","CC   76                                 ","0","121.52","29.33","59.87","59.87","0.0000","0","0","0","  ","   ","   ","      ","2023-12-19"
"CC   ","85        ","CC   85                                 ","0","135.07","32.6","66.56","66.56","0.0000","0","0","0","  ","   ","   ","      ","2023-12-19"
"CC   ","87        ","CC   87                                 ","0","138.37","33.38","68.15","68.15","0.0000","0","0","0","  ","   ","   ","      ","2023-12-19"
"CC   ","88        ","CC   88                                 ","0","139.24","33.61","68.6","68.6","0.0000","0","0","0","  ","   ","   ","      ","2023-12-19"
"CC   ","90        ","CC   90                                 ","0","142.86","34.48","70.4","70.4","0.0000","0","0","0","  ","   ","   ","      ","2023-12-19"
"CC   ","93        ","CC   93                                 ","0","147.42","35.57","72.62","72.62","0.0000","0","0","0","  ","   ","   ","      ","2023-12-19"
"CC   ","94        ","CC   94                                 ","0","148.92","35.94","73.38","73.38","0.0000","0","0","0","  ","   ","   ","      ","2023-12-19"
"CC   ","96        ","CC   96                                 ","0","152.22","36.74","75","75","0.0000","0","0","0","  ","   ","   ","      ","2023-12-19"
"CC   ","98        ","CC   98                                 ","0","155.25","37.47","76.5","76.5","0.0000","0","0","0","  ","   ","   ","      ","2023-12-19"
"COR  ","          ","TEMP.NORMAL                             ","0","33.32","20","0.0000","20","0.0000","0","0","0","0 ","0  ","0  ","      ","2023-12-19"
"COR  ","1         ","TEMP.NORMAL                             ","0","33.32","20","0.0000","20","0.0000","0","0","0","0 ","0  ","0  ","      ","2023-12-19"
"COR  ","2         ","BAJA TEMP.                              ","0","66.65","40","0.0000","40","0.0000","0","0","0","0 ","0  ","0  ","      ","2023-12-19"
"CORBT","200       ","200 MM                                  ","0","2.6","6.56","0.0000","6.56","0.0000","0","0","0","0 ","0  ","0  ","      ","2025-01-27"
"CORBT","300       ","CORTINA BAJA TEMP.                      ","0","5.23","14.22","0.0000","14.22","0.0000","0","0","0","0 ","0  ","0  ","      ","2025-01-27"
"CORTN","100       ","CORTINA TEMP.NORMAL                     ","0","0.96","1.41","0.0000","1.41","0.0000","0","0","0","0 ","0  ","0  ","      ","2025-01-27"
"CORTN","200       ","200 MM                                  ","0","2.35","4.1","0.0000","4.1","0.0000","0","0","0","0 ","0  ","0  ","      ","2025-01-27"
"D    ","100       ","D    100                                ","0","106.51","25.71","52.48","52.48","0.0000","0","0","0","  ","   ","   ","      ","2023-12-19"
"D    ","101       ","D    101                                ","0","107.63","25.96","53","53","0.0000","0","0","0","  ","   ","   ","      ","2023-12-19"
"D    ","102       ","D    102                                ","0","108.65","26.22","53.53","53.53","0.0000","0","0","0","  ","   ","   ","      ","2023-12-19"
"D    ","103       ","D    103                                ","0","109.66","26.47","54.05","54.05","0.0000","0","0","0","  ","   ","   ","      ","2023-12-19"
"D    ","104       ","D    104                                ","0","110.76","26.73","54.58","54.58","0.0000","0","0","0","  ","   ","   ","      ","2023-12-19"
"D    ","105       ","D    105                                ","0","111.93","27","55.11","55.11","0.0000","0","0","0","  ","   ","   ","      ","2023-12-19"
"D    ","106       ","D    106                                ","0","112.96","27.25","55.62","55.62","0.0000","0","0","0","  ","   ","   ","      ","2023-12-19"
"D    ","107       ","D    107                                ","0","113.98","27.51","56.16","56.16","0.0000","0","0","0","  ","   ","   ","      ","2023-12-19"
"D    ","108       ","D    108                                ","0","115.04","27.75","56.66","56.66","0.0000","0","0","0","  ","   ","   ","      ","2023-12-19"
"D    ","109       ","D    109                                ","0","116.07","28.02","57.21","57.21","0.0000","0","0","0","  ","   ","   ","      ","2023-12-19"
"D    ","110       ","D    110                                ","0","117.17","28.28","57.73","57.73","0.0000","0","0","0","  ","   ","   ","      ","2023-12-19"
"D    ","111       ","D    111                                ","0","118.24","28.53","58.25","58.25","0.0000","0","0","0","  ","   ","   ","      ","2023-12-19"
"D    ","112       ","D    112                                ","0","119.29","28.79","58.78","58.78","0.0000","0","0","0","  ","   ","   ","      ","2023-12-19"
"D    ","113       ","D    113                                ","0","120.38","29.05","59.3","59.3","0.0000","0","0","0","  ","   ","   ","      ","2023-12-19"
"D    ","114       ","D    114                                ","0","121.39","29.3","59.82","59.82","0.0000","0","0","0","  ","   ","   ","      ","2023-12-19"
"D    ","115       ","D    115                                ","0","122.55","29.57","60.36","60.36","0.0000","0","0","0","  ","   ","   ","      ","2023-12-19"
"D    ","116       ","D    116                                ","0","123.54","29.82","60.88","60.88","0.0000","0","0","0","  ","   ","   ","      ","2023-12-19"
"D    ","117       ","D    117                                ","0","124.63","30.08","61.41","61.41","0.0000","0","0","0","  ","   ","   ","      ","2023-12-19"
"D    ","118       ","D    118                                ","0","125.68","30.34","61.94","61.94","0.0000","0","0","0","  ","   ","   ","      ","2023-12-19"
"D    ","119       ","D    119                                ","0","126.77","30.6","62.47","62.47","0.0000","0","0","0","  ","   ","   ","      ","2023-12-19"
"D    ","120       ","D    120                                ","0","127.86","30.85","62.97","62.97","0.0000","0","0","0","  ","   ","   ","      ","2023-12-19"
"D    ","121       ","D    121                                ","0","128.94","31.12","63.52","63.52","0.0000","0","0","0","  ","   ","   ","      ","2023-12-19"
"D    ","122       ","D    122                                ","0","129.97","31.36","64.03","64.03","0.0000","0","0","0","  ","   ","   ","      ","2023-12-19"
"D    ","123       ","D    123                                ","0","130.93","31.61","64.55","64.55","0.0000","0","0","0","  ","   ","   ","      ","2023-12-19"
"D    ","124       ","D    124                                ","0","132.08","31.88","65.07","65.07","0.0000","0","0","0","  ","   ","   ","      ","2023-12-19"
"D    ","125       ","D    125                                ","0","133.1","32.13","65.6","65.6","0.0000","0","0","0","  ","   ","   ","      ","2023-12-19"
"D    ","126       ","D    126                                ","0","134.17","32.39","66.13","66.13","0.0000","0","0","0","  ","   ","   ","      ","2023-12-19"
"D    ","127       ","D    127                                ","0","135.24","32.64","66.64","66.64","0.0000","0","0","0","  ","   ","   ","      ","2023-12-19"
"D    ","128       ","D    128                                ","0","136.36","32.91","67.18","67.18","0.0000","0","0","0","  ","   ","   ","      ","2023-12-19"
"D    ","129       ","D    129                                ","0","137.37","33.16","67.7","67.7","0.0000","0","0","0","  ","   ","   ","      ","2023-12-19"
"D    ","130       ","D    130                                ","0","138.44","33.41","68.21","68.21","0.0000","0","0","0","  ","   ","   ","      ","2023-12-19"
"D    ","131       ","D    131                                ","0","139.54","33.68","68.76","68.76","0.0000","0","0","0","  ","   ","   ","      ","2023-12-19"
"D    ","132       ","D    132                                ","0","140.61","33.93","69.27","69.27","0.0000","0","0","0","  ","   ","   ","      ","2023-12-19"
"D    ","133       ","D    133                                ","0","141.67","34.19","69.79","69.79","0.0000","0","0","0","  ","   ","   ","      ","2023-12-19"
"D    ","134       ","D    134                                ","0","142.72","34.44","70.31","70.31","0.0000","0","0","0","  ","   ","   ","      ","2023-12-19"
"D    ","135       ","D    135                                ","0","143.82","34.71","70.85","70.85","0.0000","0","0","0","  ","   ","   ","      ","2023-12-19"
"D    ","136       ","D    136                                ","0","144.88","34.96","71.37","71.37","0.0000","0","0","0","  ","   ","   ","      ","2023-12-19"
"D    ","137       ","D    137                                ","0","145.92","35.21","71.89","71.89","0.0000","0","0","0","  ","   ","   ","      ","2023-12-19"
"D    ","138       ","D    138                                ","0","147.04","35.48","72.43","72.43","0.0000","0","0","0","  ","   ","   ","      ","2023-12-19"
"D    ","139       ","D    139                                ","0","147.99","35.72","72.93","72.93","0.0000","0","0","0","  ","   ","   ","      ","2023-12-19"
"D    ","140       ","D    140                                ","0","149.17","35.99","73.47","73.47","0.0000","0","0","0","  ","   ","   ","      ","2023-12-19"
"D    ","141       ","D    141                                ","0","150.24","36.25","74","74","0.0000","0","0","0","  ","   ","   ","      ","2023-12-19"
"D    ","142       ","D    142                                ","0","151.25","36.5","74.52","74.52","0.0000","0","0","0","  ","   ","   ","      ","2023-12-19"
"D    ","143       ","D    143                                ","0","152.27","36.75","75.04","75.04","0.0000","0","0","0","  ","   ","   ","      ","2023-12-19"
"D    ","144       ","D    144                                ","0","153.36","37.01","75.56","75.56","0.0000","0","0","0","  ","   ","   ","      ","2023-12-19"
"D    ","145       ","D    145                                ","0","154.45","37.27","76.09","76.09","0.0000","0","0","0","  ","   ","   ","      ","2023-12-19"
"D    ","146       ","D    146                                ","0","155.46","37.53","76.61","76.61","0.0000","0","0","0","  ","   ","   ","      ","2023-12-19"
"D    ","147       ","D    147                                ","0","156.62","37.79","77.14","77.14","0.0000","0","0","0","  ","   ","   ","      ","2023-12-19"
"D    ","148       ","D    148                                ","0","157.66","38.05","77.68","77.68","0.0000","0","0","0","  ","   ","   ","      ","2023-12-19"
"D    ","149       ","D    149                                ","0","158.7","38.3","78.19","78.19","0.0000","0","0","0","  ","   ","   ","      ","2023-12-19"
"D    ","150       ","D    150                                ","0","159.76","38.56","78.72","78.72","0.0000","0","0","0","  ","   ","   ","      ","2023-12-19"
"D    ","151       ","D    151                                ","0","160.87","38.82","79.25","79.25","0.0000","0","0","0","  ","   ","   ","      ","2023-12-19"
"D    ","152       ","D    152                                ","0","161.92","39.08","79.78","79.78","0.0000","0","0","0","  ","   ","   ","      ","2023-12-19"
"D    ","153       ","D    153                                ","0","162.96","39.34","80.3","80.3","0.0000","0","0","0","  ","   ","   ","      ","2023-12-19"
"D    ","154       ","D    154                                ","0","164.09","39.6","80.84","80.84","0.0000","0","0","0","  ","   ","   ","      ","2023-12-19"
"D    ","155       ","D    155                                ","0","165.03","39.84","81.34","81.34","0.0000","0","0","0","  ","   ","   ","      ","2023-12-19"
"D    ","156       ","D    156                                ","0","166.12","40.09","81.86","81.86","0.0000","0","0","0","  ","   ","   ","      ","2023-12-19"
"D    ","157       ","D    157                                ","0","167.25","40.36","82.4","82.4","0.0000","0","0","0","  ","   ","   ","      ","2023-12-19"
"D    ","158       ","D    158                                ","0","168.25","40.61","82.91","82.91","0.0000","0","0","0","  ","   ","   ","      ","2023-12-19"
"D    ","159       ","D    159                                ","0","169.4","40.88","83.44","83.44","0.0000","0","0","0","  ","   ","   ","      ","2023-12-19"
"D    ","160       ","D    160                                ","0","170.42","41.13","83.97","83.97","0.0000","0","0","0","  ","   ","   ","      ","2023-12-19"
"D    ","161       ","D    161                                ","0","171.44","41.38","84.49","84.49","0.0000","0","0","0","  ","   ","   ","      ","2023-12-19"
"D    ","162       ","D    162                                ","0","172.51","41.64","85.01","85.01","0.0000","0","0","0","  ","   ","   ","      ","2023-12-19"
"D    ","163       ","D    163                                ","0","173.62","41.9","85.54","85.54","0.0000","0","0","0","  ","   ","   ","      ","2023-12-19"
"D    ","164       ","D    164                                ","0","174.64","42.15","86.07","86.07","0.0000","0","0","0","  ","   ","   ","      ","2023-12-19"
"D    ","165       ","D    165                                ","0","175.72","42.41","86.58","86.58","0.0000","0","0","0","  ","   ","   ","      ","2023-12-19"
"D    ","166       ","D    166                                ","0","176.83","42.67","87.11","87.11","0.0000","0","0","0","  ","   ","   ","      ","2023-12-19"
"D    ","167       ","D    167                                ","0","177.86","42.92","87.63","87.63","0.0000","0","0","0","  ","   ","   ","      ","2023-12-19"
"D    ","168       ","D    168                                ","0","178.99","43.19","88.16","88.16","0.0000","0","0","0","  ","   ","   ","      ","2023-12-19"
"D    ","169       ","D    169                                ","0","180.02","43.44","88.69","88.69","0.0000","0","0","0","  ","   ","   ","      ","2023-12-19"
"D    ","170       ","D    170                                ","0","181.06","43.7","89.21","89.21","0.0000","0","0","0","  ","   ","   ","      ","2023-12-19"
"D    ","171       ","D    171                                ","0","182.15","43.95","89.74","89.74","0.0000","0","0","0","  ","   ","   ","      ","2023-12-19"
"D    ","172       ","D    172                                ","0","183.23","44.21","90.26","90.26","0.0000","0","0","0","  ","   ","   ","      ","2023-12-19"
"D    ","173       ","D    173                                ","0","184.31","44.47","90.79","90.79","0.0000","0","0","0","  ","   ","   ","      ","2023-12-19"
"D    ","174       ","D    174                                ","0","185.33","44.73","91.32","91.32","0.0000","0","0","0","  ","   ","   ","      ","2023-12-19"
"D    ","175       ","D    175                                ","0","186.43","44.99","91.84","91.84","0.0000","0","0","0","  ","   ","   ","      ","2023-12-19"
"D    ","176       ","D    176                                ","0","187.45","45.24","92.37","92.37","0.0000","0","0","0","  ","   ","   ","      ","2023-12-19"
"D    ","177       ","D    177                                ","0","188.53","45.5","92.88","92.88","0.0000","0","0","0","  ","   ","   ","      ","2023-12-19"
"D    ","178       ","D    178                                ","0","189.63","45.76","93.41","93.41","0.0000","0","0","0","  ","   ","   ","      ","2023-12-19"
"D    ","179       ","D    179                                ","0","190.62","46.01","93.93","93.93","0.0000","0","0","0","  ","   ","   ","      ","2023-12-19"
"D    ","180       ","D    180                                ","0","191.78","46.27","94.46","94.46","0.0000","0","0","0","  ","   ","   ","      ","2023-12-19"
"D    ","181       ","D    181                                ","0","192.85","46.54","94.99","94.99","0.0000","0","0","0","  ","   ","   ","      ","2023-12-19"
"D    ","182       ","D    182                                ","0","193.82","46.78","95.51","95.51","0.0000","0","0","0","  ","   ","   ","      ","2023-12-19"
"D    ","183       ","D    183                                ","0","194.9","47.04","96.04","96.04","0.0000","0","0","0","  ","   ","   ","      ","2023-12-19"
"D    ","184       ","D    184                                ","0","195.93","47.29","96.56","96.56","0.0000","0","0","0","  ","   ","   ","      ","2023-12-19"
"D    ","185       ","D    185                                ","0","197.07","47.56","97.09","97.09","0.0000","0","0","0","  ","   ","   ","      ","2023-12-19"
"D    ","186       ","D    186                                ","0","198.13","47.82","97.62","97.62","0.0000","0","0","0","  ","   ","   ","      ","2023-12-19"
"D    ","187       ","D    187                                ","0","199.2","48.07","98.15","98.15","0.0000","0","0","0","  ","   ","   ","      ","2023-12-19"
"D    ","188       ","D    188                                ","0","200.24","48.33","98.66","98.66","0.0000","0","0","0","  ","   ","   ","      ","2023-12-19"
"D    ","189       ","D    189                                ","0","201.32","48.59","99.19","99.19","0.0000","0","0","0","  ","   ","   ","      ","2023-12-19"
"D    ","190       ","D    190                                ","0","202.32","48.84","99.71","99.71","0.0000","0","0","0","  ","   ","   ","      ","2023-12-19"
"D    ","191       ","D    191                                ","0","203.42","49.09","100.23","100.23","0.0000","0","0","0","  ","   ","   ","      ","2023-12-19"
"D    ","192       ","D    192                                ","0","204.5","49.35","100.75","100.75","0.0000","0","0","0","  ","   ","   ","      ","2023-12-19"
"D    ","193       ","D    193                                ","0","205.59","49.61","101.28","101.28","0.0000","0","0","0","  ","   ","   ","      ","2023-12-19"
"D    ","194       ","D    194                                ","0","206.62","49.87","101.81","101.81","0.0000","0","0","0","  ","   ","   ","      ","2023-12-19"
"D    ","195       ","D    195                                ","0","207.7","50.13","102.33","102.33","0.0000","0","0","0","  ","   ","   ","      ","2023-12-19"
"D    ","196       ","D    196                                ","0","208.72","50.38","102.86","102.86","0.0000","0","0","0","  ","   ","   ","      ","2023-12-19"
"D    ","197       ","D    197                                ","0","209.84","50.64","103.39","103.39","0.0000","0","0","0","  ","   ","   ","      ","2023-12-19"
"D    ","198       ","D    198                                ","0","210.91","50.9","103.91","103.91","0.0000","0","0","0","  ","   ","   ","      ","2023-12-19"
"D    ","199       ","D    199                                ","0","211.98","51.15","104.43","104.43","0.0000","0","0","0","  ","   ","   ","      ","2023-12-19"
"D    ","200       ","D    200                                ","0","213.03","51.41","104.96","104.96","0.0000","0","0","0","  ","   ","   ","      ","2023-12-19"
"D    ","201       ","D    201                                ","0","214.1","51.67","105.48","105.48","0.0000","0","0","0","  ","   ","   ","      ","2023-12-19"
"D    ","202       ","D    202                                ","0","215.19","51.93","106.02","106.02","0.0000","0","0","0","  ","   ","   ","      ","2023-12-19"
"D    ","203       ","D    203                                ","0","216.22","52.18","106.53","106.53","0.0000","0","0","0","  ","   ","   ","      ","2023-12-19"
"D    ","204       ","D    204                                ","0","217.27","52.44","107.06","107.06","0.0000","0","0","0","  ","   ","   ","      ","2023-12-19"
"D    ","205       ","D    205                                ","0","218.36","52.69","107.57","107.57","0.0000","0","0","0","  ","   ","   ","      ","2023-12-19"
"D    ","206       ","D    206                                ","0","219.47","52.96","108.11","108.11","0.0000","0","0","0","  ","   ","   ","      ","2023-12-19"
"D    ","207       ","D    207                                ","0","220.49","53.21","108.64","108.64","0.0000","0","0","0","  ","   ","   ","      ","2023-12-19"
"D    ","208       ","D    208                                ","0","221.58","53.47","109.15","109.15","0.0000","0","0","0","  ","   ","   ","      ","2023-12-19"
"D    ","209       ","D    209                                ","0","222.62","53.73","109.69","109.69","0.0000","0","0","0","  ","   ","   ","      ","2023-12-19"
"D    ","210       ","D    210                                ","0","223.68","53.98","110.2","110.2","0.0000","0","0","0","  ","   ","   ","      ","2023-12-19"
"D    ","211       ","D    211                                ","0","224.71","54.24","110.72","110.72","0.0000","0","0","0","  ","   ","   ","      ","2023-12-19"
"D    ","212       ","D    212                                ","0","225.87","54.5","111.26","111.26","0.0000","0","0","0","  ","   ","   ","      ","2023-12-19"
"D    ","213       ","D    213                                ","0","226.93","54.76","111.79","111.79","0.0000","0","0","0","  ","   ","   ","      ","2023-12-19"
"D    ","214       ","D    214                                ","0","227.89","55.01","112.3","112.3","0.0000","0","0","0","  ","   ","   ","      ","2023-12-19"
"D    ","215       ","D    215                                ","0","229","55.26","112.82","112.82","0.0000","0","0","0","  ","   ","   ","      ","2023-12-19"
"D    ","216       ","D    216                                ","0","230.04","55.53","113.36","113.36","0.0000","0","0","0","  ","   ","   ","      ","2023-12-19"
"D    ","217       ","D    217                                ","0","231.1","55.78","113.87","113.87","0.0000","0","0","0","  ","   ","   ","      ","2023-12-19"
"D    ","218       ","D    218                                ","0","232.19","56.04","114.4","114.4","0.0000","0","0","0","  ","   ","   ","      ","2023-12-19"
"D    ","219       ","D    219                                ","0","233.27","56.3","114.94","114.94","0.0000","0","0","0","  ","   ","   ","      ","2023-12-19"
"D    ","220       ","D    220                                ","0","234.34","56.55","115.46","115.46","0.0000","0","0","0","  ","   ","   ","      ","2023-12-19"
"D    ","221       ","D    221                                ","0","235.28","56.8","115.97","115.97","0.0000","0","0","0","  ","   ","   ","      ","2023-12-19"
"D    ","222       ","D    222                                ","0","236.46","57.07","116.52","116.52","0.0000","0","0","0","  ","   ","   ","      ","2023-12-19"
"D    ","223       ","D    223                                ","0","237.48","57.32","117.02","117.02","0.0000","0","0","0","  ","   ","   ","      ","2023-12-19"
"D    ","224       ","D    224                                ","0","238.57","57.57","117.54","117.54","0.0000","0","0","0","  ","   ","   ","      ","2023-12-19"
"D    ","225       ","D    225                                ","0","239.59","57.83","118.08","118.08","0.0000","0","0","0","  ","   ","   ","      ","2023-12-19"
"D    ","226       ","D    226                                ","0","240.7","58.09","118.59","118.59","0.0000","0","0","0","  ","   ","   ","      ","2023-12-19"
"D    ","227       ","D    227                                ","0","241.66","58.32","119.06","119.06","0.0000","0","0","0","  ","   ","   ","      ","2023-12-19"
"D    ","228       ","D    228                                ","0","242.86","58.62","119.67","119.67","0.0000","0","0","0","  ","   ","   ","      ","2023-12-19"
"D    ","229       ","D    229                                ","0","243.89","58.86","120.18","120.18","0.0000","0","0","0","  ","   ","   ","      ","2023-12-19"
"D    ","230       ","D    230                                ","0","244.53","59.01","120.46","120.46","0.0000","0","0","0","  ","   ","   ","      ","2023-12-19"
"D    ","231       ","D    231                                ","0","246.06","59.38","121.22","121.22","0.0000","0","0","0","  ","   ","   ","      ","2023-12-19"
"D    ","232       ","D    232                                ","0","247.09","59.63","121.75","121.75","0.0000","0","0","0","  ","   ","   ","      ","2023-12-19"
"D    ","233       ","D    233                                ","0","248.21","59.9","122.28","122.28","0.0000","0","0","0","  ","   ","   ","      ","2023-12-19"
"D    ","234       ","D    234                                ","0","249.21","60.14","122.79","122.79","0.0000","0","0","0","  ","   ","   ","      ","2023-12-19"
"D    ","235       ","D    235                                ","0","250.28","60.41","123.34","123.34","0.0000","0","0","0","  ","   ","   ","      ","2023-12-19"
"D    ","236       ","D    236                                ","0","251.38","60.66","123.84","123.84","0.0000","0","0","0","  ","   ","   ","      ","2023-12-19"
"D    ","237       ","D    237                                ","0","252.43","60.92","124.37","124.37","0.0000","0","0","0","  ","   ","   ","      ","2023-12-19"
"D    ","238       ","D    238                                ","0","253.58","61.18","124.9","124.9","0.0000","0","0","0","  ","   ","   ","      ","2023-12-19"
"D    ","239       ","D    239                                ","0","254.6","61.44","125.42","125.42","0.0000","0","0","0","  ","   ","   ","      ","2023-12-19"
"D    ","240       ","D    240                                ","0","255.6","61.69","125.95","125.95","0.0000","0","0","0","  ","   ","   ","      ","2023-12-19"
"D    ","241       ","D    241                                ","0","256.77","61.96","126.48","126.48","0.0000","0","0","0","  ","   ","   ","      ","2023-12-19"
"D    ","242       ","D    242                                ","0","257.75","62.21","127","127","0.0000","0","0","0","  ","   ","   ","      ","2023-12-19"
"D    ","243       ","D    243                                ","0","258.85","62.46","127.51","127.51","0.0000","0","0","0","  ","   ","   ","      ","2023-12-19"
"D    ","244       ","D    244                                ","0","259.86","62.72","128.05","128.05","0.0000","0","0","0","  ","   ","   ","      ","2023-12-19"
"D    ","245       ","D    245                                ","0","260.92","62.97","128.57","128.57","0.0000","0","0","0","  ","   ","   ","      ","2023-12-19"
"D    ","246       ","D    246                                ","0","262.03","63.24","129.1","129.1","0.0000","0","0","0","  ","   ","   ","      ","2023-12-19"
"D    ","247       ","D    247                                ","0","263.07","63.49","129.62","129.62","0.0000","0","0","0","  ","   ","   ","      ","2023-12-19"
"D    ","248       ","D    248                                ","0","264.15","63.75","130.14","130.14","0.0000","0","0","0","  ","   ","   ","      ","2023-12-19"
"D    ","249       ","D    249                                ","0","265.22","64.01","130.67","130.67","0.0000","0","0","0","  ","   ","   ","      ","2023-12-19"
"D    ","250       ","D    250                                ","0","266.27","64.26","131.19","131.19","0.0000","0","0","0","  ","   ","   ","      ","2023-12-19"
"D    ","251       ","D    251                                ","0","267.17","64.47","131.63","131.63","0.0000","0","0","0","  ","   ","   ","      ","2023-12-19"
"D    ","252       ","D    252                                ","0","268.19","64.73","132.15","132.15","0.0000","0","0","0","  ","   ","   ","      ","2023-12-19"
"D    ","253       ","D    253                                ","0","269.3","64.99","132.68","132.68","0.0000","0","0","0","  ","   ","   ","      ","2023-12-19"
"D    ","254       ","D    254                                ","0","270.38","65.25","133.2","133.2","0.0000","0","0","0","  ","   ","   ","      ","2023-12-19"
"D    ","255       ","D    255                                ","0","271.45","65.51","133.74","133.74","0.0000","0","0","0","  ","   ","   ","      ","2023-12-19"
"D    ","256       ","D    256                                ","0","272.51","65.76","134.25","134.25","0.0000","0","0","0","  ","   ","   ","      ","2023-12-19"
"D    ","257       ","D    257                                ","0","273.58","66.02","134.77","134.77","0.0000","0","0","0","  ","   ","   ","      ","2023-12-19"
"D    ","258       ","D    258                                ","0","274.61","66.27","135.3","135.3","0.0000","0","0","0","  ","   ","   ","      ","2023-12-19"
"D    ","259       ","D    259                                ","0","275.67","66.53","135.83","135.83","0.0000","0","0","0","  ","   ","   ","      ","2023-12-19"
"D    ","260       ","D    260                                ","0","276.71","66.79","136.35","136.35","0.0000","0","0","0","  ","   ","   ","      ","2023-12-19"
"D    ","261       ","D    261                                ","0","277.77","67.04","136.87","136.87","0.0000","0","0","0","  ","   ","   ","      ","2023-12-19"
"D    ","262       ","D    262                                ","0","278.86","67.3","137.41","137.41","0.0000","0","0","0","  ","   ","   ","      ","2023-12-19"
"D    ","263       ","D    263                                ","0","279.98","67.56","137.92","137.92","0.0000","0","0","0","  ","   ","   ","      ","2023-12-19"
"D    ","264       ","D    264                                ","0","280.98","67.82","138.46","138.46","0.0000","0","0","0","  ","   ","   ","      ","2023-12-19"
"D    ","265       ","D    265                                ","0","282.05","68.07","138.97","138.97","0.0000","0","0","0","  ","   ","   ","      ","2023-12-19"
"D    ","266       ","D    266                                ","0","283.15","68.34","139.51","139.51","0.0000","0","0","0","  ","   ","   ","      ","2023-12-19"
"D    ","267       ","D    267                                ","0","284.16","68.58","140.02","140.02","0.0000","0","0","0","  ","   ","   ","      ","2023-12-19"
"D    ","268       ","D    268                                ","0","285.29","68.85","140.56","140.56","0.0000","0","0","0","  ","   ","   ","      ","2023-12-19"
"D    ","269       ","D    269                                ","0","286.31","69.1","141.08","141.08","0.0000","0","0","0","  ","   ","   ","      ","2023-12-19"
"D    ","270       ","D    270                                ","0","287.35","69.35","141.58","141.58","0.0000","0","0","0","  ","   ","   ","      ","2023-12-19"
"D    ","271       ","D    271                                ","0","288.46","69.62","142.12","142.12","0.0000","0","0","0","  ","   ","   ","      ","2023-12-19"
"D    ","272       ","D    272                                ","0","289.51","69.87","142.64","142.64","0.0000","0","0","0","  ","   ","   ","      ","2023-12-19"
"D    ","273       ","D    273                                ","0","290.57","70.12","143.16","143.16","0.0000","0","0","0","  ","   ","   ","      ","2023-12-19"
"D    ","274       ","D    274                                ","0","291.66","70.38","143.69","143.69","0.0000","0","0","0","  ","   ","   ","      ","2023-12-19"
"D    ","275       ","D    275                                ","0","292.74","70.64","144.22","144.22","0.0000","0","0","0","  ","   ","   ","      ","2023-12-19"
"D    ","276       ","D    276                                ","0","293.74","70.89","144.73","144.73","0.0000","0","0","0","  ","   ","   ","      ","2023-12-19"
"D    ","277       ","D    277                                ","0","294.84","71.15","145.25","145.25","0.0000","0","0","0","  ","   ","   ","      ","2023-12-19"
"D    ","278       ","D    278                                ","0","295.89","71.41","145.79","145.79","0.0000","0","0","0","  ","   ","   ","      ","2023-12-19"
"D    ","279       ","D    279                                ","0","296.99","71.67","146.31","146.31","0.0000","0","0","0","  ","   ","   ","      ","2023-12-19"
"D    ","280       ","D    280                                ","0","297.99","71.92","146.83","146.83","0.0000","0","0","0","  ","   ","   ","      ","2023-12-19"
"D    ","281       ","D    281                                ","0","299.08","72.18","147.36","147.36","0.0000","0","0","0","  ","   ","   ","      ","2023-12-19"
"D    ","282       ","D    282                                ","0","300.14","72.44","147.89","147.89","0.0000","0","0","0","  ","   ","   ","      ","2023-12-19"
"D    ","283       ","D    283                                ","0","301.19","72.69","148.4","148.4","0.0000","0","0","0","  ","   ","   ","      ","2023-12-19"
"D    ","284       ","D    284                                ","0","302.29","72.96","148.94","148.94","0.0000","0","0","0","  ","   ","   ","      ","2023-12-19"
"D    ","285       ","D    285                                ","0","303.36","73.21","149.46","149.46","0.0000","0","0","0","  ","   ","   ","      ","2023-12-19"
"D    ","286       ","D    286                                ","0","304.43","73.47","149.99","149.99","0.0000","0","0","0","  ","   ","   ","      ","2023-12-19"
"D    ","287       ","D    287                                ","0","305.45","73.72","150.5","150.5","0.0000","0","0","0","  ","   ","   ","      ","2023-12-19"
"D    ","288       ","D    288                                ","0","306.59","73.99","151.05","151.05","0.0000","0","0","0","  ","   ","   ","      ","2023-12-19"
"D    ","289       ","D    289                                ","0","306.59","73.99","151.05","151.05","0.0000","0","0","0","  ","   ","   ","      ","2023-12-19"
"D    ","290       ","D    290                                ","0","308.74","74.51","152.1","152.1","0.0000","0","0","0","  ","   ","   ","      ","2023-12-19"
"D    ","291       ","D    291                                ","0","309.79","74.76","152.62","152.62","0.0000","0","0","0","  ","   ","   ","      ","2023-12-19"
"D    ","292       ","D    292                                ","0","310.8","75","153.12","153.12","0.0000","0","0","0","  ","   ","   ","      ","2023-12-19"
"D    ","293       ","D    293                                ","0","311.88","75.27","153.66","153.66","0.0000","0","0","0","  ","   ","   ","      ","2023-12-19"
"D    ","294       ","D    294                                ","0","312.87","75.52","154.18","154.18","0.0000","0","0","0","  ","   ","   ","      ","2023-12-19"
"D    ","295       ","D    295                                ","0","314.03","75.78","154.71","154.71","0.0000","0","0","0","  ","   ","   ","      ","2023-12-19"
"D    ","296       ","D    296                                ","0","314.98","76.03","155.22","155.22","0.0000","0","0","0","  ","   ","   ","      ","2023-12-19"
"D    ","297       ","D    297                                ","0","316.13","76.3","155.77","155.77","0.0000","0","0","0","  ","   ","   ","      ","2023-12-19"
"D    ","298       ","D    298                                ","0","317.14","76.54","156.28","156.28","0.0000","0","0","0","  ","   ","   ","      ","2023-12-19"
"D    ","299       ","D    299                                ","0","318.24","76.81","156.8","156.8","0.0000","0","0","0","  ","   ","   ","      ","2023-12-19"
"D    ","300       ","D    300                                ","0","319.34","77.07","157.34","157.34","0.0000","0","0","0","  ","   ","   ","      ","2023-12-19"
"D    ","301       ","D    301                                ","0","320.34","77.31","157.84","157.84","0.0000","0","0","0","  ","   ","   ","      ","2023-12-19"
"D    ","302       ","D    302                                ","0","321.41","77.57","158.37","158.37","0.0000","0","0","0","  ","   ","   ","      ","2023-12-19"
"D    ","303       ","D    303                                ","0","322.48","77.83","158.89","158.89","0.0000","0","0","0","  ","   ","   ","      ","2023-12-19"
"D    ","304       ","D    304                                ","0","323.58","78.1","159.43","159.43","0.0000","0","0","0","  ","   ","   ","      ","2023-12-19"
"D    ","305       ","D    305                                ","0","324.68","78.35","159.94","159.94","0.0000","0","0","0","  ","   ","   ","      ","2023-12-19"
"D    ","306       ","D    306                                ","0","325.67","78.6","160.47","160.47","0.0000","0","0","0","  ","   ","   ","      ","2023-12-19"
"D    ","307       ","D    307                                ","0","326.79","78.86","161","161","0.0000","0","0","0","  ","   ","   ","      ","2023-12-19"
"D    ","308       ","D    308                                ","0","327.86","79.12","161.52","161.52","0.0000","0","0","0","  ","   ","   ","      ","2023-12-19"
"D    ","309       ","D    309                                ","0","328.88","79.37","162.04","162.04","0.0000","0","0","0","  ","   ","   ","      ","2023-12-19"
"D    ","310       ","D    310                                ","0","329.98","79.64","162.59","162.59","0.0000","0","0","0","  ","   ","   ","      ","2023-12-19"
"D    ","311       ","D    311                                ","0","331.04","79.89","163.09","163.09","0.0000","0","0","0","  ","   ","   ","      ","2023-12-19"
"D    ","312       ","D    312                                ","0","332.06","80.14","163.61","163.61","0.0000","0","0","0","  ","   ","   ","      ","2023-12-19"
"D    ","313       ","D    313                                ","0","333.15","80.4","164.14","164.14","0.0000","0","0","0","  ","   ","   ","      ","2023-12-19"
"D    ","314       ","D    314                                ","0","334.24","80.65","164.66","164.66","0.0000","0","0","0","  ","   ","   ","      ","2023-12-19"
"D    ","315       ","D    315                                ","0","335.25","80.92","165.19","165.19","0.0000","0","0","0","  ","   ","   ","      ","2023-12-19"
"D    ","316       ","D    316                                ","0","336.34","81.17","165.71","165.71","0.0000","0","0","0","  ","   ","   ","      ","2023-12-19"
"D    ","317       ","D    317                                ","0","337.45","81.44","166.25","166.25","0.0000","0","0","0","  ","   ","   ","      ","2023-12-19"
"D    ","318       ","D    318                                ","0","338.41","81.68","166.76","166.76","0.0000","0","0","0","  ","   ","   ","      ","2023-12-19"
"D    ","319       ","D    319                                ","0","339.56","81.95","167.3","167.3","0.0000","0","0","0","  ","   ","   ","      ","2023-12-19"
"D    ","320       ","D    320                                ","0","340.66","82.21","167.82","167.82","0.0000","0","0","0","  ","   ","   ","      ","2023-12-19"
"D    ","321       ","D    321                                ","0","341.67","82.45","168.33","168.33","0.0000","0","0","0","  ","   ","   ","      ","2023-12-19"
"D    ","322       ","D    322                                ","0","342.68","82.71","168.87","168.87","0.0000","0","0","0","  ","   ","   ","      ","2023-12-19"
"D    ","323       ","D    323                                ","0","343.75","82.96","169.38","169.38","0.0000","0","0","0","  ","   ","   ","      ","2023-12-19"
"D    ","324       ","D    324                                ","0","344.85","83.23","169.92","169.92","0.0000","0","0","0","  ","   ","   ","      ","2023-12-19"
"D    ","325       ","D    325                                ","0","345.94","83.48","170.43","170.43","0.0000","0","0","0","  ","   ","   ","      ","2023-12-19"
"D    ","326       ","D    326                                ","0","347.05","83.75","170.97","170.97","0.0000","0","0","0","  ","   ","   ","      ","2023-12-19"
"D    ","327       ","D    327                                ","0","348.05","84","171.49","171.49","0.0000","0","0","0","  ","   ","   ","      ","2023-12-19"
"D    ","328       ","D    328                                ","0","349.13","84.26","172.02","172.02","0.0000","0","0","0","  ","   ","   ","      ","2023-12-19"
"D    ","329       ","D    329                                ","0","350.15","84.51","172.54","172.54","0.0000","0","0","0","  ","   ","   ","      ","2023-12-19"
"D    ","330       ","D    330                                ","0","351.22","84.77","173.07","173.07","0.0000","0","0","0","  ","   ","   ","      ","2023-12-19"
"D    ","331       ","D    331                                ","0","352.35","85.03","173.59","173.59","0.0000","0","0","0","  ","   ","   ","      ","2023-12-19"
"D    ","332       ","D    332                                ","0","353.35","85.28","174.09","174.09","0.0000","0","0","0","  ","   ","   ","      ","2023-12-19"
"D    ","333       ","D    333                                ","0","354.4","85.54","174.64","174.64","0.0000","0","0","0","  ","   ","   ","      ","2023-12-19"
"D    ","334       ","D    334                                ","0","355.47","85.79","175.15","175.15","0.0000","0","0","0","  ","   ","   ","      ","2023-12-19"
"D    ","335       ","D    335                                ","0","356.55","86.06","175.68","175.68","0.0000","0","0","0","  ","   ","   ","      ","2023-12-19"
"D    ","336       ","D    336                                ","0","357.61","86.3","176.19","176.19","0.0000","0","0","0","  ","   ","   ","      ","2023-12-19"
"D    ","337       ","D    337                                ","0","358.72","86.57","176.73","176.73","0.0000","0","0","0","  ","   ","   ","      ","2023-12-19"
"D    ","338       ","D    338                                ","0","359.76","86.82","177.25","177.25","0.0000","0","0","0","  ","   ","   ","      ","2023-12-19"
"D    ","339       ","D    339                                ","0","360.84","87.08","177.78","177.78","0.0000","0","0","0","  ","   ","   ","      ","2023-12-19"
"D    ","340       ","D    340                                ","0","361.94","87.34","178.3","178.3","0.0000","0","0","0","  ","   ","   ","      ","2023-12-19"
"D    ","341       ","D    341                                ","0","362.95","87.59","178.83","178.83","0.0000","0","0","0","  ","   ","   ","      ","2023-12-19"
"D    ","342       ","D    342                                ","0","364.04","87.85","179.35","179.35","0.0000","0","0","0","  ","   ","   ","      ","2023-12-19"
"D    ","343       ","D    343                                ","0","365.05","88.1","179.87","179.87","0.0000","0","0","0","  ","   ","   ","      ","2023-12-19"
"D    ","344       ","D    344                                ","0","366.2","88.37","180.4","180.4","0.0000","0","0","0","  ","   ","   ","      ","2023-12-19"
"D    ","345       ","D    345                                ","0","367.21","88.63","180.92","180.92","0.0000","0","0","0","  ","   ","   ","      ","2023-12-19"
"D    ","346       ","D    346                                ","0","368.32","88.88","181.46","181.46","0.0000","0","0","0","  ","   ","   ","      ","2023-12-19"
"D    ","347       ","D    347                                ","0","369.28","89.13","181.97","181.97","0.0000","0","0","0","  ","   ","   ","      ","2023-12-19"
"D    ","348       ","D    348                                ","0","370.44","89.4","182.51","182.51","0.0000","0","0","0","  ","   ","   ","      ","2023-12-19"
"D    ","349       ","D    349                                ","0","371.39","89.64","183.01","183.01","0.0000","0","0","0","  ","   ","   ","      ","2023-12-19"
"D    ","350       ","D    350                                ","0","372.53","89.91","183.56","183.56","0.0000","0","0","0","  ","   ","   ","      ","2023-12-19"
"D    ","351       ","D    351                                ","0","373.6","90.16","184.07","184.07","0.0000","0","0","0","  ","   ","   ","      ","2023-12-19"
"D    ","352       ","D    352                                ","0","374.61","90.41","184.58","184.58","0.0000","0","0","0","  ","   ","   ","      ","2023-12-19"
"D    ","353       ","D    353                                ","0","375.8","90.69","185.13","185.13","0.0000","0","0","0","  ","   ","   ","      ","2023-12-19"
"D    ","354       ","D    354                                ","0","376.76","90.93","185.64","185.64","0.0000","0","0","0","  ","   ","   ","      ","2023-12-19"
"D    ","355       ","D    355                                ","0","377.83","91.19","186.17","186.17","0.0000","0","0","0","  ","   ","   ","      ","2023-12-19"
"D    ","356       ","D    356                                ","0","378.9","91.44","186.68","186.68","0.0000","0","0","0","  ","   ","   ","      ","2023-12-19"
"D    ","357       ","D    357                                ","0","380","91.71","187.23","187.23","0.0000","0","0","0","  ","   ","   ","      ","2023-12-19"
"D    ","358       ","D    358                                ","0","381.03","91.96","187.74","187.74","0.0000","0","0","0","  ","   ","   ","      ","2023-12-19"
"D    ","359       ","D    359                                ","0","382.11","92.22","188.28","188.28","0.0000","0","0","0","  ","   ","   ","      ","2023-12-19"
"D    ","360       ","D    360                                ","0","383.21","92.48","188.8","188.8","0.0000","0","0","0","  ","   ","   ","      ","2023-12-19"
"D    ","370       ","D    370                                ","0","393.79","95.04","194.04","194.04","0.0000","0","0","0","  ","   ","   ","      ","2023-12-19"
"D    ","380       ","D    380                                ","0","404.44","97.61","199.28","199.28","0.0000","0","0","0","  ","   ","   ","      ","2023-12-19"
"D    ","394       ","D    394                                ","0","419.35","101.21","206.63","206.63","0.0000","0","0","0","  ","   ","   ","      ","2023-12-19"
"D    ","400       ","D    400                                ","0","425.77","102.75","209.76","209.76","0.0000","0","0","0","  ","   ","   ","      ","2023-12-19"
"D    ","410       ","D    410                                ","0","436.37","105.32","215.02","215.02","0.0000","0","0","0","  ","   ","   ","      ","2023-12-19"
"D    ","412       ","D    412                                ","0","438.49","105.83","216.06","216.06","0.0000","0","0","0","  ","   ","   ","      ","2023-12-19"
"D    ","415       ","D    415                                ","0","441.71","106.61","217.64","217.64","0.0000","0","0","0","  ","   ","   ","      ","2023-12-19"
"D    ","416       ","D    416                                ","0","442.78","106.85","218.15","218.15","0.0000","0","0","0","  ","   ","   ","      ","2023-12-19"
"D    ","420       ","D    420                                ","0","447.01","107.89","220.26","220.26","0.0000","0","0","0","  ","   ","   ","      ","2023-12-19"
"D    ","424       ","D    424                                ","0","451.29","108.92","222.36","222.36","0.0000","0","0","0","  ","   ","   ","      ","2023-12-19"
"D    ","430       ","D    430                                ","0","457.7","110.45","225.5","225.5","0.0000","0","0","0","  ","   ","   ","      ","2023-12-19"
"D    ","435       ","D    435                                ","0","463.03","111.74","228.12","228.12","0.0000","0","0","0","  ","   ","   ","      ","2023-12-19"
"D    ","440       ","D    440                                ","0","468.27","113.02","230.74","230.74","0.0000","0","0","0","  ","   ","   ","      ","2023-12-19"
"D    ","480       ","D    480                                ","0","510.9","123.3","251.73","251.73","0.0000","0","0","0","  ","   ","   ","      ","2023-12-19"
"D    ","51        ","D    51                                 ","0","55.97","13.51","27.57","27.57","0.0000","0","0","0","  ","   ","   ","      ","2023-12-19"
"D    ","52        ","D    52                                 ","0","57.15","13.79","28.16","28.16","0.0000","0","0","0","  ","   ","   ","      ","2023-12-19"
"D    ","53        ","D    53                                 ","0","58.07","14.01","28.6","28.6","0.0000","0","0","0","  ","   ","   ","      ","2023-12-19"
"D    ","54        ","D    54                                 ","0","59.09","14.26","29.11","29.11","0.0000","0","0","0","  ","   ","   ","      ","2023-12-19"
"D    ","540       ","D    540                                ","0","605.77","160.81","160.81","160.81","0.0000","0","0","0","  ","   ","   ","      ","2023-12-19"
"D    ","55        ","D    55                                 ","0","59.94","14.46","29.52","29.52","0.0000","0","0","0","  ","   ","   ","      ","2023-12-19"
"D    ","56        ","D    56                                 ","0","60.95","14.7","30.02","30.02","0.0000","0","0","0","  ","   ","   ","      ","2023-12-19"
"D    ","57        ","D    57                                 ","0","62.08","14.97","30.57","30.57","0.0000","0","0","0","  ","   ","   ","      ","2023-12-19"
"D    ","58        ","D    58                                 ","0","63.06","15.21","31.07","31.07","0.0000","0","0","0","  ","   ","   ","      ","2023-12-19"
"D    ","59        ","D    59                                 ","0","64.07","15.46","31.55","31.55","0.0000","0","0","0","  ","   ","   ","      ","2023-12-19"
"D    ","60        ","D    60                                 ","0","63.92","15.43","31.5","31.5","0.0000","0","0","0","  ","   ","   ","      ","2023-12-19"
"D    ","61        ","D    61                                 ","0","64.98","15.68","32.01","32.01","0.0000","0","0","0","  ","   ","   ","      ","2023-12-19"
"D    ","62        ","D    62                                 ","0","65.98","15.93","32.53","32.53","0.0000","0","0","0","  ","   ","   ","      ","2023-12-19"
"D    ","63        ","D    63                                 ","0","67.1","16.2","33.07","33.07","0.0000","0","0","0","  ","   ","   ","      ","2023-12-19"
"D    ","64        ","D    64                                 ","0","68.17","16.45","33.58","33.58","0.0000","0","0","0","  ","   ","   ","      ","2023-12-19"
"D    ","65        ","D    65                                 ","0","69.27","16.71","34.11","34.11","0.0000","0","0","0","  ","   ","   ","      ","2023-12-19"
"D    ","66        ","D    66                                 ","0","70.28","16.96","34.63","34.63","0.0000","0","0","0","  ","   ","   ","      ","2023-12-19"
"D    ","67        ","D    67                                 ","0","71.4","17.23","35.16","35.16","0.0000","0","0","0","  ","   ","   ","      ","2023-12-19"
"D    ","68        ","D    68                                 ","0","72.46","17.48","35.68","35.68","0.0000","0","0","0","  ","   ","   ","      ","2023-12-19"
"D    ","69        ","D    69                                 ","0","73.47","17.73","36.21","36.21","0.0000","0","0","0","  ","   ","   ","      ","2023-12-19"
"D    ","70        ","D    70                                 ","0","74.57","17.99","36.74","36.74","0.0000","0","0","0","  ","   ","   ","      ","2023-12-19"
"D    ","71        ","D    71                                 ","0","75.66","18.25","37.25","37.25","0.0000","0","0","0","  ","   ","   ","      ","2023-12-19"
"D    ","72        ","D    72                                 ","0","76.69","18.51","37.79","37.79","0.0000","0","0","0","  ","   ","   ","      ","2023-12-19"
"D    ","73        ","D    73                                 ","0","77.79","18.77","38.31","38.31","0.0000","0","0","0","  ","   ","   ","      ","2023-12-19"
"D    ","74        ","D    74                                 ","0","78.82","19.02","38.84","38.84","0.0000","0","0","0","  ","   ","   ","      ","2023-12-19"
"D    ","75        ","D    75                                 ","0","79.94","19.28","39.35","39.35","0.0000","0","0","0","  ","   ","   ","      ","2023-12-19"
"D    ","76        ","D    76                                 ","0","80.96","19.54","39.9","39.9","0.0000","0","0","0","  ","   ","   ","      ","2023-12-19"
"D    ","77        ","D    77                                 ","0","81.98","19.79","40.41","40.41","0.0000","0","0","0","  ","   ","   ","      ","2023-12-19"
"D    ","78        ","D    78                                 ","0","83.08","20.05","40.93","40.93","0.0000","0","0","0","  ","   ","   ","      ","2023-12-19"
"D    ","79        ","D    79                                 ","0","84.17","20.31","41.46","41.46","0.0000","0","0","0","  ","   ","   ","      ","2023-12-19"
"D    ","80        ","D    80                                 ","0","85.25","20.56","41.97","41.97","0.0000","0","0","0","  ","   ","   ","      ","2023-12-19"
"D    ","81        ","D    81                                 ","0","86.29","20.82","42.51","42.51","0.0000","0","0","0","  ","   ","   ","      ","2023-12-19"
"D    ","82        ","D    82                                 ","0","87.34","21.07","43.01","43.01","0.0000","0","0","0","  ","   ","   ","      ","2023-12-19"
"D    ","83        ","D    83                                 ","0","88.35","21.33","43.56","43.56","0.0000","0","0","0","  ","   ","   ","      ","2023-12-19"
"D    ","84        ","D    84                                 ","0","89.48","21.59","44.07","44.07","0.0000","0","0","0","  ","   ","   ","      ","2023-12-19"
"D    ","85        ","D    85                                 ","0","90.57","21.85","44.62","44.62","0.0000","0","0","0","  ","   ","   ","      ","2023-12-19"
"D    ","86        ","D    86                                 ","0","91.59","22.11","45.13","45.13","0.0000","0","0","0","  ","   ","   ","      ","2023-12-19"
"D    ","87        ","D    87                                 ","0","92.67","22.37","45.66","45.66","0.0000","0","0","0","  ","   ","   ","      ","2023-12-19"
"D    ","88        ","D    88                                 ","0","93.74","22.62","46.18","46.18","0.0000","0","0","0","  ","   ","   ","      ","2023-12-19"
"D    ","89        ","D    89                                 ","0","94.81","22.88","46.71","46.71","0.0000","0","0","0","  ","   ","   ","      ","2023-12-19"
"D    ","90        ","D    90                                 ","0","95.79","23.13","47.23","47.23","0.0000","0","0","0","  ","   ","   ","      ","2023-12-19"
"D    ","91        ","D    91                                 ","0","96.96","23.4","47.76","47.76","0.0000","0","0","0","  ","   ","   ","      ","2023-12-19"
"D    ","92        ","D    92                                 ","0","97.97","23.65","48.28","48.28","0.0000","0","0","0","  ","   ","   ","      ","2023-12-19"
"D    ","93        ","D    93                                 ","0","99.08","23.91","48.81","48.81","0.0000","0","0","0","  ","   ","   ","      ","2023-12-19"
"D    ","94        ","D    94                                 ","0","100.15","24.16","49.33","49.33","0.0000","0","0","0","  ","   ","   ","      ","2023-12-19"
"D    ","95        ","D    95                                 ","0","100.47","24.25","49.51","49.51","0.0000","0","0","0","  ","   ","   ","      ","2023-12-19"
"D    ","96        ","D    96                                 ","0","102.26","24.68","50.38","50.38","0.0000","0","0","0","  ","   ","   ","      ","2023-12-19"
"D    ","97        ","D    97                                 ","0","103.33","24.94","50.9","50.9","0.0000","0","0","0","  ","   ","   ","      ","2023-12-19"
"D    ","98        ","D    98                                 ","0","104.39","25.19","51.43","51.43","0.0000","0","0","0","  ","   ","   ","      ","2023-12-19"
"D    ","99        ","D    99                                 ","0","105.5","25.46","51.95","51.95","0.0000","0","0","0","  ","   ","   ","      ","2023-12-19"
"E    ","105       ","E    105                                ","0","257.16","62.05","126.69","126.69","0.0000","0","0","0","  ","   ","   ","      ","2023-12-19"
"E    ","106       ","E    106                                ","0","268.77","64.86","132.41","132.41","0.0000","0","0","0","  ","   ","   ","      ","2023-12-19"
"E    ","120       ","E    120                                ","0","304.34","73.44","149.92","149.92","0.0000","0","0","0","  ","   ","   ","      ","2023-12-19"
"E    ","122       ","E    122                                ","0","309.26","74.64","152.39","152.39","0.0000","0","0","0","  ","   ","   ","      ","2023-12-19"
"E    ","146       ","E    146                                ","0","370.2","89.34","182.39","182.39","0.0000","0","0","0","  ","   ","   ","      ","2023-12-19"
"E    ","180       ","E    180                                ","0","440.48","106.3","217.01","217.01","0.0000","0","0","0","  ","   ","   ","      ","2023-12-19"
"E    ","195       ","E    195                                ","0","477.18","115.17","235.13","235.13","0.0000","0","0","0","  ","   ","   ","      ","2023-12-19"
"E    ","210       ","E    210                                ","0","523.29","126.29","257.84","257.84","0.0000","0","0","0","  ","   ","   ","      ","2023-12-19"
"E    ","211       ","E    211                                ","0","534.95","129.13","263.62","263.62","0.0000","0","0","0","  ","   ","   ","      ","2023-12-19"
"E    ","238       ","E    238                                ","0","593.06","143.13","292.22","292.22","0.0000","0","0","0","  ","   ","   ","      ","2023-12-19"
"E    ","240       ","E    240                                ","0","597.97","144.31","294.62","294.62","0.0000","0","0","0","  ","   ","   ","      ","2023-12-19"
"E    ","250       ","E    250                                ","0","633.77","152.96","312.27","312.27","0.0000","0","0","0","  ","   ","   ","      ","2023-12-19"
"E    ","268       ","E    268                                ","0","679.84","164.08","334.97","334.97","0.0000","0","0","0","  ","   ","   ","      ","2023-12-19"
"E    ","270       ","E    270                                ","0","684.75","165.25","337.36","337.36","0.0000","0","0","0","  ","   ","   ","      ","2023-12-19"
"E    ","298       ","E    298                                ","0","756","182.45","372.48","372.48","0.0000","0","0","0","  ","   ","   ","      ","2023-12-19"
"E    ","300       ","E    300                                ","0","761.04","183.67","374.95","374.95","0.0000","0","0","0","  ","   ","   ","      ","2023-12-19"
"E    ","316       ","E    316                                ","0","801.27","193.37","394.75","394.75","0.0000","0","0","0","  ","   ","   ","      ","2023-12-19"
"E    ","328       ","E    328                                ","0","831.99","200.8","409.93","409.93","0.0000","0","0","0","  ","   ","   ","      ","2023-12-19"
"E    ","330       ","E    330                                ","0","837.05","202.02","412.43","412.43","0.0000","0","0","0","  ","   ","   ","      ","2023-12-19"
"E    ","358       ","E    358                                ","0","908.22","219.19","447.47","447.47","0.0000","0","0","0","  ","   ","   ","      ","2023-12-19"
"E    ","360       ","E    360                                ","0","913.37","220.44","450.05","450.05","0.0000","0","0","0","  ","   ","   ","      ","2023-12-19"
"GPN  ","0150      ","GOMA EN PLANCHA NAT. 1,5MM 0T           ","0","5.32","1.67","1.67","1.67","0.0000","0","0","0","0 ","0  ","0  ","      ","2023-12-19"
"GPN  ","0151      ","GOMA EN PLANCHA NAT. 1,5MM 1T           ","0","7.54","2.35","2.35","2.35","0.0000","0","0","0","0 ","0  ","0  ","      ","2023-12-19"
"GPN  ","0200      ","GOMA EN PLANCHA NAT. 2MM 0T             ","0","5.32","1.67","1.67","1.67","0.0000","0","0","0","0 ","0  ","0  ","      ","2023-12-19"
"GPN  ","0201      ","GOMA EN PLANCHA NAT. 2MM 1T             ","0","6.94","2.17","2.17","2.17","0.0000","0","0","0","0 ","0  ","0  ","      ","2023-12-19"
"GPN  ","0250      ","GOMA EN PLANCHA NAT. 2,5MM 0T           ","0","5.32","1.67","1.67","1.67","0.0000","0","0","0","0 ","0  ","0  ","      ","2023-12-19"
"GPN  ","0251      ","GOMA EN PLANCHA NAT. 2,5MM 1T           ","0","6.37","1.98","1.98","1.98","0.0000","0","0","0","0 ","0  ","0  ","      ","2023-12-19"
"GPN  ","0300      ","GOMA EN PLANCHA NAT. 3MM 0T             ","0","5.32","1.67","1.67","1.67","0.0000","0","0","0","0 ","0  ","0  ","      ","2023-12-19"
"GPN  ","0301      ","GOMA EN PLANCHA NAT. 3MM 1T             ","0","6.1","1.9","1.9","1.9","0.0000","0","0","0","0 ","0  ","0  ","      ","2023-12-19"
"GPN  ","0400      ","GOMA EN PLANCHA NAT. 4MM 0T             ","0","5.32","1.67","1.67","1.67","0.0000","0","0","0","0 ","0  ","0  ","      ","2023-12-19"
"GPN  ","0401      ","GOMA EN PLANCHA NAT. 4MM 1T             ","0","5.66","1.75","1.75","1.75","0.0000","0","0","0","0 ","0  ","0  ","      ","2023-12-19"
"GPN  ","0500      ","GOMA EN PLANCHA NAT. 5MM 0T             ","0","5.32","1.67","1.67","1.67","0.0000","0","0","0","0 ","0  ","0  ","      ","2023-12-19"
"GPN  ","0501      ","GOMA EN PLANCHA NAT. 5MM 1T             ","0","5.66","1.75","1.75","1.75","0.0000","0","0","0","0 ","0  ","0  ","      ","2023-12-19"
"GPN  ","0600      ","GOMA EN PLANCHA NAT. 6MM 0T             ","0","5.32","1.67","1.67","1.67","0.0000","0","0","0","0 ","0  ","0  ","      ","2023-12-19"
"GPN  ","0601      ","GOMA EN PLANCHA NAT. 6MM 1T             ","0","5.66","1.75","1.75","1.75","0.0000","0","0","0","0 ","0  ","0  ","      ","2023-12-19"
"GPN  ","0800      ","GOMA EN PLANCHA NAT. 8MM 0T             ","0","5.32","1.67","1.67","1.67","0.0000","0","0","0","0 ","0  ","0  ","      ","2023-12-19"
"GPN  ","0801      ","GOMA EN PLANCHA NAT. 8MM 1T             ","0","5.93","1.85","1.85","1.85","0.0000","0","0","0","0 ","0  ","0  ","      ","2023-12-19"
"GPN  ","1000      ","GOMA EN PLANCHA NAT. 10MM 0T            ","0","5.32","1.67","1.67","1.67","0.0000","0","0","0","0 ","0  ","0  ","      ","2023-12-19"
"GPN  ","1001      ","GOMA EN PLANCHA NAT. 10MM 1T            ","0","5.93","1.85","1.85","1.85","0.0000","0","0","0","0 ","0  ","0  ","      ","2023-12-19"
"GPN  ","1100      ","GOMA EN PLANCHA NAT. 11 A 25MM 0T       ","0","5.45","1.7","1.7","1.7","0.0000","0","0","0","0 ","0  ","0  ","      ","2023-12-19"
"GPN  ","1101      ","GOMA EN PLANCHA NAT. 11 A 25MM 1T       ","0","6.39","2","2","2","0.0000","0","0","0","0 ","0  ","0  ","      ","2023-12-19"
"GPS  ","0100      ","G.PLANCHA SINT.  1MM 0T                 ","0","8.61","3.69","0.0000","3.69","0.0000","3","0","3","0 ","0  ","0  ","      ","2023-12-19"
"GPS  ","0150      ","G.PLANCHA SINT. 1,5MM 0T                ","0","8.61","3.69","1.95","3.69","0.0000","0","0","0","0 ","0  ","0  ","      ","2023-12-19"
"GPS  ","0151      ","G.PLANCHA SINT. 1,5MM 1T                ","0","9.82","4.21","2.51","4.21","0.0000","0","0","0","0 ","0  ","0  ","      ","2023-12-19"
"GPS  ","0200      ","G.PLANCHA SINT. 2MM 0T                  ","0","8.61","3.69","1.95","3.69","0.0000","0","0","0","0 ","0  ","0  ","      ","2023-12-19"
"GPS  ","0201      ","G.PLANCHA SINT. 2MM 1T                  ","0","9.82","4.21","2.3","4.21","0.0000","0","0","0","0 ","0  ","0  ","      ","2023-12-19"
"GPS  ","0250      ","G.PLANCHA SINT. 2,5MM 0T                ","0","8.61","3.69","1.95","3.69","0.0000","0","0","0","0 ","0  ","0  ","      ","2023-12-19"
"GPS  ","0251      ","G.PLANCHA SINT. 2,5MM 1T                ","0","9.82","4.21","2.18","4.21","0.0000","0","0","0","0 ","0  ","0  ","      ","2023-12-19"
"GPS  ","0300      ","G.PLANCHA SINT. 3MM 0T                  ","0","8.61","3.69","1.95","3.69","0.0000","0","0","0","0 ","0  ","0  ","      ","2023-12-19"
"GPS  ","0301      ","G.PLANCHA SINT. 3MM 1T                  ","0","9.82","4.21","2.1","4.21","0.0000","0","0","0","0 ","0  ","0  ","      ","2023-12-19"
"GPS  ","0400      ","G.PLANCHA SINT. 4MM 0T                  ","0","8.61","3.69","1.95","3.69","0.0000","0","0","0","0 ","0  ","0  ","      ","2023-12-19"
"GPS  ","0401      ","G.PLANCHA SINT. 4MM 1T                  ","0","8.61","3.69","1.99","3.69","0.0000","0","0","0","0 ","0  ","0  ","      ","2023-12-19"
"GPS  ","0500      ","G.PLANCHA SINT. 5MM 0T                  ","0","8.61","3.69","1.95","3.69","0.0000","0","0","0","0 ","0  ","0  ","      ","2023-12-19"
"GPS  ","0501      ","G.PLANCHA SINT. 5MM 1T                  ","0","8.61","3.69","1.99","3.69","0.0000","0","0","0","0 ","0  ","0  ","      ","2023-12-19"
"GPS  ","0600      ","G.PLANCHA SINT. 6MM 0T                  ","0","8.61","3.69","1.95","3.69","0.0000","0","0","0","0 ","0  ","0  ","      ","2023-12-19"
"GPS  ","0601      ","G.PLANCHA SINT. 6MM 1T                  ","0","8.61","3.69","1.99","3.69","0.0000","0","0","0","0 ","0  ","0  ","      ","2023-12-19"
"GPS  ","0800      ","G.PLANCHA SINT. 8MM 0T                  ","0","9.66","4.15","1.95","4.15","0.0000","0","0","0","0 ","0  ","0  ","      ","2023-12-19"
"GPS  ","0801      ","G.PLANCHA SINT. 8MM 1T                  ","0","10.56","4.54","2.4","4.54","0.0000","0","0","0","0 ","0  ","0  ","      ","2023-12-19"
"GPS  ","1000      ","G.PLANCHA SINT. 10MM 0T                 ","0","9.66","4.15","2.2","4.15","0.0000","0","0","0","0 ","0  ","0  ","      ","2023-12-19"
"GPS  ","1001      ","G.PLANCHA SINT. 10MM 1T                 ","0","10.56","4.54","2.5","4.54","0.0000","0","0","0","0 ","0  ","0  ","      ","2023-12-19"
"GPS  ","1100      ","G.PLANCHA SINT. 11 A 25MM 0T            ","0","0.0000","0.0000","2.8","0.0000","0.0000","0","0","0","0 ","0  ","0  ","      ","2023-12-19"
"GPS  ","1101      ","G.PLANCHA SINT. 11 A 25MM 1T            ","0","0.0000","0.0000","3","0.0000","0.0000","0","0","0","0 ","0  ","0  ","      ","2023-12-19"
"H10  ","0830      ","H10  0830                               ","0","465.72","112.4","243.24","243.24","0.0000","0","0","0","  ","   ","   ","      ","2023-12-19"
"H10  ","0910      ","H10  0910                               ","0","479.74","115.77","250.53","250.53","0.0000","0","0","0","  ","   ","   ","      ","2023-12-19"
"H10  ","0930      ","H10  0930                               ","0","490.19","118.3","256.01","256.01","0.0000","0","0","0","  ","   ","   ","      ","2023-12-19"
"H10  ","0960      ","H10  0960                               ","0","505.97","122.1","264.22","264.22","0.0000","0","0","0","  ","   ","   ","      ","2023-12-19"
"H10  ","1030      ","H10  1030                               ","0","543.83","131.24","284.01","284.01","0.0000","0","0","0","  ","   ","   ","      ","2023-12-19"
"H10  ","1080      ","H10  1080                               ","0","569.68","137.49","297.54","297.54","0.0000","0","0","0","  ","   ","   ","      ","2023-12-19"
"H10  ","1120      ","H10  1120                               ","0","591.31","142.7","308.8","308.8","0.0000","0","0","0","  ","   ","   ","      ","2023-12-19"
"H10  ","1128      ","H10  1128                               ","0","595.01","143.59","310.74","310.74","0.0000","0","0","0","  ","   ","   ","      ","2023-12-19"
"H10  ","1140      ","H10  1140                               ","0","605","146.01","315.98","315.98","0.0000","0","0","0","  ","   ","   ","      ","2023-12-19"
"H10  ","1170      ","H10  1170                               ","0","618.11","149.17","322.81","322.81","0.0000","0","0","0","  ","   ","   ","      ","2023-12-19"
"H10  ","1200      ","H10  1200                               ","0","632.77","152.71","330.48","330.48","0.0000","0","0","0","  ","   ","   ","      ","2023-12-19"
"H10  ","1260      ","H10  1260                               ","0","666.32","160.81","348","348","0.0000","0","0","0","  ","   ","   ","      ","2023-12-19"
"H10  ","1280      ","H10  1280                               ","0","675.43","163.01","352.76","352.76","0.0000","0","0","0","  ","   ","   ","      ","2023-12-19"
"H10  ","1310      ","H10  1310                               ","0","690.97","166.75","360.86","360.86","0.0000","0","0","0","  ","   ","   ","      ","2023-12-19"
"H10  ","1320      ","H10  1320                               ","0","696.56","168.11","363.8","363.8","0.0000","0","0","0","  ","   ","   ","      ","2023-12-19"
"H10  ","1360      ","H10  1360                               ","0","718.14","173.31","375.06","375.06","0.0000","0","0","0","  ","   ","   ","      ","2023-12-19"
"H10  ","1372      ","H10  1372                               ","0","723.62","174.64","377.92","377.92","0.0000","0","0","0","  ","   ","   ","      ","2023-12-19"
"H10  ","1390      ","H10  1390                               ","0","733.78","177.09","383.24","383.24","0.0000","0","0","0","  ","   ","   ","      ","2023-12-19"
"H10  ","1440      ","H10  1440                               ","0","759.19","183.23","396.52","396.52","0.0000","0","0","0","  ","   ","   ","      ","2023-12-19"
"H10  ","1630      ","H10  1630                               ","0","859.62","207.47","448.98","448.98","0.0000","0","0","0","  ","   ","   ","      ","2023-12-19"
"H10  ","1650      ","H10  1650                               ","0","866.05","209.01","452.3","452.3","0.0000","0","0","0","  ","   ","   ","      ","2023-12-19"
"H10  ","1770      ","H10  1770                               ","0","934.49","225.53","488.05","488.05","0.0000","0","0","0","  ","   ","   ","      ","2023-12-19"
"H12  ","0700      ","H12  0700                               ","0","563.61","136.03","294.38","294.38","0.0000","0","0","0","  ","   ","   ","      ","2023-12-19"
"H12  ","0793      ","H12  0793                               ","0","522.99","126.24","273.19","273.19","0.0000","0","0","0","  ","   ","   ","      ","2023-12-19"
"H12  ","0960      ","H12  0960                               ","0","630.4","152.14","329.24","329.24","0.0000","0","0","0","  ","   ","   ","      ","2023-12-19"
"H12  ","0990      ","H12  0990                               ","0","652.3","157.43","340.69","340.69","0.0000","0","0","0","  ","   ","   ","      ","2023-12-19"
"H12  ","1050      ","H12  1050                               ","0","692.03","167.02","361.42","361.42","0.0000","0","0","0","  ","   ","   ","      ","2023-12-19"
"H12  ","1080      ","H12  1080                               ","0","711.69","171.75","371.66","371.66","0.0000","0","0","0","  ","   ","   ","      ","2023-12-19"
"H12  ","1150      ","H12  1150                               ","0","758.54","183.07","396.17","396.17","0.0000","0","0","0","  ","   ","   ","      ","2023-12-19"
"H12  ","1260      ","H12  1260                               ","0","829.94","200.3","433.46","433.46","0.0000","0","0","0","  ","   ","   ","      ","2023-12-19"
"H12  ","1320      ","H12  1320                               ","0","870.01","209.96","454.36","454.36","0.0000","0","0","0","  ","   ","   ","      ","2023-12-19"
"H12  ","1330      ","H12  1330                               ","0","876.79","211.61","457.92","457.92","0.0000","0","0","0","  ","   ","   ","      ","2023-12-19"
"H12  ","1340      ","H12  1340                               ","0","882.58","213","460.94","460.94","0.0000","0","0","0","  ","   ","   ","      ","2023-12-19"
"H12  ","1370      ","H12  1370                               ","0","902.79","217.88","471.5","471.5","0.0000","0","0","0","  ","   ","   ","      ","2023-12-19"
"H12  ","1450      ","H12  1450                               ","0","955.57","230.62","499.07","499.07","0.0000","0","0","0","  ","   ","   ","      ","2023-12-19"
"H12  ","1465      ","H12  1465                               ","0","965.37","232.99","504.2","504.2","0.0000","0","0","0","  ","   ","   ","      ","2023-12-19"
"H12  ","1470      ","H12  1470                               ","0","969.05","233.87","506.09","506.09","0.0000","0","0","0","  ","   ","   ","      ","2023-12-19"
"H12  ","1490      ","H12  1490                               ","0","981.88","236.96","512.78","512.78","0.0000","0","0","0","  ","   ","   ","      ","2023-12-19"
"H12  ","1500      ","H12  1500                               ","0","988.4","238.54","516.21","516.21","0.0000","0","0","0","  ","   ","   ","      ","2023-12-19"
"H12  ","1510      ","H12  1510                               ","0","995","240.14","519.67","519.67","0.0000","0","0","0","  ","   ","   ","      ","2023-12-19"
"H12  ","1580      ","H12  1580                               ","0","1040.58","251.14","543.46","543.46","0.0000","0","0","0","  ","   ","   ","      ","2023-12-19"
"H15  ","1110      ","H15  1110                               ","0","924.28","223.06","482.71","482.71","0.0000","0","0","0","  ","   ","   ","      ","2023-12-19"
"H2   ","0555      ","H2   0555                               ","0","147.53","35.61","77.06","77.06","0.0000","0","0","0","  ","   ","   ","      ","2023-12-19"
"H2   ","0610      ","H2   0610                               ","0","155.21","37.45","81.05","81.05","0.0000","0","0","0","  ","   ","   ","      ","2023-12-19"
"H2   ","0665      ","H2   0665                               ","0","172.06","41.53","89.86","89.86","0.0000","0","0","0","  ","   ","   ","      ","2023-12-19"
"H2   ","1060      ","H2   1060                               ","0","292.65","70.63","152.85","152.85","0.0000","0","0","0","  ","   ","   ","      ","2023-12-19"
"H2   ","1086      ","H2   1086                               ","0","295.76","71.37","154.44","154.44","0.0000","0","0","0","  ","   ","   ","      ","2023-12-19"
"H2   ","1200      ","H2   1200                               ","0","383.5","92.55","200.29","200.29","0.0000","0","0","0","  ","   ","   ","      ","2023-12-19"
"H2   ","1210      ","H2   1210                               ","0","336.54","81.22","175.77","175.77","0.0000","0","0","0","  ","   ","   ","      ","2023-12-19"
"H2   ","1226      ","H2   1226                               ","0","339.23","81.87","177.17","177.17","0.0000","0","0","0","  ","   ","   ","      ","2023-12-19"
"H2   ","1290      ","H2   1290                               ","0","355.57","85.82","185.73","185.73","0.0000","0","0","0","  ","   ","   ","      ","2023-12-19"
"H2   ","1390      ","H2   1390                               ","0","379.54","91.6","198.23","198.23","0.0000","0","0","0","  ","   ","   ","      ","2023-12-19"
"H2   ","1490      ","H2   1490                               ","0","394.65","95.25","206.12","206.12","0.0000","0","0","0","  ","   ","   ","      ","2023-12-19"
"H2   ","1560      ","H2   1560                               ","0","409.42","98.8","213.81","213.81","0.0000","0","0","0","  ","   ","   ","      ","2023-12-19"
"H2   ","1590      ","H2   1590                               ","0","416.49","100.51","217.51","217.51","0.0000","0","0","0","  ","   ","   ","      ","2023-12-19"
"H4   ","0900      ","H4   0900                               ","0","305.55","73.74","159.57","159.57","0.0000","0","0","0","  ","   ","   ","      ","2023-12-19"
"H4   ","0930      ","H4   0930                               ","0","316.06","76.28","165.08","165.08","0.0000","0","0","0","  ","   ","   ","      ","2023-12-19"
"H4   ","0960      ","H4   0960                               ","0","327.25","78.98","170.91","170.91","0.0000","0","0","0","  ","   ","   ","      ","2023-12-19"
"H4   ","0990      ","H4   0990                               ","0","336.06","81.11","175.53","175.53","0.0000","0","0","0","  ","   ","   ","      ","2023-12-19"
"H4   ","1000      ","H4   1000                               ","0","339.46","81.91","177.26","177.26","0.0000","0","0","0","  ","   ","   ","      ","2023-12-19"
"H4   ","1010      ","H4   1010                               ","0","343.18","82.82","179.23","179.23","0.0000","0","0","0","  ","   ","   ","      ","2023-12-19"
"H4   ","1040      ","H4   1040                               ","0","352.71","85.13","184.22","184.22","0.0000","0","0","0","  ","   ","   ","      ","2023-12-19"
"H4   ","1180      ","H4   1180                               ","0","493.1","119","257.53","257.53","0.0000","0","0","0","  ","   ","   ","      ","2023-12-19"
"H4   ","1400      ","H4   1400                               ","0","474.81","114.59","247.97","247.97","0.0000","0","0","0","  ","   ","   ","      ","2023-12-19"
"H4   ","1490      ","H4   1490                               ","0","505.97","122.1","264.22","264.22","0.0000","0","0","0","  ","   ","   ","      ","2023-12-19"
"H4   ","1600      ","H4   1600                               ","0","543.43","131.15","283.82","283.82","0.0000","0","0","0","  ","   ","   ","      ","2023-12-19"
"H6   ","1140      ","H6   1140                               ","0","305.55","73.74","159.57","159.57","0.0000","0","0","0","  ","   ","   ","      ","2023-12-19"
"H6   ","1150      ","H6   1150                               ","0","316.06","76.28","165.08","165.08","0.0000","0","0","0","  ","   ","   ","      ","2023-12-19"
"H6   ","1530      ","H6   1530                               ","0","327.25","78.98","170.91","170.91","0.0000","0","0","0","  ","   ","   ","      ","2023-12-19"
"H8   ","0640      ","H8   0640                               ","0","292.85","70.67","152.93","152.93","0.0000","0","0","0","  ","   ","   ","      ","2023-12-19"
"H8   ","0810      ","H8   0810                               ","0","366.95","88.55","191.62","191.62","0.0000","0","0","0","  ","   ","   ","      ","2023-12-19"
"H8   ","0850      ","H8   0850                               ","0","378.53","91.35","197.69","197.69","0.0000","0","0","0","  ","   ","   ","      ","2023-12-19"
"H8   ","0890      ","H8   0890                               ","0","402.83","97.21","210.38","210.38","0.0000","0","0","0","  ","   ","   ","      ","2023-12-19"
"H8   ","0910      ","H8   0910                               ","0","412.12","99.46","215.24","215.24","0.0000","0","0","0","  ","   ","   ","      ","2023-12-19"
"H8   ","0930      ","H8   0930                               ","0","423.88","102.29","221.37","221.37","0.0000","0","0","0","  ","   ","   ","      ","2023-12-19"
"H8   ","0940      ","H8   0940                               ","0","431.79","104.2","225.48","225.48","0.0000","0","0","0","  ","   ","   ","      ","2023-12-19"
"H8   ","0950      ","H8   0950                               ","0","436.41","105.33","227.93","227.93","0.0000","0","0","0","  ","   ","   ","      ","2023-12-19"
"H8   ","0960      ","H8   0960                               ","0","443.05","106.92","231.39","231.39","0.0000","0","0","0","  ","   ","   ","      ","2023-12-19"
"H8   ","0985      ","H8   0985                               ","0","445.92","107.62","232.88","232.88","0.0000","0","0","0","  ","   ","   ","      ","2023-12-19"
"H8   ","0990      ","H8   0990                               ","0","448.32","108.2","234.14","234.14","0.0000","0","0","0","  ","   ","   ","      ","2023-12-19"
"H8   ","1000      ","H8   1000                               ","0","459.4","110.87","239.92","239.92","0.0000","0","0","0","  ","   ","   ","      ","2023-12-19"
"H8   ","1025      ","H8   1025                               ","0","464.1","112","242.38","242.38","0.0000","0","0","0","  ","   ","   ","      ","2023-12-19"
"H8   ","1030      ","H8   1030                               ","0","466.3","112.53","243.51","243.51","0.0000","0","0","0","  ","   ","   ","      ","2023-12-19"
"H8   ","1040      ","H8   1040                               ","0","470.68","113.59","245.81","245.81","0.0000","0","0","0","  ","   ","   ","      ","2023-12-19"
"H8   ","1050      ","H8   1050                               ","0","475.08","114.66","248.13","248.13","0.0000","0","0","0","  ","   ","   ","      ","2023-12-19"
"H8   ","1100      ","H8   1100                               ","0","498.28","120.26","260.25","260.25","0.0000","0","0","0","  ","   ","   ","      ","2023-12-19"
"H8   ","1120      ","H8   1120                               ","0","507.2","122.41","264.9","264.9","0.0000","0","0","0","  ","   ","   ","      ","2023-12-19"
"H8   ","1150      ","H8   1150                               ","0","527.66","127.35","275.59","275.59","0.0000","0","0","0","  ","   ","   ","      ","2023-12-19"
"H8   ","1200      ","H8   1200                               ","0","543.43","131.15","283.82","283.82","0.0000","0","0","0","  ","   ","   ","      ","2023-12-19"
"H8   ","1260      ","H8   1260                               ","0","581.1","140.24","303.48","303.48","0.0000","0","0","0","  ","   ","   ","      ","2023-12-19"
"H8   ","1285      ","H8   1285                               ","0","581.85","140.42","303.86","303.86","0.0000","0","0","0","  ","   ","   ","      ","2023-12-19"
"H8   ","1310      ","H8   1310                               ","0","601.05","145.05","313.9","313.9","0.0000","0","0","0","  ","   ","   ","      ","2023-12-19"
"H8   ","1320      ","H8   1320                               ","0","605.79","146.2","316.39","316.39","0.0000","0","0","0","  ","   ","   ","      ","2023-12-19"
"H8   ","1350      ","H8   1350                               ","0","620.14","149.66","323.87","323.87","0.0000","0","0","0","  ","   ","   ","      ","2023-12-19"
"H8   ","1360      ","H8   1360                               ","0","616.17","148.7","321.79","321.79","0.0000","0","0","0","  ","   ","   ","      ","2023-12-19"
"H8   ","1590      ","H8   1590                               ","0","730.2","176.24","381.4","381.4","0.0000","0","0","0","  ","   ","   ","      ","2023-12-19"
"HL   ","0         ","HILERADORA                              ","0","125","52.5","0.0000","100","0.0000","0","0","0","0 ","0  ","0  ","      ","2025-01-28"
"MAGUA","25        ","MANG. AGUA 5 KGS 25                     ","0","7.72","7.34","0.0000","7.34","0.0000","0","0","0","0 ","0  ","0  ","      ","2025-01-27"
"MAGUA","32        ","32 MM                                   ","0","8.64","8.97","0.0000","8.97","0.0000","0","0","0","0 ","0  ","0  ","      ","2025-01-27"
"MAGUA","38        ","38 MM                                   ","0","11.3","12.06","0.0000","12.06","0.0000","0","0","0","0 ","0  ","0  ","      ","2025-01-27"
"MAGUA","45        ","45 MM                                   ","0","14.84","15.59","0.0000","15.59","0.0000","0","0","0","0 ","0  ","0  ","      ","2025-01-27"
"MAGUA","51        ","51 MM                                   ","0","16.63","18.26","0.0000","18.26","0.0000","0","0","0","0 ","0  ","0  ","      ","2025-01-27"
"MALAM","100       ","100 MM                                  ","0","21.2","33.7","0.0000","33.7","0.0000","0","0","0","0 ","0  ","0  ","      ","2025-01-27"
"MALAM","19        ","19 MM                                   ","0","1.77","3.31","0.0000","3.31","0.0000","0","0","0","0 ","0  ","0  ","      ","2025-01-27"
"MALAM","25        ","25 MM                                   ","0","2.85","4.2","0.0000","4.2","0.0000","0","0","0","0 ","0  ","0  ","      ","2025-01-27"
"MALAM","32        ","32 MM                                   ","0","4.08","6.05","0.0000","6.05","0.0000","0","0","0","0 ","0  ","0  ","      ","2025-01-27"
"MALAM","38        ","38 MM                                   ","0","5.49","7.75","0.0000","7.75","0.0000","0","0","0","0 ","0  ","0  ","      ","2025-01-27"
"MALAM","45        ","45 MM                                   ","0","6.72","10.04","0.0000","10.04","0.0000","0","0","0","0 ","0  ","0  ","      ","2025-01-27"
"MALAM","50        ","50 MM                                   ","0","8.31","12.33","0.0000","12.33","0.0000","0","0","0","0 ","0  ","0  ","      ","2025-01-27"
"MALAM","64        ","64 MM                                   ","0","14.9","19.2","0.0000","19.2","0.0000","0","0","0","0 ","0  ","0  ","      ","2025-01-27"
"MALAM","76        ","76 MM                                   ","0","16.53","22.47","0.0000","22.47","0.0000","0","0","0","0 ","0  ","0  ","      ","2025-01-27"
"MALTA","10        ","10 MM                                   ","0","1.92","1.15","0.0000","1.15","0.0000","0","0","0","0 ","0  ","0  ","      ","2023-12-19"
"MALTA","13        ","13 MM                                   ","0","2.83","1.7","0.0000","1.7","0.0000","0","0","0","0 ","0  ","0  ","      ","2023-12-19"
"MALTA","8         ","8 MM                                    ","0","1.83","1.1","0.0000","1.1","0.0000","0","0","0","0 ","0  ","0  ","      ","2023-12-19"
"MAMAR","10        ","10 MM                                   ","0","1.02","1.81","0.0000","1.81","0.0000","0","0","0","0 ","0  ","0  ","      ","2025-01-27"
"MAMAR","13        ","13 MM                                   ","0","1.52","2.55","0.0000","2.55","0.0000","0","0","0","0 ","0  ","0  ","      ","2025-01-27"
"MAMAR","19        ","19 MM                                   ","0","2.85","4.15","0.0000","4.15","0.0000","0","0","0","0 ","0  ","0  ","      ","2025-01-27"
"MAMAR","25        ","25 MM                                   ","0","3.58","5.19","0.0000","5.19","0.0000","0","0","0","0 ","0  ","0  ","      ","2025-01-27"
"MAMAR","6         ","6 MM                                    ","0","0.55","0.94","0.0000","0.94","0.0000","0","0","0","0 ","0  ","0  ","      ","2025-01-27"
"MAMAR","8         ","8 MM                                    ","0","0.81","1.36","0.0000","1.36","0.0000","0","0","0","0 ","0  ","0  ","      ","2025-01-27"
"MAREN","19        ","19 MM                                   ","0","10.7","14.86","0.0000","14.86","0.0000","0","0","0","0 ","0  ","0  ","      ","2025-01-27"
"MAREN","25        ","25 MM                                   ","0","16.1","18.54","0.0000","18.54","0.0000","0","0","0","0 ","0  ","0  ","      ","2025-01-27"
"MAREN","32        ","32 MM                                   ","0","21.85","27.61","0.0000","27.61","0.0000","0","0","0","0 ","0  ","0  ","      ","2025-01-27"
"MAZUL","13        ","MANG.AZUL 5 KGS 13                      ","0","3.17","1.9","0.0000","1.9","0.0000","0","0","0","0 ","0  ","0  ","      ","2023-12-19"
"MAZUL","19        ","MANG.AZUL 5 KGS. 19                     ","0","5.15","3.08","0.0000","3.08","0.0000","0","0","0","0 ","0  ","0  ","      ","2023-12-19"
"MAZUL","25        ","MANG. AZUL 5 KGS 25                     ","0","6.46","3.88","0.0000","3.88","0.0000","0","0","0","0 ","0  ","0  ","      ","2023-12-19"
"MFP  ","10        ","10                                      ","0","5.6","1.29","1.29","1.29","0.0000","0","0","0","MF","0  ","0  ","      ","2025-01-24"
"MFP  ","13        ","13                                      ","0","9.2","1.52","1.52","1.52","0.0000","0","0","0","MF","0  ","0  ","      ","2025-01-24"
"MFP  ","16        ","16                                      ","0","11.2","2.71","2.71","2.71","0.0000","0","0","0","MF","0  ","0  ","      ","2025-01-24"
"MFP  ","19        ","19                                      ","0","16.72","3.15","3.15","3.15","0.0000","0","0","0","MF","0  ","0  ","      ","2025-01-24"
"MFP  ","25        ","25                                      ","0","21.12","5.04","5.04","5.04","0.0000","0","0","0","MF","0  ","0  ","      ","2025-01-24"
"MFP  ","6         ","6                                       ","0","3.52","0.96","0.96","0.96","0.0000","0","0","0","MF","0  ","0  ","      ","2025-01-24"
"MFP  ","8         ","8                                       ","0","4.49","1.05","1.05","1.05","0.0000","0","0","0","MF","0  ","0  ","      ","2025-01-24"
"MFP10","13        ","13 MM                                   ","0","8.34","5","0.0000","5","0.0000","0","0","0","0 ","0  ","0  ","      ","2023-12-19"
"MFP10","16        ","16 MM                                   ","0","13.32","8","0.0000","8","0.0000","0","0","0","0 ","0  ","0  ","      ","2023-12-19"
"MFP10","19        ","19 MM                                   ","0","20","12","0.0000","12","0.0000","0","0","0","0 ","0  ","0  ","      ","2023-12-19"
"MFP10","22        ","22 MM                                   ","0","41.65","25","0.0000","25","0.0000","0","0","0","0 ","0  ","0  ","      ","2023-12-19"
"MFP10","6         ","6 MM                                    ","0","5.01","3","0.0000","3","0.0000","0","0","0","0 ","0  ","0  ","      ","2023-12-19"
"MFP10","8         ","8 MM                                    ","0","6.67","4","0.0000","4","0.0000","0","0","0","0 ","0  ","0  ","      ","2023-12-19"
"MHR1 ","12        ","MANG. HIDR. R1 AT 1/2""                  ","0","19.02","4.62","0.0000","4.62","0.0000","0","0","0","0 ","0  ","0  ","      ","2023-12-19"
"MHR1 ","14        ","MANG. HIDR. R1 AT 1/4""                  ","0","13.84","3.35","0.0000","3.35","0.0000","0","0","0","0 ","0  ","0  ","      ","2023-12-19"
"MHR1 ","38        ","MANG. HIDR. R1 AT 3/8""                  ","0","15.99","3.89","0.0000","3.89","0.0000","0","0","0","0 ","0  ","0  ","      ","2023-12-19"
"MHR2 ","1         ","MANG. HIDR. R2 AT 1""                    ","0","47.81","11.63","0.0000","11.63","0.0000","0","0","0","0 ","0  ","0  ","      ","2023-12-19"
"MHR2 ","12        ","MANG. HIDR. R2 AT 1/2""                  ","0","24.12","5.86","0.0000","5.86","0.0000","0","0","0","0 ","0  ","0  ","      ","2023-12-19"
"MHR2 ","14        ","MANG. HIDR. R2 AT 1/4""                  ","0","16.33","3.97","0.0000","3.97","0.0000","0","0","0","0 ","0  ","0  ","      ","2023-12-19"
"MHR2 ","34        ","MANG. HIDR. R2 AT 3/4""                  ","0","34.64","8.42","0.0000","8.42","0.0000","0","0","0","0 ","0  ","0  ","      ","2023-12-19"
"MHR2 ","38        ","MANG. HIDR. R2 AT 3/8""                  ","0","18.66","4.53","0.0000","4.53","0.0000","0","0","0","0 ","0  ","0  ","      ","2023-12-19"
"MMULT","25        ","25 MM                                   ","0","18.52","10.15","0.0000","10.15","0.0000","0","0","0","0 ","0  ","0  ","      ","2023-12-19"
"MMULT","32        ","32 MM                                   ","0","25.39","13.9","0.0000","13.9","0.0000","0","0","0","0 ","0  ","0  ","      ","2023-12-19"
"MMULT","38        ","38 MM                                   ","0","32.23","17.65","0.0000","17.65","0.0000","0","0","0","0 ","0  ","0  ","      ","2023-12-19"
"MMULT","45        ","45 MM                                   ","0","37.69","20.65","0.0000","20.65","0.0000","0","0","0","0 ","0  ","0  ","      ","2023-12-19"
"MMULT","50        ","50 MM                                   ","0","40.17","22","0.0000","22","0.0000","0","0","0","0 ","0  ","0  ","      ","2023-12-19"
"MOL  ","330       ","MOLDEADO 50*25*330                      ","0","13.79","4.39","0.0000","4.39","0.0000","0","0","0","0 ","0  ","0  ","      ","2023-12-19"
"MOL  ","400       ","MOLDEADO 50*25*400                      ","0","16.7","5.32","0.0000","5.32","0.0000","0","0","0","0 ","0  ","0  ","      ","2023-12-19"
"MOL  ","500       ","MOLDEADO 50*25*500                      ","0","20.93","6.67","0.0000","6.67","0.0000","0","0","0","0 ","0  ","0  ","      ","2023-12-19"
"MOL  ","650       ","MOLDEADO 50*25*650                      ","0","27.17","8.66","0.0000","8.66","0.0000","0","0","0","0 ","0  ","0  ","      ","2023-12-19"
"MOP  ","10        ","10                                      ","0","13.6","1.52","1.52","1.52","0.0000","0","0","0","MF","0  ","0  ","      ","2025-01-24"
"MOP  ","13        ","13                                      ","0","16.4","1.97","1.97","1.97","0.0000","0","0","0","MF","0  ","0  ","      ","2025-01-24"
"MOP  ","16        ","16                                      ","0","19.2","3.13","3.13","3.13","0.0000","0","0","0","MF","0  ","0  ","      ","2025-01-24"
"MOP  ","19        ","19                                      ","0","23.4","4.11","4.11","4.11","0.0000","0","0","0","MF","0  ","0  ","      ","2025-01-24"
"MOP  ","25        ","25                                      ","0","32.4","6.32","6.32","6.32","0.0000","0","0","0","MF","0  ","0  ","      ","2025-01-24"
"MOP  ","6         ","6                                       ","0","10.4","1.26","1.26","1.26","0.0000","0","0","0","MF","0  ","0  ","      ","2025-01-24"
"MOP  ","7         ","7 MM                                    ","0","9.99","5","0.0000","5","0.0000","0","0","0","0 ","0  ","0  ","      ","2023-12-19"
"MOP  ","8         ","8                                       ","0","11.6","1.41","1.41","1.41","0.0000","0","0","0","MF","0  ","0  ","      ","2025-01-24"
"MOP10","13        ","13 MM                                   ","0","33.32","20","0.0000","20","0.0000","0","0","0","0 ","0  ","0  ","      ","2023-12-19"
"MOP10","6         ","6 MM                                    ","0","16.66","10","0.0000","10","0.0000","0","0","0","0 ","0  ","0  ","      ","2023-12-19"
"MOP10","8         ","8 MM                                    ","0","20","12","0.0000","12","0.0000","0","0","0","0 ","0  ","0  ","      ","2023-12-19"
"MPLA ","100       ","100 MM                                  ","0","4.65","5.37","0.0000","5.37","0.0000","0","0","0","0 ","0  ","0  ","      ","2025-01-27"
"MPLA ","25        ","25 MM                                   ","0","1.25","1.41","0.0000","1.41","0.0000","0","0","0","0 ","0  ","0  ","      ","2025-01-27"
"MPLA ","32        ","32 MM                                   ","0","1.45","1.68","0.0000","1.68","0.0000","0","0","0","0 ","0  ","0  ","      ","2025-01-27"
"MPLA ","38        ","38 MM                                   ","0","1.86","2.07","0.0000","2.07","0.0000","0","0","0","0 ","0  ","0  ","      ","2025-01-27"
"MPLA ","51        ","51 MM                                   ","0","1.93","2.5","0.0000","2.5","0.0000","0","0","0","0 ","0  ","0  ","      ","2025-01-27"
"MPLA ","64        ","64 MM                                   ","0","2.45","2.7","0.0000","2.7","0.0000","0","0","0","0 ","0  ","0  ","      ","2025-01-27"
"MPLA ","76        ","76 MM                                   ","0","3.07","2.9","0.0000","2.9","0.0000","0","0","0","0 ","0  ","0  ","      ","2025-01-27"
"MPUL ","1016      ","10 X 16 MM                              ","0","2","1.2","0.0000","1.2","0.0000","0","0","0","0 ","0  ","0  ","      ","2023-12-19"
"MPUL ","1219      ","12 X 19 MM                              ","0","3.17","1.9","0.0000","1.9","0.0000","0","0","0","0 ","0  ","0  ","      ","2023-12-19"
"MRIE ","12        ","12 MM                                   ","0","0.76","1.86","0.0000","1.86","0.0000","0","0","0","0 ","0  ","0  ","      ","2025-01-27"
"MRIE ","19        ","19 MM                                   ","0","1.09","3.01","0.0000","3.01","0.0000","0","0","0","0 ","0  ","0  ","      ","2025-01-27"
"MRIE ","25        ","25 MM                                   ","0","1.38","3.8","0.0000","3.8","0.0000","0","0","0","0 ","0  ","0  ","      ","2025-01-27"
"MROJO","10        ","10 MM                                   ","0","0.9","1.32","0.0000","1.32","0.0000","0","0","1","0 ","0  ","0  ","      ","2025-01-27"
"MROJO","13        ","13 MM                                   ","0","1.28","1.86","0.0000","1.86","0.0000","0","0","1","0 ","0  ","0  ","      ","2025-01-27"
"MROJO","16        ","16 MM                                   ","0","1.72","2.52","0.0000","2.52","0.0000","0","0","1","0 ","0  ","0  ","      ","2025-01-27"
"MROJO","19        ","19 MM                                   ","0","2.49","3.01","0.0000","3.01","0.0000","0","0","0","0 ","0  ","0  ","      ","2025-01-27"
"MROJO","25        ","25 MM                                   ","0","3.15","3.81","0.0000","3.81","0.0000","0","0","1","0 ","0  ","0  ","      ","2025-01-27"
"MROJO","6         ","6 MM                                    ","0","0.48","0.7","0.0000","0.7","0.0000","0","0","1","0 ","0  ","0  ","      ","2025-01-27"
"MROJO","8         ","8 MM                                    ","0","0.7","1.01","0.0000","1.01","0.0000","0","0","1","0 ","0  ","0  ","      ","2025-01-27"
"MSAN ","13        ","MANGUERA SANITARIA 13 MM                ","0","11.77","4.12","0.0000","10.2","0.0000","10","0","10","0 ","0  ","0  ","      ","2023-12-19"
"MSAN ","19        ","MANGUERA SANITARIA 19 MM                ","0","15.46","5.41","0.0000","13.4","0.0000","13","0","13","0 ","0  ","0  ","      ","2023-12-19"
"MSAN ","25        ","MANGUERA SANITARIA 25 MM                ","0","25.27","8.86","0.0000","25.12","0.0000","25","0","25","0 ","0  ","0  ","      ","2023-12-19"
"MTRAN","10        ","10 MM                                   ","0","0.9","1.44","0.0000","1.44","0.0000","0","0","0","0 ","0  ","0  ","      ","2025-01-27"
"MTRAN","13        ","13 MM                                   ","1","1.28","2.04","0.0000","2.04","0.0000","0","0","1","0 ","0  ","0  ","      ","2025-01-27"
"MTRAN","16        ","MANG.TRANSP.20KGS.                      ","0","1.65","2.64","0.0000","2.64","0.0000","0","0","0","0 ","0  ","0  ","      ","2025-01-27"
"MTRAN","19        ","19 MM                                   ","2","2.49","3.48","0.0000","3.48","0.0000","0","0","2","0 ","0  ","0  ","      ","2025-01-27"
"MTRAN","25        ","25 MM                                   ","0","3.18","4.1","0.0000","4.1","0.0000","0","0","3","0 ","0  ","0  ","      ","2025-01-27"
"MTRAN","32        ","MANG.TRANSP.20KGS.                      ","0","5.45","5.3","0.0000","5.3","0.0000","0","0","0","0 ","0  ","0  ","      ","2025-01-27"
"MTRAN","38        ","MANG.TRANSP.20KGS.                      ","0","7.4","7.15","0.0000","7.15","0.0000","0","0","0","0 ","0  ","0  ","      ","2025-01-27"
"MTRAN","45        ","MANG.TRANSP.20KGS. 45                   ","0","8.49","10.38","0.0000","10.38","0.0000","0","0","0","0 ","0  ","0  ","      ","2025-01-27"
"MTRAN","6         ","6 MM                                    ","0","0.57","0.75","0.0000","0.75","0.0000","0","0","0","0 ","0  ","0  ","      ","2025-01-27"
"MTRAN","8         ","8 MM                                    ","0","0.7","1.12","0.0000","1.12","0.0000","0","0","0","0 ","0  ","0  ","      ","2025-01-27"
"O    ","16        ","O    16                                 ","0","5.11","1.23","2.61","2.61","0.0000","0","0","0","  ","   ","   ","      ","2023-12-19"
"O    ","17        ","O    17                                 ","0","5.23","1.26","2.66","2.66","0.0000","0","0","0","  ","   ","   ","      ","2023-12-19"
"O    ","18        ","O    18                                 ","0","5.31","1.27","2.69","2.69","0.0000","0","0","0","  ","   ","   ","      ","2023-12-19"
"O    ","19        ","O    19                                 ","0","5.42","1.31","2.78","2.78","0.0000","0","0","0","  ","   ","   ","      ","2023-12-19"
"O    ","20        ","O    20                                 ","0","5.5","1.33","2.83","2.83","0.0000","0","0","0","  ","   ","   ","      ","2023-12-19"
"O    ","21        ","O    21                                 ","0","5.72","1.38","2.94","2.94","0.0000","0","0","0","  ","   ","   ","      ","2023-12-19"
"O    ","22        ","O    22                                 ","0","5.86","1.41","2.98","2.98","0.0000","0","0","0","  ","   ","   ","      ","2023-12-19"
"O    ","23        ","O    23                                 ","0","5.88","1.42","3","3","0.0000","0","0","0","  ","   ","   ","      ","2023-12-19"
"O    ","24        ","O    24                                 ","0","5.88","1.42","3.01","3.01","0.0000","0","0","0","  ","   ","   ","      ","2023-12-19"
"O    ","25        ","O    25                                 ","0","6.12","1.48","3.13","3.13","0.0000","0","0","0","  ","   ","   ","      ","2023-12-19"
"O    ","26        ","O    26                                 ","0","6.39","1.54","3.25","3.25","0.0000","0","0","0","  ","   ","   ","      ","2023-12-19"
"O    ","27        ","O    27                                 ","0","6.69","1.6","3.38","3.38","0.0000","0","0","0","  ","   ","   ","      ","2023-12-19"
"O    ","28        ","O    28                                 ","0","6.86","1.66","3.5","3.5","0.0000","0","0","0","  ","   ","   ","      ","2023-12-19"
"O    ","29        ","O    29                                 ","0","7.09","1.71","3.63","3.63","0.0000","0","0","0","  ","   ","   ","      ","2023-12-19"
"O    ","30        ","O    30                                 ","0","7.37","1.77","3.75","3.75","0.0000","0","0","0","  ","   ","   ","      ","2023-12-19"
"O    ","31        ","O    31                                 ","0","7.59","1.83","3.88","3.88","0.0000","0","0","0","  ","   ","   ","      ","2023-12-19"
"O    ","32        ","O    32                                 ","0","7.88","1.9","4.02","4.02","0.0000","0","0","0","  ","   ","   ","      ","2023-12-19"
"O    ","33        ","O    33                                 ","0","8.11","1.95","4.12","4.12","0.0000","0","0","0","  ","   ","   ","      ","2023-12-19"
"O    ","34        ","O    34                                 ","0","8.3","2.01","4.26","4.26","0.0000","0","0","0","  ","   ","   ","      ","2023-12-19"
"O    ","35        ","O    35                                 ","0","8.57","2.06","4.37","4.37","0.0000","0","0","0","  ","   ","   ","      ","2023-12-19"
"O    ","36        ","O    36                                 ","0","8.82","2.13","4.52","4.52","0.0000","0","0","0","  ","   ","   ","      ","2023-12-19"
"O    ","37        ","O    37                                 ","0","9.06","2.19","4.64","4.64","0.0000","0","0","0","  ","   ","   ","      ","2023-12-19"
"O    ","38        ","O    38                                 ","0","9.32","2.25","4.76","4.76","0.0000","0","0","0","  ","   ","   ","      ","2023-12-19"
"O    ","39        ","O    39                                 ","0","9.56","2.3","4.88","4.88","0.0000","0","0","0","  ","   ","   ","      ","2023-12-19"
"O    ","40        ","O    40                                 ","0","9.8","2.36","5","5","0.0000","0","0","0","  ","   ","   ","      ","2023-12-19"
"O    ","41        ","O    41                                 ","0","10.03","2.42","5.13","5.13","0.0000","0","0","0","  ","   ","   ","      ","2023-12-19"
"O    ","42        ","O    42                                 ","0","10.28","2.48","5.25","5.25","0.0000","0","0","0","  ","   ","   ","      ","2023-12-19"
"O    ","43        ","O    43                                 ","0","10.49","2.54","5.37","5.37","0.0000","0","0","0","  ","   ","   ","      ","2023-12-19"
"O    ","44        ","O    44                                 ","0","10.79","2.6","5.5","5.5","0.0000","0","0","0","  ","   ","   ","      ","2023-12-19"
"O    ","45        ","O    45                                 ","0","11.09","2.66","5.62","5.62","0.0000","0","0","0","  ","   ","   ","      ","2023-12-19"
"O    ","46        ","O    46                                 ","0","11.28","2.72","5.75","5.75","0.0000","0","0","0","  ","   ","   ","      ","2023-12-19"
"O    ","47        ","O    47                                 ","0","11.52","2.78","5.89","5.89","0.0000","0","0","0","  ","   ","   ","      ","2023-12-19"
"O    ","48        ","O    48                                 ","0","11.77","2.84","6.01","6.01","0.0000","0","0","0","  ","   ","   ","      ","2023-12-19"
"O    ","49        ","O    49                                 ","0","11.96","2.89","6.13","6.13","0.0000","0","0","0","  ","   ","   ","      ","2023-12-19"
"O    ","50        ","O    50                                 ","0","12.18","2.94","6.24","6.24","0.0000","0","0","0","  ","   ","   ","      ","2023-12-19"
"O    ","51        ","O    51                                 ","0","12.51","3.02","6.39","6.39","0.0000","0","0","0","  ","   ","   ","      ","2023-12-19"
"O    ","52        ","O    52                                 ","0","12.74","3.07","6.5","6.5","0.0000","0","0","0","  ","   ","   ","      ","2023-12-19"
"O    ","53        ","O    53                                 ","0","12.96","3.13","6.64","6.64","0.0000","0","0","0","  ","   ","   ","      ","2023-12-19"
"O    ","54        ","O    54                                 ","0","13.23","3.19","6.75","6.75","0.0000","0","0","0","  ","   ","   ","      ","2023-12-19"
"O    ","55        ","O    55                                 ","0","13.44","3.24","6.87","6.87","0.0000","0","0","0","  ","   ","   ","      ","2023-12-19"
"O    ","56        ","O    56                                 ","0","13.74","3.31","7.02","7.02","0.0000","0","0","0","  ","   ","   ","      ","2023-12-19"
"O    ","57        ","O    57                                 ","0","13.99","3.37","7.13","7.13","0.0000","0","0","0","  ","   ","   ","      ","2023-12-19"
"O    ","58        ","O    58                                 ","0","14.19","3.43","7.26","7.26","0.0000","0","0","0","  ","   ","   ","      ","2023-12-19"
"O    ","59        ","O    59                                 ","0","14.48","3.49","7.38","7.38","0.0000","0","0","0","  ","   ","   ","      ","2023-12-19"
"O    ","60        ","O    60                                 ","0","14.77","3.55","7.52","7.52","0.0000","0","0","0","  ","   ","   ","      ","2023-12-19"
"O    ","61        ","O    61                                 ","0","15.02","3.63","7.69","7.69","0.0000","0","0","0","  ","   ","   ","      ","2023-12-19"
"O    ","62        ","O    62                                 ","0","15.3","3.69","7.81","7.81","0.0000","0","0","0","  ","   ","   ","      ","2023-12-19"
"O    ","63        ","O    63                                 ","0","15.59","3.75","7.94","7.94","0.0000","0","0","0","  ","   ","   ","      ","2023-12-19"
"O    ","64        ","O    64                                 ","0","15.79","3.81","8.08","8.08","0.0000","0","0","0","  ","   ","   ","      ","2023-12-19"
"O    ","65        ","O    65                                 ","0","16.02","3.87","8.2","8.2","0.0000","0","0","0","  ","   ","   ","      ","2023-12-19"
"O    ","66        ","O    66                                 ","0","16.3","3.93","8.32","8.32","0.0000","0","0","0","  ","   ","   ","      ","2023-12-19"
"O    ","67        ","O    67                                 ","0","16.54","3.99","8.44","8.44","0.0000","0","0","0","  ","   ","   ","      ","2023-12-19"
"O    ","68        ","O    68                                 ","0","16.83","4.06","8.59","8.59","0.0000","0","0","0","  ","   ","   ","      ","2023-12-19"
"O    ","69        ","O    69                                 ","0","16.98","4.1","8.69","8.69","0.0000","0","0","0","  ","   ","   ","      ","2023-12-19"
"O    ","70        ","O    70                                 ","0","17.27","4.16","8.82","8.82","0.0000","0","0","0","  ","   ","   ","      ","2023-12-19"
"O    ","71        ","O    71                                 ","0","17.51","4.23","8.97","8.97","0.0000","0","0","0","  ","   ","   ","      ","2023-12-19"
"O    ","72        ","O    72                                 ","0","17.8","4.28","9.08","9.08","0.0000","0","0","0","  ","   ","   ","      ","2023-12-19"
"O    ","73        ","O    73                                 ","0","18","4.34","9.2","9.2","0.0000","0","0","0","  ","   ","   ","      ","2023-12-19"
"O    ","74        ","O    74                                 ","0","18.28","4.4","9.33","9.33","0.0000","0","0","0","  ","   ","   ","      ","2023-12-19"
"O    ","75        ","O    75                                 ","0","18.58","4.47","9.47","9.47","0.0000","0","0","0","  ","   ","   ","      ","2023-12-19"
"O    ","76        ","O    76                                 ","0","18.71","4.52","9.58","9.58","0.0000","0","0","0","  ","   ","   ","      ","2023-12-19"
"O    ","77        ","O    77                                 ","0","18.99","4.58","9.71","9.71","0.0000","0","0","0","  ","   ","   ","      ","2023-12-19"
"O    ","78        ","O    78                                 ","0","19.2","4.64","9.83","9.83","0.0000","0","0","0","  ","   ","   ","      ","2023-12-19"
"O    ","79        ","O    79                                 ","0","19.48","4.7","9.96","9.96","0.0000","0","0","0","  ","   ","   ","      ","2023-12-19"
"O    ","80        ","O    80                                 ","0","19.78","4.77","10.09","10.09","0.0000","0","0","0","  ","   ","   ","      ","2023-12-19"
"O    ","81        ","O    81                                 ","0","20","4.82","10.22","10.22","0.0000","0","0","0","  ","   ","   ","      ","2023-12-19"
"O    ","82        ","O    82                                 ","0","20.22","4.88","10.35","10.35","0.0000","0","0","0","  ","   ","   ","      ","2023-12-19"
"O    ","83        ","O    83                                 ","0","20.42","4.94","10.46","10.46","0.0000","0","0","0","  ","   ","   ","      ","2023-12-19"
"O    ","84        ","O    84                                 ","0","20.7","5","10.6","10.6","0.0000","0","0","0","  ","   ","   ","      ","2023-12-19"
"O    ","85        ","O    85                                 ","0","20.97","5.05","10.71","10.71","0.0000","0","0","0","  ","   ","   ","      ","2023-12-19"
"O    ","86        ","O    86                                 ","0","21.26","5.13","10.85","10.85","0.0000","0","0","0","  ","   ","   ","      ","2023-12-19"
"O    ","87        ","O    87                                 ","0","21.5","5.18","10.96","10.96","0.0000","0","0","0","  ","   ","   ","      ","2023-12-19"
"O    ","88        ","O    88                                 ","0","21.76","5.24","11.1","11.1","0.0000","0","0","0","  ","   ","   ","      ","2023-12-19"
"O    ","89        ","O    89                                 ","0","21.96","5.3","11.24","11.24","0.0000","0","0","0","  ","   ","   ","      ","2023-12-19"
"O    ","90        ","O    90                                 ","0","22.17","5.35","11.34","11.34","0.0000","0","0","0","  ","   ","   ","      ","2023-12-19"
"O    ","98        ","O    98                                 ","0","24.18","5.83","12.36","12.36","0.0000","0","0","0","  ","   ","   ","      ","2023-12-19"
"PISO ","1         ","G.PLANCHA 1LISA/1RUGOSA                 ","0","18.18","7.1","0.0000","18","0.0000","0","0","0","0 ","0  ","0  ","      ","2023-12-19"
"PISO ","2         ","G.PLANCHA C/SUP.CIRCULAR                ","0","27.26","10.69","0.0000","33.36","0.0000","0","0","0","0 ","0  ","0  ","      ","2023-12-19"
"PISO ","3         ","G.PLANCHA CORRUG.FINA                   ","0","27.26","19.62","0.0000","19.62","0.0000","0","0","0","0 ","0  ","0  ","      ","2023-12-19"
"PISO ","4         ","G.PLANCHA CORRUG.GRUESA                 ","0","24.23","15","0.0000","15","0.0000","0","0","0","0 ","0  ","0  ","      ","2023-12-19"
"PL   ","52        ","PL   52                                 ","0","2.1","2.5","1.98","2.5","0.0000","0","0","0","  ","   ","   ","      ","2025-01-28"
"PL   ","82        ","PL   82                                 ","0","3","3.41","2.36","3.41","0.0000","0","0","0","  ","   ","   ","      ","2025-01-28"
"PL   ","83        ","PL   83                                 ","0","6.54","3.93","3.28","3.93","0.0000","0","0","0","  ","   ","   ","      ","2023-12-19"
"REJ  ","1         ","REJ. C/CUARZO 834X1400                  ","0","110.83","66.52","0.0000","66.52","0.0000","0","0","0","0 ","0  ","0  ","      ","2023-12-19"
"REJ  ","2         ","REJ. C/CUARZO 1000X2000                 ","0","189.46","113.72","0.0000","113.72","0.0000","0","0","0","0 ","0  ","0  ","      ","2023-12-19"
"REJ  ","3         ","REJ. C/CUARZO 1220X2000                 ","0","231.17","138.75","0.0000","138.75","0.0000","0","0","0","0 ","0  ","0  ","      ","2023-12-19"
"REJ  ","4         ","REJ. C/CUARZO 1220X3660                 ","0","422.25","253.46","0.0000","253.46","0.0000","0","0","0","0 ","0  ","0  ","      ","2023-12-19"
"REJ  ","5         ","REJ.GRIS CZO.1000 X 1000                ","0","102.82","74","0.0000","74","0.0000","0","0","0","0 ","0  ","0  ","      ","2023-12-19"
"REJGR","1         ","REJILLA GRIS 1000X1000                  ","0","74","74","0.0000","74","0.0000","74","0","74","0 ","0  ","0  ","      ","2024-05-28"
"SF   ","0         ","SIN FIN                                 ","0","4.8","2.02","0.0000","3.5","0.0000","0","0","0","0 ","0  ","0  ","      ","2025-01-28"
"MPLA ","127       ","127 MM                                  ","0","6.43","15","0.0000","15","0.0000","0","0","0","0 ","0  ","0  ","      ","2025-01-27"
"MPLA ","152       ","152 MM                                  ","0","7.18","25","0.0000","25","0.0000","0","0","0","0 ","0  ","0  ","      ","2025-01-27"
"REJGR","2         ","REJILLA GRIS 1000X2000                  ","0","150","150","0.0000","150","0.0000","0","0","0","0 ","0  ","0  ","      ","2024-12-10"
"MTRAN","50        ","MANG. TRANSP.20KGS                      ","0","9.8","20","0.0000","20","0.0000","0","0","0","0 ","0  ","0  ","      ","2025-01-27"
"8PK  ","1380      ","8PK 1380                                ","0","8.13","8.13","8.13","8.13","0.0000","0","0","0","0 ","0  ","0  ","      ","2025-04-10"
"8PK  ","1400      ","8PK 1400                                ","0","8.25","8.25","0.0000","8.25","0.0000","0","0","0","0 ","0  ","0  ","      ","2025-04-10"
"AVX13","1015      ","AVX13 1015                              ","0","4.13","4.13","0.0000","4.13","0.0000","0","0","0","0 ","0  ","0  ","      ","2025-04-10"
"AVX13","1100      ","AVX13 1100                              ","0","4.28","4.28","0.0000","4.28","0.0000","0","0","0","0 ","0  ","0  ","      ","2025-04-10"
"AVX13","1125      ","AVX13 1125                              ","0","4.99","4.99","0.0000","4.99","0.0000","0","0","0","0 ","0  ","0  ","      ","2025-04-10"
"AVX13","1200      ","AVX13 1200                              ","0","5.23","5.23","0.0000","5.23","0.0000","0","0","0","0 ","0  ","0  ","      ","2025-04-10"
"AVX13","1650      ","AVX13 1650                              ","0","7.3","7.3","0.0000","7.3","0.0000","0","0","0","0 ","0  ","0  ","      ","2025-04-10"
"BX   ","32        ","BX 32                                   ","0","3.75","3.75","0.0000","3.75","0.0000","0","0","0","0 ","0  ","0  ","      ","2025-04-10"
"BX   ","63        ","BX 63                                   ","0","6.6","6.6","0.0000","6.6","0.0000","0","0","0","0 ","0  ","0  ","      ","2025-04-10"
"AV13X","1400      ","AVX13X2 1400                            ","0","16.54","16.54","0.0000","16.54","0.0000","0","0","0","0 ","0  ","0  ","      ","2025-04-10"
"AV13X","1600      ","AVX13X2 1600                            ","0","18.9","18.9","0.0000","18.9","0.0000","0","0","0","0 ","0  ","0  ","      ","2025-04-10"
"AV13X","1610      ","AVX13X2 1610                            ","0","19.03","19.03","0.0000","19.03","0.0000","0","0","0","0 ","0  ","0  ","      ","2025-04-10"
"BX X2","87        ","BX X2 87                                ","0","44.19","44.19","0.0000","44.19","0.0000","0","0","0","0 ","0  ","0  ","      ","2025-04-10"
"BX X2","92        ","BX X2 92                                ","0","46.63","46.63","0.0000","46.63","0.0000","0","0","0","0 ","0  ","0  ","      ","2025-04-10"
"BX X2","93        ","BX X2 93                                ","0","46.95","46.95","0.0000","46.95","0.0000","0","0","0","0 ","0  ","0  ","      ","2025-04-10"
"BX X2","94        ","BX X2 94                                ","0","47.5","47.5","0.0000","47.5","0.0000","0","0","0","0 ","0  ","0  ","      ","2025-04-10"
"BX X2","95        ","BX X2 95                                ","0","48","48","0.0000","48","0.0000","0","0","0","0 ","0  ","0  ","      ","2025-04-10"
