"FECHA","DOLAR","DOLARA","DOLARB","DOLARC","DOLARD","DOLARE","USUARIO","FECACT"
"01/01/1900","1190","1190","1190","1190","1190","0.0000","      ","2025-04-29"
"04/01/2010","3.84","3.84","3.84","3.84","3.84","0.0000","      ","2010-01-04"
"05/01/2010","3.84","3.84","3.84","3.84","3.84","0.0000","      ","2010-01-05"
"06/01/2010","3.84","3.84","3.84","3.84","3.84","0.0000","      ","2010-01-06"
"07/01/2010","3.84","3.84","3.84","3.84","3.84","0.0000","      ","2010-01-07"
"08/01/2010","3.84","3.84","3.84","3.84","3.84","0.0000","      ","2010-01-08"
"11/01/2010","3.84","3.84","3.84","3.84","3.84","0.0000","      ","2010-01-11"
"12/01/2010","3.84","3.84","3.84","3.84","3.84","0.0000","      ","2010-01-12"
"13/01/2010","3.84","3.84","3.84","3.84","3.84","0.0000","      ","2010-01-13"
"14/01/2010","3.84","3.84","3.84","3.84","3.84","0.0000","      ","2010-01-14"
"15/01/2010","3.84","3.84","3.84","3.84","3.84","0.0000","      ","2010-01-15"
"16/01/2010","3.84","3.84","3.84","3.84","3.84","0.0000","      ","2010-01-16"
"18/01/2010","3.84","3.84","3.84","3.84","3.84","0.0000","      ","2010-01-18"
"19/01/2010","3.84","3.84","3.84","3.84","3.84","0.0000","      ","2010-01-19"
"20/01/2010","3.84","3.84","3.84","3.84","3.84","0.0000","      ","2010-01-20"
"21/01/2010","3.84","3.84","3.84","3.84","3.84","0.0000","      ","2010-01-21"
"22/01/2010","3.84","3.84","3.84","3.84","3.84","0.0000","      ","2010-01-22"
"25/01/2010","3.84","3.84","3.84","3.84","3.84","0.0000","      ","2010-01-25"
"26/01/2010","3.84","3.84","3.84","3.84","3.84","0.0000","      ","2010-01-26"
"27/01/2010","3.84","3.84","3.84","3.84","3.84","0.0000","      ","2010-01-27"
"28/01/2010","3.84","3.84","3.84","3.84","3.84","0.0000","      ","2010-01-28"
"29/01/2010","3.84","3.84","3.84","3.84","3.84","0.0000","      ","2010-01-29"
"01/02/2010","3.84","3.84","3.84","3.84","3.84","0.0000","      ","2010-02-01"
"02/02/2010","3.86","3.86","3.86","3.86","3.86","0.0000","      ","2010-02-02"
"03/02/2010","3.86","3.86","3.86","3.86","3.86","0.0000","      ","2010-02-03"
"04/02/2010","3.9","3.9","3.9","3.9","3.9","0.0000","      ","2010-02-04"
"05/02/2010","3.9","3.9","3.9","3.9","3.9","0.0000","      ","2010-02-05"
"08/02/2010","3.87","3.87","3.87","3.87","3.87","0.0000","      ","2010-02-08"
"09/02/2010","3.87","3.87","3.87","3.87","3.87","0.0000","      ","2010-02-09"
"10/02/2010","3.87","3.87","3.87","3.87","3.87","0.0000","      ","2010-02-10"
"11/02/2010","3.87","3.87","3.87","3.87","3.87","0.0000","      ","2010-02-11"
"12/02/2010","3.88","3.88","3.88","3.88","3.88","0.0000","      ","2010-02-12"
"14/02/2010","3.88","3.88","3.88","3.88","3.88","0.0000","      ","2010-02-14"
"15/02/2010","3.88","3.88","3.88","3.88","3.88","0.0000","      ","2010-02-15"
"16/02/2010","3.88","3.88","3.88","3.88","3.88","0.0000","      ","2010-02-16"
"17/02/2010","3.88","3.88","3.88","3.88","3.88","0.0000","      ","2010-02-17"
"18/02/2010","3.88","3.88","3.88","3.88","3.88","0.0000","      ","2010-02-18"
"19/02/2010","3.88","3.88","3.88","3.88","3.88","0.0000","      ","2010-02-19"
"20/02/2010","3.88","3.88","3.88","3.88","3.88","0.0000","      ","2010-02-20"
"22/02/2010","3.88","3.88","3.88","3.88","3.88","0.0000","      ","2010-02-22"
"23/02/2010","3.88","3.88","3.88","3.88","3.88","0.0000","      ","2010-02-23"
"24/02/2010","3.88","3.88","3.88","3.88","3.88","0.0000","      ","2010-02-24"
"25/02/2010","3.88","3.88","3.88","3.88","3.88","0.0000","      ","2010-02-25"
"26/02/2010","3.88","3.88","3.88","3.88","3.88","0.0000","      ","2010-02-26"
"27/02/2010","3.88","3.88","3.88","3.88","3.88","0.0000","      ","2010-02-27"
"01/03/2010","3.88","3.88","3.88","3.88","3.88","0.0000","      ","2010-03-01"
"02/03/2010","3.88","3.88","3.88","3.88","3.88","0.0000","      ","2010-03-02"
"03/03/2010","3.88","3.88","3.88","3.88","3.88","0.0000","      ","2010-03-03"
"04/03/2010","3.88","3.88","3.88","3.88","3.88","0.0000","      ","2010-03-04"
"05/03/2010","3.88","3.88","3.88","3.88","3.88","0.0000","      ","2010-03-05"
"06/03/2010","3.88","3.88","3.88","3.88","3.88","0.0000","      ","2010-03-06"
"08/03/2010","3.88","3.88","3.88","3.88","3.88","0.0000","      ","2010-03-08"
"09/03/2010","3.88","3.88","3.88","3.88","3.88","0.0000","      ","2010-03-09"
"10/03/2010","3.88","3.88","3.88","3.88","3.88","0.0000","      ","2010-03-10"
"11/03/2010","3.88","3.88","3.88","3.88","3.88","0.0000","      ","2010-03-11"
"12/03/2010","3.88","3.88","3.88","3.88","3.88","0.0000","      ","2010-03-12"
"13/03/2010","3.88","3.88","3.88","3.88","3.88","0.0000","      ","2010-03-13"
"15/03/2010","3.88","3.88","3.88","3.88","3.88","0.0000","      ","2010-03-15"
"16/03/2010","3.88","3.88","3.88","3.88","3.88","0.0000","      ","2010-03-16"
"17/03/2010","3.88","3.88","3.88","3.88","3.88","0.0000","      ","2010-03-17"
"18/03/2010","3.88","3.88","3.88","3.88","3.88","0.0000","      ","2010-03-18"
"19/03/2010","3.88","3.88","3.88","3.88","3.88","0.0000","      ","2010-03-19"
"22/03/2010","3.88","3.88","3.88","3.88","3.88","0.0000","      ","2010-03-22"
"23/03/2010","3.88","3.88","3.88","3.88","3.88","0.0000","      ","2010-03-23"
"25/03/2010","3.88","3.88","3.88","3.88","3.88","0.0000","      ","2010-03-25"
"26/03/2010","3.88","3.88","3.88","3.88","3.88","0.0000","      ","2010-03-26"
"29/03/2010","3.88","3.88","3.88","3.88","3.88","0.0000","      ","2010-03-29"
"30/03/2010","3.89","3.89","3.89","3.89","3.89","0.0000","      ","2010-03-30"
"31/03/2010","3.89","3.89","3.89","3.89","3.89","0.0000","      ","2010-03-31"
"01/04/2010","3.89","3.89","3.89","3.89","3.89","0.0000","      ","2010-04-01"
"05/04/2010","3.89","3.89","3.89","3.89","3.89","0.0000","      ","2010-04-05"
"06/04/2010","3.89","3.89","3.89","3.89","3.89","0.0000","      ","2010-04-06"
"07/04/2010","3.89","3.89","3.89","3.89","3.89","0.0000","      ","2010-04-07"
"08/04/2010","3.89","3.89","3.89","3.89","3.89","0.0000","      ","2010-04-08"
"09/04/2010","3.89","3.89","3.89","3.89","3.89","0.0000","      ","2010-04-09"
"12/04/2010","3.89","3.89","3.89","3.89","3.89","0.0000","      ","2010-04-12"
"13/04/2010","3.89","3.89","3.89","3.89","3.89","0.0000","      ","2010-04-13"
"14/04/2010","3.89","3.89","3.89","3.89","3.89","0.0000","      ","2010-04-14"
"15/04/2010","3.9","3.9","3.9","3.9","3.9","0.0000","      ","2010-04-15"
"16/04/2010","3.9","3.9","3.9","3.9","3.9","0.0000","      ","2010-04-16"
"17/04/2010","3.9","3.9","3.9","3.9","3.9","0.0000","      ","2010-04-17"
"19/04/2010","3.9","3.9","3.9","3.9","3.9","0.0000","      ","2010-04-19"
"20/04/2010","3.9","3.9","3.9","3.9","3.9","0.0000","      ","2010-04-20"
"21/04/2010","3.9","3.9","3.9","3.9","3.9","0.0000","      ","2010-04-21"
"22/04/2010","3.9","3.9","3.9","3.9","3.9","0.0000","      ","2010-04-22"
"23/04/2010","3.9","3.9","3.9","3.9","3.9","0.0000","      ","2010-04-23"
"26/04/2010","3.9","3.9","3.9","3.9","3.9","0.0000","      ","2010-04-26"
"27/04/2010","3.9","3.9","3.9","3.9","3.9","0.0000","      ","2010-04-27"
"28/04/2010","3.9","3.9","3.9","3.9","3.9","0.0000","      ","2010-04-28"
"29/04/2010","3.9","3.9","3.9","3.9","3.9","0.0000","      ","2010-04-29"
"30/04/2010","3.9","3.9","3.9","3.9","3.9","0.0000","      ","2010-04-30"
"03/05/2010","3.9","3.9","3.9","3.9","3.9","0.0000","      ","2010-05-03"
"04/05/2010","3.9","3.9","3.9","3.9","3.9","0.0000","      ","2010-05-04"
"05/05/2010","3.9","3.9","3.9","3.9","3.9","0.0000","      ","2010-05-05"
"06/05/2010","3.91","3.91","3.91","3.91","3.91","0.0000","      ","2010-05-06"
"07/05/2010","3.91","3.91","3.91","3.91","3.91","0.0000","      ","2010-05-07"
"10/05/2010","3.91","3.91","3.91","3.91","3.91","0.0000","      ","2010-05-10"
"11/05/2010","3.91","3.91","3.91","3.91","3.91","0.0000","      ","2010-05-11"
"12/05/2010","3.91","3.91","3.91","3.91","3.91","0.0000","      ","2010-05-12"
"13/05/2010","3.91","3.91","3.91","3.91","3.91","0.0000","      ","2010-05-13"
"14/05/2010","3.91","3.91","3.91","3.91","3.91","0.0000","      ","2010-05-14"
"17/05/2010","3.91","3.91","3.91","3.91","3.91","0.0000","      ","2010-05-17"
"18/05/2010","3.92","3.92","3.92","3.92","3.92","0.0000","      ","2010-05-18"
"19/05/2010","3.92","3.92","3.92","3.92","3.92","0.0000","      ","2010-05-19"
"20/05/2010","3.93","3.93","3.93","3.93","3.93","0.0000","      ","2010-05-20"
"21/05/2010","3.93","3.93","3.93","3.93","3.93","0.0000","      ","2010-05-21"
"26/05/2010","3.93","3.93","3.93","3.93","3.93","0.0000","      ","2010-05-26"
"27/05/2010","3.93","3.93","3.93","3.93","3.93","0.0000","      ","2010-05-27"
"28/05/2010","3.93","3.93","3.93","3.93","3.93","0.0000","      ","2010-05-28"
"31/05/2010","3.93","3.93","3.93","3.93","3.93","0.0000","      ","2010-05-31"
"01/06/2010","3.94","3.94","3.94","3.94","3.94","0.0000","      ","2010-06-01"
"02/06/2010","3.95","3.95","3.95","3.95","3.95","0.0000","      ","2010-06-02"
"03/06/2010","3.95","3.95","3.95","3.95","3.95","0.0000","      ","2010-06-03"
"04/06/2010","3.95","3.95","3.95","3.95","3.95","0.0000","      ","2010-06-04"
"05/06/2010","3.95","3.95","3.95","3.95","3.95","0.0000","      ","2010-06-05"
"07/06/2010","3.95","3.95","3.95","3.95","3.95","0.0000","      ","2010-06-07"
"08/06/2010","3.95","3.95","3.95","3.95","3.95","0.0000","      ","2010-06-08"
"09/06/2010","3.95","3.95","3.95","3.95","3.95","0.0000","      ","2010-06-09"
"10/06/2010","3.95","3.95","3.95","3.95","3.95","0.0000","      ","2010-06-10"
"11/06/2010","3.95","3.95","3.95","3.95","3.95","0.0000","      ","2010-06-11"
"14/06/2010","3.95","3.95","3.95","3.95","3.95","0.0000","      ","2010-06-14"
"15/06/2010","3.95","3.95","3.95","3.95","3.95","0.0000","      ","2010-06-15"
"16/06/2010","3.95","3.95","3.95","3.95","3.95","0.0000","      ","2010-06-16"
"17/06/2010","3.95","3.95","3.95","3.95","3.95","0.0000","      ","2010-06-17"
"18/06/2010","3.95","3.95","3.95","3.95","3.95","0.0000","      ","2010-06-18"
"19/06/2010","3.95","3.95","3.95","3.95","3.95","0.0000","      ","2010-06-19"
"22/06/2010","3.95","3.95","3.95","3.95","3.95","0.0000","      ","2010-06-22"
"23/06/2010","3.95","3.95","3.95","3.95","3.95","0.0000","      ","2010-06-23"
"24/06/2010","3.95","3.95","3.95","3.95","3.95","0.0000","      ","2010-06-24"
"25/06/2010","3.95","3.95","3.95","3.95","3.95","0.0000","      ","2010-06-25"
"28/06/2010","3.95","3.95","3.95","3.95","3.95","0.0000","      ","2010-06-28"
"29/06/2010","3.95","3.95","3.95","3.95","3.95","0.0000","      ","2010-06-29"
"30/06/2010","3.95","3.95","3.95","3.95","3.95","0.0000","      ","2010-06-30"
"01/07/2010","3.95","3.95","3.95","3.95","3.95","0.0000","      ","2010-07-01"
"02/07/2010","3.95","3.95","3.95","3.95","3.95","0.0000","      ","2010-07-02"
"05/07/2010","3.95","3.95","3.95","3.95","3.95","0.0000","      ","2010-07-05"
"06/07/2010","3.95","3.95","3.95","3.95","3.95","0.0000","      ","2010-07-06"
"07/07/2010","3.95","3.95","3.95","3.95","3.95","0.0000","      ","2010-07-07"
"08/07/2010","3.95","3.95","3.95","3.95","3.95","0.0000","      ","2010-07-08"
"12/07/2010","3.95","3.95","3.95","3.95","3.95","0.0000","      ","2010-07-12"
"13/07/2010","3.95","3.95","3.95","3.95","3.95","0.0000","      ","2010-07-13"
"14/07/2010","3.96","3.96","3.96","3.96","3.96","0.0000","      ","2010-07-14"
"15/07/2010","3.96","3.96","3.96","3.96","3.96","0.0000","      ","2010-07-15"
"16/07/2010","3.96","3.96","3.96","3.96","3.96","0.0000","      ","2010-07-16"
"19/07/2010","3.96","3.96","3.96","3.96","3.96","0.0000","      ","2010-07-19"
"20/07/2010","3.96","3.96","3.96","3.96","3.96","0.0000","      ","2010-07-20"
"21/07/2010","3.96","3.96","3.96","3.96","3.96","0.0000","      ","2010-07-21"
"22/07/2010","3.96","3.96","3.96","3.96","3.96","0.0000","      ","2010-07-22"
"23/07/2010","3.96","3.96","3.96","3.96","3.96","0.0000","      ","2010-07-23"
"26/07/2010","3.96","3.96","3.96","3.96","3.96","0.0000","      ","2010-07-26"
"27/07/2010","3.96","3.96","3.96","3.96","3.96","0.0000","      ","2010-07-27"
"28/07/2010","3.96","3.96","3.96","3.96","3.96","0.0000","      ","2010-07-28"
"29/07/2010","3.96","3.96","3.96","3.96","3.96","0.0000","      ","2010-07-29"
"30/07/2010","3.96","3.96","3.96","3.96","3.96","0.0000","      ","2010-07-30"
"02/08/2010","3.96","3.96","3.96","3.96","3.96","0.0000","      ","2010-08-02"
"03/08/2010","3.96","3.96","3.96","3.96","3.96","0.0000","      ","2010-08-03"
"04/08/2010","3.96","3.96","3.96","3.96","3.96","0.0000","      ","2010-08-04"
"05/08/2010","3.96","3.96","3.96","3.96","3.96","0.0000","      ","2010-08-05"
"06/08/2010","3.96","3.96","3.96","3.96","3.96","0.0000","      ","2010-08-06"
"09/08/2010","3.96","3.96","3.96","3.96","3.96","0.0000","      ","2010-08-09"
"10/08/2010","3.96","3.96","3.96","3.96","3.96","0.0000","      ","2010-08-10"
"11/08/2010","3.96","3.96","3.96","3.96","3.96","0.0000","      ","2010-08-11"
"12/08/2010","3.96","3.96","3.96","3.96","3.96","0.0000","      ","2010-08-12"
"13/08/2010","3.96","3.96","3.96","3.96","3.96","0.0000","      ","2010-08-13"
"14/08/2010","3.96","3.96","3.96","3.96","3.96","0.0000","      ","2010-08-14"
"17/08/2010","3.96","3.96","3.96","3.96","3.96","0.0000","      ","2010-08-17"
"18/08/2010","3.96","3.96","3.96","3.96","3.96","0.0000","      ","2010-08-18"
"19/08/2010","3.96","3.96","3.96","3.96","3.96","0.0000","      ","2010-08-19"
"20/08/2010","3.96","3.96","3.96","3.96","3.96","0.0000","      ","2010-08-20"
"21/08/2010","3.96","3.96","3.96","3.96","3.96","0.0000","      ","2010-08-21"
"23/08/2010","3.96","3.96","3.96","3.96","3.96","0.0000","      ","2010-08-23"
"24/08/2010","3.96","3.96","3.96","3.96","3.96","0.0000","      ","2010-08-24"
"25/08/2010","3.96","3.96","3.96","3.96","3.96","0.0000","      ","2010-08-25"
"26/08/2010","3.96","3.96","3.96","3.96","3.96","0.0000","      ","2010-08-26"
"27/08/2010","3.96","3.96","3.96","3.96","3.96","0.0000","      ","2010-08-27"
"30/08/2010","3.96","3.96","3.96","3.96","3.96","0.0000","      ","2010-08-30"
"31/08/2010","3.96","3.96","3.96","3.96","3.96","0.0000","      ","2010-08-31"
"01/09/2010","3.96","3.96","3.96","3.96","3.96","0.0000","      ","2010-09-01"
"02/09/2010","3.96","3.96","3.96","3.96","3.96","0.0000","      ","2010-09-02"
"03/09/2010","3.97","3.97","3.97","3.97","3.97","0.0000","      ","2010-09-03"
"06/09/2010","3.97","3.97","3.97","3.97","3.97","0.0000","      ","2010-09-06"
"07/09/2010","3.97","3.97","3.97","3.97","3.97","0.0000","      ","2010-09-07"
"08/09/2010","3.97","3.97","3.97","3.97","3.97","0.0000","      ","2010-09-08"
"09/09/2010","3.97","3.97","3.97","3.97","3.97","0.0000","      ","2010-09-09"
"10/09/2010","3.97","3.97","3.97","3.97","3.97","0.0000","      ","2010-09-10"
"11/09/2010","3.97","3.97","3.97","3.97","3.97","0.0000","      ","2010-09-11"
"13/09/2010","3.97","3.97","3.97","3.97","3.97","0.0000","      ","2010-09-13"
"14/09/2010","3.97","3.97","3.97","3.97","3.97","0.0000","      ","2010-09-14"
"15/09/2010","3.97","3.97","3.97","3.97","3.97","0.0000","      ","2010-09-15"
"16/09/2010","3.97","3.97","3.97","3.97","3.97","0.0000","      ","2010-09-16"
"17/09/2010","3.97","3.97","3.97","3.97","3.97","0.0000","      ","2010-09-17"
"20/09/2010","3.97","3.97","3.97","3.97","3.97","0.0000","      ","2010-09-20"
"21/09/2010","3.97","3.97","3.97","3.97","3.97","0.0000","      ","2010-09-21"
"22/09/2010","3.97","3.97","3.97","3.97","3.97","0.0000","      ","2010-09-22"
"23/09/2010","3.97","3.97","3.97","3.97","3.97","0.0000","      ","2010-09-23"
"24/09/2010","3.97","3.97","3.97","3.97","3.97","0.0000","      ","2010-09-24"
"27/09/2010","3.97","3.97","3.97","3.97","3.97","0.0000","      ","2010-09-27"
"28/09/2010","3.98","3.98","3.98","3.98","3.98","0.0000","      ","2010-09-28"
"29/09/2010","3.99","3.99","3.99","3.99","3.99","0.0000","      ","2010-09-29"
"30/09/2010","3.99","3.99","3.99","3.99","3.99","0.0000","      ","2010-09-30"
"01/10/2010","3.99","3.99","3.99","3.99","3.99","0.0000","      ","2010-10-01"
"04/10/2010","3.99","3.99","3.99","3.99","3.99","0.0000","      ","2010-10-04"
"05/10/2010","3.99","3.99","3.99","3.99","3.99","0.0000","      ","2010-10-05"
"06/10/2010","3.99","3.99","3.99","3.99","3.99","0.0000","      ","2010-10-06"
"07/10/2010","3.99","3.99","3.99","3.99","3.99","0.0000","      ","2010-10-07"
"08/10/2010","3.99","3.99","3.99","3.99","3.99","0.0000","      ","2010-10-08"
"12/10/2010","3.99","3.99","3.99","3.99","3.99","0.0000","      ","2010-10-12"
"13/10/2010","3.99","3.99","3.99","3.99","3.99","0.0000","      ","2010-10-13"
"14/10/2010","3.99","3.99","3.99","3.99","3.99","0.0000","      ","2010-10-14"
"15/10/2010","3.99","3.99","3.99","3.99","3.99","0.0000","      ","2010-10-15"
"18/10/2010","3.99","3.99","3.99","3.99","3.99","0.0000","      ","2010-10-18"
"19/10/2010","3.99","3.99","3.99","3.99","3.99","0.0000","      ","2010-10-19"
"20/10/2010","3.99","3.99","3.99","3.99","3.99","0.0000","      ","2010-10-20"
"21/10/2010","3.99","3.99","3.99","3.99","3.99","0.0000","      ","2010-10-21"
"22/10/2010","3.99","3.99","3.99","3.99","3.99","0.0000","      ","2010-10-22"
"23/10/2010","3.99","3.99","3.99","3.99","3.99","0.0000","      ","2010-10-23"
"25/10/2010","3.99","3.99","3.99","3.99","3.99","0.0000","      ","2010-10-25"
"26/10/2010","3.99","3.99","3.99","3.99","3.99","0.0000","      ","2010-10-26"
"28/10/2010","3.99","3.99","3.99","3.99","3.99","0.0000","      ","2010-10-28"
"29/10/2010","3.99","3.99","3.99","3.99","3.99","0.0000","      ","2010-10-29"
"01/11/2010","3.99","3.99","3.99","3.99","3.99","0.0000","      ","2010-11-01"
"02/11/2010","3.99","3.99","3.99","3.99","3.99","0.0000","      ","2010-11-02"
"03/11/2010","3.99","3.99","3.99","3.99","3.99","0.0000","      ","2010-11-03"
"04/11/2010","3.99","3.99","3.99","3.99","3.99","0.0000","      ","2010-11-04"
"05/11/2010","3.99","3.99","3.99","3.99","3.99","0.0000","      ","2010-11-05"
"08/11/2010","3.99","3.99","3.99","3.99","3.99","0.0000","      ","2010-11-08"
"09/11/2010","3.99","3.99","3.99","3.99","3.99","0.0000","      ","2010-11-09"
"10/11/2010","3.99","3.99","3.99","3.99","3.99","0.0000","      ","2010-11-10"
"11/11/2010","3.99","3.99","3.99","3.99","3.99","0.0000","      ","2010-11-11"
"12/11/2010","3.99","3.99","3.99","3.99","3.99","0.0000","      ","2010-11-12"
"15/11/2010","3.99","3.99","3.99","3.99","3.99","0.0000","      ","2010-11-15"
"16/11/2010","3.99","3.99","3.99","3.99","3.99","0.0000","      ","2010-11-16"
"17/11/2010","3.99","3.99","3.99","3.99","3.99","0.0000","      ","2010-11-17"
"18/11/2010","3.99","3.99","3.99","3.99","3.99","0.0000","      ","2010-11-18"
"19/11/2010","3.99","3.99","3.99","3.99","3.99","0.0000","      ","2010-11-19"
"23/11/2010","3.99","3.99","3.99","3.99","3.99","0.0000","      ","2010-11-23"
"24/11/2010","4","4","4","4","4","0.0000","      ","2010-11-24"
"25/11/2010","4","4","4","4","4","0.0000","      ","2010-11-25"
"26/11/2010","4","4","4","4","4","0.0000","      ","2010-11-26"
"29/11/2010","4","4","4","4","4","0.0000","      ","2010-11-29"
"30/11/2010","4","4","4","4","4","0.0000","      ","2010-11-30"
"01/12/2010","4","4","4","4","4","0.0000","      ","2010-12-01"
"02/12/2010","4.01","4.01","4.01","4.01","4.01","0.0000","      ","2010-12-02"
"03/12/2010","4.01","4.01","4.01","4.01","4.01","0.0000","      ","2010-12-03"
"06/12/2010","4.01","4.01","4.01","4.01","4.01","0.0000","      ","2010-12-06"
"07/12/2010","4.01","4.01","4.01","4.01","4.01","0.0000","      ","2010-12-07"
"09/12/2010","4.01","4.01","4.01","4.01","4.01","0.0000","      ","2010-12-09"
"10/12/2010","4.01","4.01","4.01","4.01","4.01","0.0000","      ","2010-12-10"
"11/12/2010","4.01","4.01","4.01","4.01","4.01","0.0000","      ","2010-12-11"
"13/12/2010","4.01","4.01","4.01","4.01","4.01","0.0000","      ","2010-12-13"
"14/12/2010","4.01","4.01","4.01","4.01","4.01","0.0000","      ","2010-12-14"
"15/12/2010","4.01","4.01","4.01","4.01","4.01","0.0000","      ","2010-12-15"
"16/12/2010","4.01","4.01","4.01","4.01","4.01","0.0000","      ","2010-12-16"
"17/12/2010","4.01","4.01","4.01","4.01","4.01","0.0000","      ","2010-12-17"
"20/12/2010","4.02","4.02","4.02","4.02","4.02","0.0000","      ","2010-12-20"
"21/12/2010","4.02","4.02","4.02","4.02","4.02","0.0000","      ","2010-12-21"
"22/12/2010","4.02","4.02","4.02","4.02","4.02","0.0000","      ","2010-12-22"
"23/12/2010","4.02","4.02","4.02","4.02","4.02","0.0000","      ","2010-12-23"
"24/12/2010","4.02","4.02","4.02","4.02","4.02","0.0000","      ","2010-12-24"
"27/12/2010","4.02","4.02","4.02","4.02","4.02","0.0000","      ","2010-12-27"
"28/12/2010","4.02","4.02","4.02","4.02","4.02","0.0000","      ","2010-12-28"
"29/12/2010","4.02","4.02","4.02","4.02","4.02","0.0000","      ","2010-12-29"
"30/12/2010","4.02","4.02","4.02","4.02","4.02","0.0000","      ","2010-12-30"
"31/12/2010","4.02","4.02","4.02","4.02","4.02","0.0000","      ","2010-12-31"
"03/01/2011","4.02","4.02","4.02","4.02","4.02","0.0000","      ","2011-01-03"
"04/01/2011","4.02","4.02","4.02","4.02","4.02","0.0000","      ","2011-01-04"
"05/01/2011","4.02","4.02","4.02","4.02","4.02","0.0000","      ","2011-01-05"
"06/01/2011","4.02","4.02","4.02","4.02","4.02","0.0000","      ","2011-01-06"
"07/01/2011","4.02","4.02","4.02","4.02","4.02","0.0000","      ","2011-01-07"
"09/01/2011","4.02","4.02","4.02","4.02","4.02","0.0000","      ","2011-01-09"
"10/01/2011","4.02","4.02","4.02","4.02","4.02","0.0000","      ","2011-01-10"
"11/01/2011","4.02","4.02","4.02","4.02","4.02","0.0000","      ","2011-01-11"
"12/01/2011","4.02","4.02","4.02","4.02","4.02","0.0000","      ","2011-01-12"
"13/01/2011","4.02","4.02","4.02","4.02","4.02","0.0000","      ","2011-01-13"
"14/01/2011","4.02","4.02","4.02","4.02","4.02","0.0000","      ","2011-01-14"
"15/01/2011","4.02","4.02","4.02","4.02","4.02","0.0000","      ","2011-01-15"
"17/01/2011","4","4","4","4","4","0.0000","      ","2011-01-17"
"18/01/2011","4.01","4.01","4.01","4.01","4.01","0.0000","      ","2011-01-18"
"19/01/2011","4.01","4.01","4.01","4.01","4.01","0.0000","      ","2011-01-19"
"20/01/2011","4.01","4.01","4.01","4.01","4.01","0.0000","      ","2011-01-20"
"21/01/2011","4.01","4.01","4.01","4.01","4.01","0.0000","      ","2011-01-21"
"24/01/2011","4.01","4.01","4.01","4.01","4.01","0.0000","      ","2011-01-24"
"25/01/2011","4.01","4.01","4.01","4.01","4.01","0.0000","      ","2011-01-25"
"26/01/2011","4.01","4.01","4.01","4.01","4.01","0.0000","      ","2011-01-26"
"27/01/2011","4.01","4.01","4.01","4.01","4.01","0.0000","      ","2011-01-27"
"28/01/2011","4.02","4.02","4.02","4.02","4.02","0.0000","      ","2011-01-28"
"29/01/2011","4.02","4.02","4.02","4.02","4.02","0.0000","      ","2011-01-29"
"31/01/2011","4.02","4.02","4.02","4.02","4.02","0.0000","      ","2011-01-31"
"01/02/2011","4.1","4.1","4.1","4.1","4.1","0.0000","      ","2011-02-01"
"02/02/2011","4.1","4.1","4.1","4.1","4.1","0.0000","      ","2011-02-02"
"03/02/2011","4.04","4.04","4.04","4.04","4.04","0.0000","      ","2011-02-03"
"04/02/2011","4.1","4.1","4.1","4.1","4.1","0.0000","      ","2011-02-04"
"07/02/2011","4.1","4.1","4.1","4.1","4.1","0.0000","      ","2011-02-07"
"08/02/2011","4.1","4.1","4.1","4.1","4.1","0.0000","      ","2011-02-08"
"09/02/2011","4.1","4.1","4.1","4.1","4.1","0.0000","      ","2011-02-09"
"10/02/2011","4.1","4.1","4.1","4.1","4.1","0.0000","      ","2011-02-10"
"11/02/2011","4.1","4.1","4.1","4.1","4.1","0.0000","      ","2011-02-11"
"12/02/2011","4.1","4.1","4.1","4.1","4.1","0.0000","      ","2011-02-12"
"14/02/2011","4.1","4.1","4.1","4.1","4.1","0.0000","      ","2011-02-14"
"15/02/2011","4.1","4.1","4.1","4.1","4.1","0.0000","      ","2011-02-15"
"16/02/2011","4.1","4.1","4.1","4.1","4.1","0.0000","      ","2011-02-16"
"17/02/2011","4.1","4.1","4.1","4.1","4.1","0.0000","      ","2011-02-17"
"18/02/2011","4.1","4.1","4.1","4.1","4.1","0.0000","      ","2011-02-18"
"19/02/2011","4.1","4.1","4.1","4.1","4.1","0.0000","      ","2011-02-19"
"21/02/2011","4.1","4.1","4.1","4.1","4.1","0.0000","      ","2011-02-21"
"22/02/2011","4.1","4.1","4.1","4.1","4.1","0.0000","      ","2011-02-22"
"23/02/2011","4.1","4.1","4.1","4.1","4.1","0.0000","      ","2011-02-23"
"24/02/2011","4.1","4.1","4.1","4.1","4.1","0.0000","      ","2011-02-24"
"25/02/2011","4.1","4.1","4.1","4.1","4.1","0.0000","      ","2011-02-25"
"28/02/2011","4.1","4.1","4.1","4.1","4.1","0.0000","      ","2011-02-28"
"01/03/2011","4.1","4.1","4.1","4.1","4.1","0.0000","      ","2011-03-01"
"02/03/2011","4.1","4.1","4.1","4.1","4.1","0.0000","      ","2011-03-02"
"03/03/2011","4.1","4.1","4.1","4.1","4.1","0.0000","      ","2011-03-03"
"04/03/2011","4.1","4.1","4.1","4.1","4.1","0.0000","      ","2011-03-04"
"09/03/2011","4.1","4.1","4.1","4.1","4.1","0.0000","      ","2011-03-09"
"10/03/2011","4.1","4.1","4.1","4.1","4.1","0.0000","      ","2011-03-10"
"11/03/2011","4.1","4.1","4.1","4.1","4.1","0.0000","      ","2011-03-11"
"12/03/2011","4.1","4.1","4.1","4.1","4.1","0.0000","      ","2011-03-12"
"14/03/2011","4.1","4.1","4.1","4.1","4.1","0.0000","      ","2011-03-14"
"15/03/2011","4.1","4.1","4.1","4.1","4.1","0.0000","      ","2011-03-15"
"16/03/2011","4.1","4.1","4.1","4.1","4.1","0.0000","      ","2011-03-16"
"17/03/2011","4.1","4.1","4.1","4.1","4.1","0.0000","      ","2011-03-17"
"18/03/2011","4.1","4.1","4.1","4.1","4.1","0.0000","      ","2011-03-18"
"21/03/2011","4.1","4.1","4.1","4.1","4.1","0.0000","      ","2011-03-21"
"22/03/2011","4.1","4.1","4.1","4.1","4.1","0.0000","      ","2011-03-22"
"23/03/2011","4.1","4.1","4.1","4.1","4.1","0.0000","      ","2011-03-23"
"24/03/2011","4.1","4.1","4.1","4.1","4.1","0.0000","      ","2011-03-24"
"28/03/2011","4.1","4.1","4.1","4.1","4.1","0.0000","      ","2011-03-28"
"29/03/2011","4.1","4.1","4.1","4.1","4.1","0.0000","      ","2011-03-29"
"30/03/2011","4.1","4.1","4.1","4.1","4.1","0.0000","      ","2011-03-30"
"31/03/2011","4.1","4.1","4.1","4.1","4.1","0.0000","      ","2011-03-31"
"01/04/2011","4.1","4.1","4.1","4.1","4.1","0.0000","      ","2011-04-01"
"02/04/2011","4.1","4.1","4.1","4.1","4.1","0.0000","      ","2011-04-02"
"03/04/2011","4.1","4.1","4.1","4.1","4.1","0.0000","      ","2011-04-03"
"04/04/2011","4.1","4.1","4.1","4.1","4.1","0.0000","      ","2011-04-04"
"05/04/2011","4.1","4.1","4.1","4.1","4.1","0.0000","      ","2011-04-05"
"06/04/2011","4.1","4.1","4.1","4.1","4.1","0.0000","      ","2011-04-06"
"07/04/2011","4.1","4.1","4.1","4.1","4.1","0.0000","      ","2011-04-07"
"08/04/2011","4.1","4.1","4.1","4.1","4.1","0.0000","      ","2011-04-08"
"11/04/2011","4.1","4.1","4.1","4.1","4.1","0.0000","      ","2011-04-11"
"12/04/2011","4.1","4.1","4.1","4.1","4.1","0.0000","      ","2011-04-12"
"13/04/2011","4.1","4.1","4.1","4.1","4.1","0.0000","      ","2011-04-13"
"14/04/2011","4.1","4.1","4.1","4.1","4.1","0.0000","      ","2011-04-14"
"15/04/2011","4.1","4.1","4.1","4.1","4.1","0.0000","      ","2011-04-15"
"16/04/2011","4.1","4.1","4.1","4.1","4.1","0.0000","      ","2011-04-16"
"18/04/2011","4.1","4.1","4.1","4.1","4.1","0.0000","      ","2011-04-18"
"19/04/2011","4.1","4.1","4.1","4.1","4.1","0.0000","      ","2011-04-19"
"20/04/2011","4.1","4.1","4.1","4.1","4.1","0.0000","      ","2011-04-20"
"21/04/2011","4.1","4.1","4.1","4.1","4.1","0.0000","      ","2011-04-21"
"25/04/2011","4.1","4.1","4.1","4.1","4.1","0.0000","      ","2011-04-25"
"26/04/2011","4.1","4.1","4.1","4.1","4.1","0.0000","      ","2011-04-26"
"27/04/2011","4.1","4.1","4.1","4.1","4.1","0.0000","      ","2011-04-27"
"28/04/2011","4.15","4.15","4.15","4.15","4.15","0.0000","      ","2011-04-28"
"29/04/2011","4.15","4.15","4.15","4.15","4.15","0.0000","      ","2011-04-29"
"02/05/2011","4.15","4.15","4.15","4.15","4.15","0.0000","      ","2011-05-02"
"03/05/2011","4.15","4.15","4.15","4.15","4.15","0.0000","      ","2011-05-03"
"04/05/2011","4.15","4.15","4.15","4.15","4.15","0.0000","      ","2011-05-04"
"05/05/2011","4.15","4.15","4.15","4.15","4.15","0.0000","      ","2011-05-05"
"06/05/2011","4.15","4.15","4.15","4.15","4.15","0.0000","      ","2011-05-06"
"07/05/2011","4.15","4.15","4.15","4.15","4.15","0.0000","      ","2011-05-07"
"09/05/2011","4.15","4.15","4.15","4.15","4.15","0.0000","      ","2011-05-09"
"10/05/2011","4.15","4.15","4.15","4.15","4.15","0.0000","      ","2011-05-10"
"11/05/2011","4.15","4.15","4.15","4.15","4.15","0.0000","      ","2011-05-11"
"12/05/2011","4.15","4.15","4.15","4.15","4.15","0.0000","      ","2011-05-12"
"13/05/2011","4.15","4.15","4.15","4.15","4.15","0.0000","      ","2011-05-13"
"14/05/2011","4.15","4.15","4.15","4.15","4.15","0.0000","      ","2011-05-14"
"16/05/2011","4.15","4.15","4.15","4.15","4.15","0.0000","      ","2011-05-16"
"17/05/2011","4.15","4.15","4.15","4.15","4.15","0.0000","      ","2011-05-17"
"18/05/2011","4.15","4.15","4.15","4.15","4.15","0.0000","      ","2011-05-18"
"19/05/2011","4.15","4.15","4.15","4.15","4.15","0.0000","      ","2011-05-19"
"20/05/2011","4.15","4.15","4.15","4.15","4.15","0.0000","      ","2011-05-20"
"23/05/2011","4.15","4.15","4.15","4.15","4.15","0.0000","      ","2011-05-23"
"24/05/2011","4.15","4.15","4.15","4.15","4.15","0.0000","      ","2011-05-24"
"26/05/2011","4.15","4.15","4.15","4.15","4.15","0.0000","      ","2011-05-26"
"27/05/2011","4.15","4.15","4.15","4.15","4.15","0.0000","      ","2011-05-27"
"28/05/2011","4.15","4.15","4.15","4.15","4.15","0.0000","      ","2011-05-28"
"30/05/2011","4.15","4.15","4.15","4.15","4.15","0.0000","      ","2011-05-30"
"31/05/2011","4.15","4.15","4.15","4.15","4.15","0.0000","      ","2011-05-31"
"01/06/2011","4.15","4.15","4.15","4.15","4.15","0.0000","      ","2011-06-01"
"02/06/2011","4.15","4.15","4.15","4.15","4.15","0.0000","      ","2011-06-02"
"03/06/2011","4.15","4.15","4.15","4.15","4.15","0.0000","      ","2011-06-03"
"05/06/2011","4.15","4.15","4.15","4.15","4.15","0.0000","      ","2011-06-05"
"06/06/2011","4.15","4.15","4.15","4.15","4.15","0.0000","      ","2011-06-06"
"07/06/2011","4.15","4.15","4.15","4.15","4.15","0.0000","      ","2011-06-07"
"08/06/2011","4.15","4.15","4.15","4.15","4.15","0.0000","      ","2011-06-08"
"09/06/2011","4.15","4.15","4.15","4.15","4.15","0.0000","      ","2011-06-09"
"10/06/2011","4.15","4.15","4.15","4.15","4.15","0.0000","      ","2011-06-10"
"13/06/2011","4.15","4.15","4.15","4.15","4.15","0.0000","      ","2011-06-13"
"14/06/2011","4.15","4.15","4.15","4.15","4.15","0.0000","      ","2011-06-14"
"15/06/2011","4.15","4.15","4.15","4.15","4.15","0.0000","      ","2011-06-15"
"16/06/2011","4.15","4.15","4.15","4.15","4.15","0.0000","      ","2011-06-16"
"17/06/2011","4.15","4.15","4.15","4.15","4.15","0.0000","      ","2011-06-17"
"21/06/2011","4.15","4.15","4.15","4.15","4.15","0.0000","      ","2011-06-21"
"22/06/2011","4.15","4.15","4.15","4.15","4.15","0.0000","      ","2011-06-22"
"23/06/2011","4.15","4.15","4.15","4.15","4.15","0.0000","      ","2011-06-23"
"24/06/2011","4.15","4.15","4.15","4.15","4.15","0.0000","      ","2011-06-24"
"25/06/2011","4.15","4.15","4.15","4.15","4.15","0.0000","      ","2011-06-25"
"27/06/2011","4.15","4.15","4.15","4.15","4.15","0.0000","      ","2011-06-27"
"28/06/2011","4.15","4.15","4.15","4.15","4.15","0.0000","      ","2011-06-28"
"29/06/2011","4.15","4.15","4.15","4.15","4.15","0.0000","      ","2011-06-29"
"30/06/2011","4.15","4.15","4.15","4.15","4.15","0.0000","      ","2011-06-30"
"01/07/2011","4.15","4.15","4.15","4.15","4.15","0.0000","      ","2011-07-01"
"02/07/2011","4.15","4.15","4.15","4.15","4.15","0.0000","      ","2011-07-02"
"04/07/2011","4.15","4.15","4.15","4.15","4.15","0.0000","      ","2011-07-04"
"05/07/2011","4.15","4.15","4.15","4.15","4.15","0.0000","      ","2011-07-05"
"06/07/2011","4.15","4.15","4.15","4.15","4.15","0.0000","      ","2011-07-06"
"07/07/2011","4.15","4.15","4.15","4.15","4.15","0.0000","      ","2011-07-07"
"08/07/2011","4.15","4.15","4.15","4.15","4.15","0.0000","      ","2011-07-08"
"09/07/2011","4.15","4.15","4.15","4.15","4.15","0.0000","      ","2011-07-09"
"11/07/2011","4.15","4.15","4.15","4.15","4.15","0.0000","      ","2011-07-11"
"12/07/2011","4.15","4.15","4.15","4.15","4.15","0.0000","      ","2011-07-12"
"13/07/2011","4.15","4.15","4.15","4.15","4.15","0.0000","      ","2011-07-13"
"14/07/2011","4.15","4.15","4.15","4.15","4.15","0.0000","      ","2011-07-14"
"15/07/2011","4.15","4.15","4.15","4.15","4.15","0.0000","      ","2011-07-15"
"16/07/2011","4.15","4.15","4.15","4.15","4.15","0.0000","      ","2011-07-16"
"18/07/2011","4.15","4.15","4.15","4.15","4.15","0.0000","      ","2011-07-18"
"19/07/2011","4.15","4.15","4.15","4.15","4.15","0.0000","      ","2011-07-19"
"20/07/2011","4.15","4.15","4.15","4.15","4.15","0.0000","      ","2011-07-20"
"21/07/2011","4.2","4.2","4.2","4.2","4.2","0.0000","      ","2011-07-21"
"22/07/2011","4.2","4.2","4.2","4.2","4.2","0.0000","      ","2011-07-22"
"25/07/2011","4.2","4.2","4.2","4.2","4.2","0.0000","      ","2011-07-25"
"26/07/2011","4.2","4.2","4.2","4.2","4.2","0.0000","      ","2011-07-26"
"27/07/2011","4.2","4.2","4.2","4.2","4.2","0.0000","      ","2011-07-27"
"28/07/2011","4.2","4.2","4.2","4.2","4.2","0.0000","      ","2011-07-28"
"29/07/2011","4.2","4.2","4.2","4.2","4.2","0.0000","      ","2011-07-29"
"01/08/2011","4.2","4.2","4.2","4.2","4.2","0.0000","      ","2011-08-01"
"02/08/2011","4.2","4.2","4.2","4.2","4.2","0.0000","      ","2011-08-02"
"03/08/2011","4.2","4.2","4.2","4.2","4.2","0.0000","      ","2011-08-03"
"04/08/2011","4.2","4.2","4.2","4.2","4.2","0.0000","      ","2011-08-04"
"05/08/2011","4.2","4.2","4.2","4.2","4.2","0.0000","      ","2011-08-05"
"06/08/2011","4.2","4.2","4.2","4.2","4.2","0.0000","      ","2011-08-06"
"08/08/2011","4.2","4.2","4.2","4.2","4.2","0.0000","      ","2011-08-08"
"09/08/2011","4.2","4.2","4.2","4.2","4.2","0.0000","      ","2011-08-09"
"10/08/2011","4.2","4.2","4.2","4.2","4.2","0.0000","      ","2011-08-10"
"11/08/2011","4.2","4.2","4.2","4.2","4.2","0.0000","      ","2011-08-11"
"12/08/2011","4.2","4.2","4.2","4.2","4.2","0.0000","      ","2011-08-12"
"13/08/2011","4.2","4.2","4.2","4.2","4.2","0.0000","      ","2011-08-13"
"15/08/2011","4.2","4.2","4.2","4.2","4.2","0.0000","      ","2011-08-15"
"16/08/2011","4.2","4.2","4.2","4.2","4.2","0.0000","      ","2011-08-16"
"17/08/2011","4.2","4.2","4.2","4.2","4.2","0.0000","      ","2011-08-17"
"18/08/2011","4.2","4.2","4.2","4.2","4.2","0.0000","      ","2011-08-18"
"19/08/2011","4.2","4.2","4.2","4.2","4.2","0.0000","      ","2011-08-19"
"23/08/2011","4.2","4.2","4.2","4.2","4.2","0.0000","      ","2011-08-23"
"24/08/2011","4.23","4.23","4.23","4.23","4.23","0.0000","      ","2011-08-24"
"25/08/2011","4.23","4.23","4.23","4.23","4.23","0.0000","      ","2011-08-25"
"26/08/2011","4.23","4.23","4.23","4.23","4.23","0.0000","      ","2011-08-26"
"27/08/2011","4.23","4.23","4.23","4.23","4.23","0.0000","      ","2011-08-27"
"29/08/2011","4.23","4.23","4.23","4.23","4.23","0.0000","      ","2011-08-29"
"30/08/2011","4.23","4.23","4.23","4.23","4.23","0.0000","      ","2011-08-30"
"31/08/2011","4.23","4.23","4.23","4.23","4.23","0.0000","      ","2011-08-31"
"01/09/2011","4.23","4.23","4.23","4.23","4.23","0.0000","      ","2011-09-01"
"02/09/2011","4.23","4.23","4.23","4.23","4.23","0.0000","      ","2011-09-02"
"03/09/2011","4.23","4.23","4.23","4.23","4.23","0.0000","      ","2011-09-03"
"05/09/2011","4.25","4.25","4.25","4.25","4.25","0.0000","      ","2011-09-05"
"06/09/2011","4.25","4.25","4.25","4.25","4.25","0.0000","      ","2011-09-06"
"07/09/2011","4.25","4.25","4.25","4.25","4.25","0.0000","      ","2011-09-07"
"08/09/2011","4.25","4.25","4.25","4.25","4.25","0.0000","      ","2011-09-08"
"09/09/2011","4.25","4.25","4.25","4.25","4.25","0.0000","      ","2011-09-09"
"10/09/2011","4.25","4.25","4.25","4.25","4.25","0.0000","      ","2011-09-10"
"12/09/2011","4.25","4.25","4.25","4.25","4.25","0.0000","      ","2011-09-12"
"13/09/2011","4.25","4.25","4.25","4.25","4.25","0.0000","      ","2011-09-13"
"14/09/2011","4.25","4.25","4.25","4.25","4.25","0.0000","      ","2011-09-14"
"15/09/2011","4.25","4.25","4.25","4.25","4.25","0.0000","      ","2011-09-15"
"16/09/2011","4.25","4.25","4.25","4.25","4.25","0.0000","      ","2011-09-16"
"17/09/2011","4.25","4.25","4.25","4.25","4.25","0.0000","      ","2011-09-17"
"19/09/2011","4.25","4.25","4.25","4.25","4.25","0.0000","      ","2011-09-19"
"20/09/2011","4.25","4.25","4.25","4.25","4.25","0.0000","      ","2011-09-20"
"21/09/2011","4.25","4.25","4.25","4.25","4.25","0.0000","      ","2011-09-21"
"22/09/2011","4.25","4.25","4.25","4.25","4.25","0.0000","      ","2011-09-22"
"23/09/2011","4.25","4.25","4.25","4.25","4.25","0.0000","      ","2011-09-23"
"24/09/2011","4.25","4.25","4.25","4.25","4.25","0.0000","      ","2011-09-24"
"26/09/2011","4.25","4.25","4.25","4.25","4.25","0.0000","      ","2011-09-26"
"27/09/2011","4.25","4.25","4.25","4.25","4.25","0.0000","      ","2011-09-27"
"28/09/2011","4.25","4.25","4.25","4.25","4.25","0.0000","      ","2011-09-28"
"29/09/2011","4.25","4.25","4.25","4.25","4.25","0.0000","      ","2011-09-29"
"30/09/2011","4.25","4.25","4.25","4.25","4.25","0.0000","      ","2011-09-30"
"01/10/2011","4.25","4.25","4.25","4.25","4.25","0.0000","      ","2011-10-01"
"03/10/2011","4.25","4.25","4.25","4.25","4.25","0.0000","      ","2011-10-03"
"04/10/2011","4.25","4.25","4.25","4.25","4.25","0.0000","      ","2011-10-04"
"05/10/2011","4.25","4.25","4.25","4.25","4.25","0.0000","      ","2011-10-05"
"06/10/2011","4.25","4.25","4.25","4.25","4.25","0.0000","      ","2011-10-06"
"07/10/2011","4.25","4.25","4.25","4.25","4.25","0.0000","      ","2011-10-07"
"08/10/2011","4.25","4.25","4.25","4.25","4.25","0.0000","      ","2011-10-08"
"11/10/2011","4.25","4.25","4.25","4.25","4.25","0.0000","      ","2011-10-11"
"12/10/2011","4.25","4.25","4.25","4.25","4.25","0.0000","      ","2011-10-12"
"13/10/2011","4.25","4.25","4.25","4.25","4.25","0.0000","      ","2011-10-13"
"14/10/2011","4.25","4.25","4.25","4.25","4.25","0.0000","      ","2011-10-14"
"17/10/2011","4.25","4.25","4.25","4.25","4.25","0.0000","      ","2011-10-17"
"18/10/2011","4.25","4.25","4.25","4.25","4.25","0.0000","      ","2011-10-18"
"19/10/2011","4.25","4.25","4.25","4.25","4.25","0.0000","      ","2011-10-19"
"20/10/2011","4.25","4.25","4.25","4.25","4.25","0.0000","      ","2011-10-20"
"21/10/2011","4.25","4.25","4.25","4.25","4.25","0.0000","      ","2011-10-21"
"24/10/2011","4.26","4.26","4.26","4.26","4.26","0.0000","      ","2011-10-24"
"25/10/2011","4.26","4.26","4.26","4.26","4.26","0.0000","      ","2011-10-25"
"26/10/2011","4.26","4.26","4.26","4.26","4.26","0.0000","      ","2011-10-26"
"27/10/2011","4.26","4.26","4.26","4.26","4.26","0.0000","      ","2011-10-27"
"28/10/2011","4.26","4.26","4.26","4.26","4.26","0.0000","      ","2011-10-28"
"31/10/2011","4.3","4.3","4.3","4.3","4.3","0.0000","      ","2011-10-31"
"01/11/2011","4.3","4.3","4.3","4.3","4.3","0.0000","      ","2011-11-01"
"02/11/2011","4.4","4.4","4.4","4.4","4.4","0.0000","      ","2011-11-02"
"03/11/2011","4.4","4.4","4.4","4.4","4.4","0.0000","      ","2011-11-03"
"04/11/2011","4.4","4.4","4.4","4.4","4.4","0.0000","      ","2011-11-04"
"07/11/2011","4.4","4.4","4.4","4.4","4.4","0.0000","      ","2011-11-07"
"08/11/2011","4.4","4.4","4.4","4.4","4.4","0.0000","      ","2011-11-08"
"09/11/2011","4.4","4.4","4.4","4.4","4.4","0.0000","      ","2011-11-09"
"10/11/2011","4.4","4.4","4.4","4.4","4.4","0.0000","      ","2011-11-10"
"11/11/2011","4.4","4.4","4.4","4.4","4.4","0.0000","      ","2011-11-11"
"12/11/2011","4.4","4.4","4.4","4.4","4.4","0.0000","      ","2011-11-12"
"14/11/2011","4.4","4.4","4.4","4.4","4.4","0.0000","      ","2011-11-14"
"15/11/2011","4.4","4.4","4.4","4.4","4.4","0.0000","      ","2011-11-15"
"16/11/2011","4.4","4.4","4.4","4.4","4.4","0.0000","      ","2011-11-16"
"17/11/2011","4.4","4.4","4.4","4.4","4.4","0.0000","      ","2011-11-17"
"18/11/2011","4.4","4.4","4.4","4.4","4.4","0.0000","      ","2011-11-18"
"21/11/2011","4.4","4.4","4.4","4.4","4.4","0.0000","      ","2011-11-21"
"22/11/2011","4.4","4.4","4.4","4.4","4.4","0.0000","      ","2011-11-22"
"23/11/2011","4.4","4.4","4.4","4.4","4.4","0.0000","      ","2011-11-23"
"24/11/2011","4.4","4.4","4.4","4.4","4.4","0.0000","      ","2011-11-24"
"25/11/2011","4.4","4.4","4.4","4.4","4.4","0.0000","      ","2011-11-25"
"29/11/2011","4.4","4.4","4.4","4.4","4.4","0.0000","      ","2011-11-29"
"30/11/2011","4.4","4.4","4.4","4.4","4.4","0.0000","      ","2011-11-30"
"01/12/2011","4.4","4.4","4.4","4.4","4.4","0.0000","      ","2011-12-01"
"02/12/2011","4.4","4.4","4.4","4.4","4.4","0.0000","      ","2011-12-02"
"05/12/2011","4.4","4.4","4.4","4.4","4.4","0.0000","      ","2011-12-05"
"06/12/2011","4.4","4.4","4.4","4.4","4.4","0.0000","      ","2011-12-06"
"07/12/2011","4.4","4.4","4.4","4.4","4.4","0.0000","      ","2011-12-07"
"12/12/2011","4.4","4.4","4.4","4.4","4.4","0.0000","      ","2011-12-12"
"13/12/2011","4.4","4.4","4.4","4.4","4.4","0.0000","      ","2011-12-13"
"14/12/2011","4.4","4.4","4.4","4.4","4.4","0.0000","      ","2011-12-14"
"15/12/2011","4.4","4.4","4.4","4.4","4.4","0.0000","      ","2011-12-15"
"16/12/2011","4.4","4.4","4.4","4.4","4.4","0.0000","      ","2011-12-16"
"19/12/2011","4.4","4.4","4.4","4.4","4.4","0.0000","      ","2011-12-19"
"20/12/2011","4.4","4.4","4.4","4.4","4.4","0.0000","      ","2011-12-20"
"21/12/2011","4.4","4.4","4.4","4.4","4.4","0.0000","      ","2011-12-21"
"22/12/2011","4.4","4.4","4.4","4.4","4.4","0.0000","      ","2011-12-22"
"23/12/2011","4.4","4.4","4.4","4.4","4.4","0.0000","      ","2011-12-23"
"26/12/2011","4.4","4.4","4.4","4.4","4.4","0.0000","      ","2011-12-26"
"27/12/2011","4.4","4.4","4.4","4.4","4.4","0.0000","      ","2011-12-27"
"28/12/2011","4.4","4.4","4.4","4.4","4.4","0.0000","      ","2011-12-28"
"29/12/2011","4.4","4.4","4.4","4.4","4.4","0.0000","      ","2011-12-29"
"30/12/2011","4.4","4.4","4.4","4.4","4.4","0.0000","      ","2011-12-30"
"31/12/2011","4.4","4.4","4.4","4.4","4.4","0.0000","      ","2011-12-31"
"02/01/2012","4.4","4.4","4.4","4.4","4.4","0.0000","      ","2012-01-02"
"03/01/2012","4.4","4.4","4.4","4.4","4.4","0.0000","      ","2012-01-03"
"04/01/2012","4.4","4.4","4.4","4.4","4.4","0.0000","      ","2012-01-04"
"05/01/2012","4.4","4.4","4.4","4.4","4.4","0.0000","      ","2012-01-05"
"06/01/2012","4.4","4.4","4.4","4.4","4.4","0.0000","      ","2012-01-06"
"09/01/2012","4.4","4.4","4.4","4.4","4.4","0.0000","      ","2012-01-09"
"10/01/2012","4.4","4.4","4.4","4.4","4.4","0.0000","      ","2012-01-10"
"11/01/2012","4.4","4.4","4.4","4.4","4.4","0.0000","      ","2012-01-11"
"12/01/2012","4.4","4.4","4.4","4.4","4.4","0.0000","      ","2012-01-12"
"13/01/2012","4.4","4.4","4.4","4.4","4.4","0.0000","      ","2012-01-13"
"14/01/2012","4.4","4.4","4.4","4.4","4.4","0.0000","      ","2012-01-14"
"16/01/2012","4.4","4.4","4.4","4.4","4.4","0.0000","      ","2012-01-16"
"17/01/2012","4.4","4.4","4.4","4.4","4.4","0.0000","      ","2012-01-17"
"18/01/2012","4.4","4.4","4.4","4.4","4.4","0.0000","      ","2012-01-18"
"19/01/2012","4.4","4.4","4.4","4.4","4.4","0.0000","      ","2012-01-19"
"20/01/2012","4.4","4.4","4.4","4.4","4.4","0.0000","      ","2012-01-20"
"23/01/2012","4.4","4.4","4.4","4.4","4.4","0.0000","      ","2012-01-23"
"24/01/2012","4.4","4.4","4.4","4.4","4.4","0.0000","      ","2012-01-24"
"25/01/2012","4.4","4.4","4.4","4.4","4.4","0.0000","      ","2012-01-25"
"26/01/2012","4.4","4.4","4.4","4.4","4.4","0.0000","      ","2012-01-26"
"27/01/2012","4.4","4.4","4.4","4.4","4.4","0.0000","      ","2012-01-27"
"28/01/2012","4.4","4.4","4.4","4.4","4.4","0.0000","      ","2012-01-28"
"30/01/2012","4.4","4.4","4.4","4.4","4.4","0.0000","      ","2012-01-30"
"31/01/2012","4.4","4.4","4.4","4.4","4.4","0.0000","      ","2012-01-31"
"01/02/2012","4.4","4.4","4.4","4.4","4.4","0.0000","      ","2012-02-01"
"02/02/2012","4.4","4.4","4.4","4.4","4.4","0.0000","      ","2012-02-02"
"03/02/2012","4.4","4.4","4.4","4.4","4.4","0.0000","      ","2012-02-03"
"06/02/2012","4.4","4.4","4.4","4.4","4.4","0.0000","      ","2012-02-06"
"07/02/2012","4.4","4.4","4.4","4.4","4.4","0.0000","      ","2012-02-07"
"08/02/2012","4.4","4.4","4.4","4.4","4.4","0.0000","      ","2012-02-08"
"09/02/2012","4.4","4.4","4.4","4.4","4.4","0.0000","      ","2012-02-09"
"10/02/2012","4.4","4.4","4.4","4.4","4.4","0.0000","      ","2012-02-10"
"13/02/2012","4.4","4.4","4.4","4.4","4.4","0.0000","      ","2012-02-13"
"14/02/2012","4.4","4.4","4.4","4.4","4.4","0.0000","      ","2012-02-14"
"15/02/2012","4.4","4.4","4.4","4.4","4.4","0.0000","      ","2012-02-15"
"16/02/2012","4.4","4.4","4.4","4.4","4.4","0.0000","      ","2012-02-16"
"17/02/2012","4.4","4.4","4.4","4.4","4.4","0.0000","      ","2012-02-17"
"18/02/2012","4.4","4.4","4.4","4.4","4.4","0.0000","      ","2012-02-18"
"22/02/2012","4.4","4.4","4.4","4.4","4.4","0.0000","      ","2012-02-22"
"23/02/2012","4.4","4.4","4.4","4.4","4.4","0.0000","      ","2012-02-23"
"24/02/2012","4.4","4.4","4.4","4.4","4.4","0.0000","      ","2012-02-24"
"28/02/2012","4.4","4.4","4.4","4.4","4.4","0.0000","      ","2012-02-28"
"29/02/2012","4.4","4.4","4.4","4.4","4.4","0.0000","      ","2012-02-29"
"01/03/2012","4.4","4.4","4.4","4.4","4.4","0.0000","      ","2012-03-01"
"02/03/2012","4.4","4.4","4.4","4.4","4.4","0.0000","      ","2012-03-02"
"03/03/2012","4.4","4.4","4.4","4.4","4.4","0.0000","      ","2012-03-03"
"05/03/2012","4.4","4.4","4.4","4.4","4.4","0.0000","      ","2012-03-05"
"06/03/2012","4.4","4.4","4.4","4.4","4.4","0.0000","      ","2012-03-06"
"07/03/2012","4.4","4.4","4.4","4.4","4.4","0.0000","      ","2012-03-07"
"08/03/2012","4.4","4.4","4.4","4.4","4.4","0.0000","      ","2012-03-08"
"09/03/2012","4.4","4.4","4.4","4.4","4.4","0.0000","      ","2012-03-09"
"12/03/2012","4.4","4.4","4.4","4.4","4.4","0.0000","      ","2012-03-12"
"13/03/2012","4.4","4.4","4.4","4.4","4.4","0.0000","      ","2012-03-13"
"14/03/2012","4.4","4.4","4.4","4.4","4.4","0.0000","      ","2012-03-14"
"15/03/2012","4.4","4.4","4.4","4.4","4.4","0.0000","      ","2012-03-15"
"16/03/2012","4.4","4.4","4.4","4.4","4.4","0.0000","      ","2012-03-16"
"19/03/2012","4.4","4.4","4.4","4.4","4.4","0.0000","      ","2012-03-19"
"20/03/2012","4.4","4.4","4.4","4.4","4.4","0.0000","      ","2012-03-20"
"21/03/2012","4.4","4.4","4.4","4.4","4.4","0.0000","      ","2012-03-21"
"22/03/2012","4.4","4.4","4.4","4.4","4.4","0.0000","      ","2012-03-22"
"23/03/2012","4.4","4.4","4.4","4.4","4.4","0.0000","      ","2012-03-23"
"26/03/2012","4.4","4.4","4.4","4.4","4.4","0.0000","      ","2012-03-26"
"27/03/2012","4.4","4.4","4.4","4.4","4.4","0.0000","      ","2012-03-27"
"28/03/2012","4.4","4.4","4.4","4.4","4.4","0.0000","      ","2012-03-28"
"29/03/2012","4.4","4.4","4.4","4.4","4.4","0.0000","      ","2012-03-29"
"30/03/2012","4.4","4.4","4.4","4.4","4.4","0.0000","      ","2012-03-30"
"03/04/2012","4.4","4.4","4.4","4.4","4.4","0.0000","      ","2012-04-03"
"04/04/2012","4.4","4.4","4.4","4.4","4.4","0.0000","      ","2012-04-04"
"05/04/2012","4.5","4.5","4.5","4.5","4.5","0.0000","      ","2012-04-05"
"09/04/2012","4.5","4.5","4.5","4.5","4.5","0.0000","      ","2012-04-09"
"10/04/2012","4.5","4.5","4.5","4.5","4.5","0.0000","      ","2012-04-10"
"11/04/2012","4.5","4.5","4.5","4.5","4.5","0.0000","      ","2012-04-11"
"12/04/2012","4.5","4.5","4.5","4.5","4.5","0.0000","      ","2012-04-12"
"13/04/2012","4.5","4.5","4.5","4.5","4.5","0.0000","      ","2012-04-13"
"14/04/2012","4.5","4.5","4.5","4.5","4.5","0.0000","      ","2012-04-14"
"16/04/2012","4.5","4.5","4.5","4.5","4.5","0.0000","      ","2012-04-16"
"17/04/2012","4.5","4.5","4.5","4.5","4.5","0.0000","      ","2012-04-17"
"18/04/2012","4.5","4.5","4.5","4.5","4.5","0.0000","      ","2012-04-18"
"19/04/2012","4.5","4.5","4.5","4.5","4.5","0.0000","      ","2012-04-19"
"20/04/2012","4.5","4.5","4.5","4.5","4.5","0.0000","      ","2012-04-20"
"23/04/2012","4.5","4.5","4.5","4.5","4.5","0.0000","      ","2012-04-23"
"24/04/2012","4.5","4.5","4.5","4.5","4.5","0.0000","      ","2012-04-24"
"25/04/2012","4.5","4.5","4.5","4.5","4.5","0.0000","      ","2012-04-25"
"26/04/2012","4.5","4.5","4.5","4.5","4.5","0.0000","      ","2012-04-26"
"27/04/2012","4.5","4.5","4.5","4.5","4.5","0.0000","      ","2012-04-27"
"29/04/2012","4.5","4.5","4.5","4.5","4.5","0.0000","      ","2012-04-29"
"02/05/2012","4.5","4.5","4.5","4.5","4.5","0.0000","      ","2012-05-02"
"03/05/2012","4.5","4.5","4.5","4.5","4.5","0.0000","      ","2012-05-03"
"04/05/2012","4.5","4.5","4.5","4.5","4.5","0.0000","      ","2012-05-04"
"05/05/2012","4.5","4.5","4.5","4.5","4.5","0.0000","      ","2012-05-05"
"07/05/2012","4.5","4.5","4.5","4.5","4.5","0.0000","      ","2012-05-07"
"08/05/2012","4.5","4.5","4.5","4.5","4.5","0.0000","      ","2012-05-08"
"09/05/2012","4.5","4.5","4.5","4.5","4.5","0.0000","      ","2012-05-09"
"10/05/2012","4.5","4.5","4.5","4.5","4.5","0.0000","      ","2012-05-10"
"11/05/2012","4.5","4.5","4.5","4.5","4.5","0.0000","      ","2012-05-11"
"14/05/2012","4.5","4.5","4.5","4.5","4.5","0.0000","      ","2012-05-14"
"15/05/2012","4.5","4.5","4.5","4.5","4.5","0.0000","      ","2012-05-15"
"16/05/2012","4.5","4.5","4.5","4.5","4.5","0.0000","      ","2012-05-16"
"17/05/2012","4.5","4.5","4.5","4.5","4.5","0.0000","      ","2012-05-17"
"18/05/2012","4.5","4.5","4.5","4.5","4.5","0.0000","      ","2012-05-18"
"21/05/2012","4.5","4.5","4.5","4.5","4.5","0.0000","      ","2012-05-21"
"22/05/2012","4.55","4.55","4.55","4.55","4.55","0.0000","      ","2012-05-22"
"23/05/2012","4.55","4.55","4.55","4.55","4.55","0.0000","      ","2012-05-23"
"24/05/2012","4.6","4.6","4.6","4.6","4.6","0.0000","      ","2012-05-24"
"28/05/2012","4.6","4.6","4.6","4.6","4.6","0.0000","      ","2012-05-28"
"29/05/2012","4.6","4.6","4.6","4.6","4.6","0.0000","      ","2012-05-29"
"30/05/2012","4.6","4.6","4.6","4.6","4.6","0.0000","      ","2012-05-30"
"31/05/2012","4.6","4.6","4.6","4.6","4.6","0.0000","      ","2012-05-31"
"01/06/2012","4.6","4.6","4.6","4.6","4.6","0.0000","      ","2012-06-01"
"04/06/2012","4.6","4.6","4.6","4.6","4.6","0.0000","      ","2012-06-04"
"05/06/2012","4.6","4.6","4.6","4.6","4.6","0.0000","      ","2012-06-05"
"06/06/2012","4.6","4.6","4.6","4.6","4.6","0.0000","      ","2012-06-06"
"07/06/2012","4.6","4.6","4.6","4.6","4.6","0.0000","      ","2012-06-07"
"08/06/2012","4.6","4.6","4.6","4.6","4.6","0.0000","      ","2012-06-08"
"11/06/2012","4.6","4.6","4.6","4.6","4.6","0.0000","      ","2012-06-11"
"12/06/2012","4.6","4.6","4.6","4.6","4.6","0.0000","      ","2012-06-12"
"13/06/2012","4.6","4.6","4.6","4.6","4.6","0.0000","      ","2012-06-13"
"14/06/2012","4.6","4.6","4.6","4.6","4.6","0.0000","      ","2012-06-14"
"15/06/2012","4.6","4.6","4.6","4.6","4.6","0.0000","      ","2012-06-15"
"18/06/2012","4.6","4.6","4.6","4.6","4.6","0.0000","      ","2012-06-18"
"19/06/2012","4.6","4.6","4.6","4.6","4.6","0.0000","      ","2012-06-19"
"21/06/2012","4.6","4.6","4.6","4.6","4.6","0.0000","      ","2012-06-21"
"22/06/2012","4.6","4.6","4.6","4.6","4.6","0.0000","      ","2012-06-22"
"23/06/2012","4.6","4.6","4.6","4.6","4.6","0.0000","      ","2012-06-23"
"25/06/2012","4.6","4.6","4.6","4.6","4.6","0.0000","      ","2012-06-25"
"26/06/2012","4.6","4.6","4.6","4.6","4.6","0.0000","      ","2012-06-26"
"27/06/2012","4.6","4.6","4.6","4.6","4.6","0.0000","      ","2012-06-27"
"28/06/2012","4.6","4.6","4.6","4.6","4.6","0.0000","      ","2012-06-28"
"29/06/2012","4.6","4.6","4.6","4.6","4.6","0.0000","      ","2012-06-29"
"02/07/2012","4.6","4.6","4.6","4.6","4.6","0.0000","      ","2012-07-02"
"03/07/2012","4.6","4.6","4.6","4.6","4.6","0.0000","      ","2012-07-03"
"04/07/2012","4.6","4.6","4.6","4.6","4.6","0.0000","      ","2012-07-04"
"05/07/2012","4.6","4.6","4.6","4.6","4.6","0.0000","      ","2012-07-05"
"06/07/2012","4.6","4.6","4.6","4.6","4.6","0.0000","      ","2012-07-06"
"10/07/2012","4.6","4.6","4.6","4.6","4.6","0.0000","      ","2012-07-10"
"11/07/2012","4.6","4.6","4.6","4.6","4.6","0.0000","      ","2012-07-11"
"12/07/2012","4.6","4.6","4.6","4.6","4.6","0.0000","      ","2012-07-12"
"13/07/2012","4.6","4.6","4.6","4.6","4.6","0.0000","      ","2012-07-13"
"16/07/2012","4.6","4.6","4.6","4.6","4.6","0.0000","      ","2012-07-16"
"17/07/2012","4.6","4.6","4.6","4.6","4.6","0.0000","      ","2012-07-17"
"18/07/2012","4.6","4.6","4.6","4.6","4.6","0.0000","      ","2012-07-18"
"19/07/2012","4.6","4.6","4.6","4.6","4.6","0.0000","      ","2012-07-19"
"20/07/2012","4.6","4.6","4.6","4.6","4.6","0.0000","      ","2012-07-20"
"23/07/2012","4.6","4.6","4.6","4.6","4.6","0.0000","      ","2012-07-23"
"24/07/2012","4.6","4.6","4.6","4.6","4.6","0.0000","      ","2012-07-24"
"25/07/2012","4.6","4.6","4.6","4.6","4.6","0.0000","      ","2012-07-25"
"26/07/2012","4.6","4.6","4.6","4.6","4.6","0.0000","      ","2012-07-26"
"27/07/2012","4.6","4.6","4.6","4.6","4.6","0.0000","      ","2012-07-27"
"30/07/2012","4.6","4.6","4.6","4.6","4.6","0.0000","      ","2012-07-30"
"31/07/2012","4.7","4.7","4.7","4.7","4.7","0.0000","      ","2012-07-31"
"01/08/2012","4.7","4.7","4.7","4.7","4.7","0.0000","      ","2012-08-01"
"02/08/2012","4.7","4.7","4.7","4.7","4.7","0.0000","      ","2012-08-02"
"03/08/2012","4.7","4.7","4.7","4.7","4.7","0.0000","      ","2012-08-03"
"06/08/2012","4.7","4.7","4.7","4.7","4.7","0.0000","      ","2012-08-06"
"07/08/2012","4.7","4.7","4.7","4.7","4.7","0.0000","      ","2012-08-07"
"08/08/2012","4.7","4.7","4.7","4.7","4.7","0.0000","      ","2012-08-08"
"09/08/2012","4.7","4.7","4.7","4.7","4.7","0.0000","      ","2012-08-09"
"10/08/2012","4.7","4.7","4.7","4.7","4.7","0.0000","      ","2012-08-10"
"13/08/2012","4.7","4.7","4.7","4.7","4.7","0.0000","      ","2012-08-13"
"14/08/2012","4.7","4.7","4.7","4.7","4.7","0.0000","      ","2012-08-14"
"15/08/2012","4.7","4.7","4.7","4.7","4.7","0.0000","      ","2012-08-15"
"16/08/2012","4.7","4.7","4.7","4.7","4.7","0.0000","      ","2012-08-16"
"17/08/2012","4.7","4.7","4.7","4.7","4.7","0.0000","      ","2012-08-17"
"21/08/2012","4.7","4.7","4.7","4.7","4.7","0.0000","      ","2012-08-21"
"22/08/2012","4.7","4.7","4.7","4.7","4.7","0.0000","      ","2012-08-22"
"23/08/2012","4.7","4.7","4.7","4.7","4.7","0.0000","      ","2012-08-23"
"24/08/2012","4.7","4.7","4.7","4.7","4.7","0.0000","      ","2012-08-24"
"27/08/2012","4.7","4.7","4.7","4.7","4.7","0.0000","      ","2012-08-27"
"28/08/2012","4.7","4.7","4.7","4.7","4.7","0.0000","      ","2012-08-28"
"29/08/2012","4.7","4.7","4.7","4.7","4.7","0.0000","      ","2012-08-29"
"30/08/2012","4.7","4.7","4.7","4.7","4.7","0.0000","      ","2012-08-30"
"31/08/2012","4.7","4.7","4.7","4.7","4.7","0.0000","      ","2012-08-31"
"03/09/2012","4.7","4.7","4.7","4.7","4.7","0.0000","      ","2012-09-03"
"04/09/2012","4.7","4.7","4.7","4.7","4.7","0.0000","      ","2012-09-04"
"05/09/2012","4.7","4.7","4.7","4.7","4.7","0.0000","      ","2012-09-05"
"06/09/2012","4.7","4.7","4.7","4.7","4.7","0.0000","      ","2012-09-06"
"07/09/2012","4.7","4.7","4.7","4.7","4.7","0.0000","      ","2012-09-07"
"08/09/2012","4.7","4.7","4.7","4.7","4.7","0.0000","      ","2012-09-08"
"10/09/2012","4.7","4.7","4.7","4.7","4.7","0.0000","      ","2012-09-10"
"11/09/2012","4.7","4.7","4.7","4.7","4.7","0.0000","      ","2012-09-11"
"12/09/2012","4.7","4.7","4.7","4.7","4.7","0.0000","      ","2012-09-12"
"13/09/2012","4.7","4.7","4.7","4.7","4.7","0.0000","      ","2012-09-13"
"14/09/2012","4.7","4.7","4.7","4.7","4.7","0.0000","      ","2012-09-14"
"17/09/2012","4.7","4.7","4.7","4.7","4.7","0.0000","      ","2012-09-17"
"18/09/2012","4.7","4.7","4.7","4.7","4.7","0.0000","      ","2012-09-18"
"19/09/2012","4.7","4.7","4.7","4.7","4.7","0.0000","      ","2012-09-19"
"20/09/2012","4.7","4.7","4.7","4.7","4.7","0.0000","      ","2012-09-20"
"21/09/2012","4.7","4.7","4.7","4.7","4.7","0.0000","      ","2012-09-21"
"22/09/2012","4.7","4.7","4.7","4.7","4.7","0.0000","      ","2012-09-22"
"25/09/2012","4.8","4.8","4.8","4.8","4.8","0.0000","      ","2012-09-25"
"26/09/2012","4.8","4.8","4.8","4.8","4.8","0.0000","      ","2012-09-26"
"27/09/2012","4.8","4.8","4.8","4.8","4.8","0.0000","      ","2012-09-27"
"28/09/2012","4.8","4.8","4.8","4.8","4.8","0.0000","      ","2012-09-28"
"01/10/2012","4.8","4.8","4.8","4.8","4.8","0.0000","      ","2012-10-01"
"02/10/2012","4.8","4.8","4.8","4.8","4.8","0.0000","      ","2012-10-02"
"03/10/2012","4.8","4.8","4.8","4.8","4.8","0.0000","      ","2012-10-03"
"04/10/2012","4.8","4.8","4.8","4.8","4.8","0.0000","      ","2012-10-04"
"05/10/2012","4.8","4.8","4.8","4.8","4.8","0.0000","      ","2012-10-05"
"09/10/2012","4.8","4.8","4.8","4.8","4.8","0.0000","      ","2012-10-09"
"10/10/2012","4.8","4.8","4.8","4.8","4.8","0.0000","      ","2012-10-10"
"11/10/2012","4.8","4.8","4.8","4.8","4.8","0.0000","      ","2012-10-11"
"12/10/2012","4.8","4.8","4.8","4.8","4.8","0.0000","      ","2012-10-12"
"13/10/2012","4.8","4.8","4.8","4.8","4.8","0.0000","      ","2012-10-13"
"15/10/2012","4.8","4.8","4.8","4.8","4.8","0.0000","      ","2012-10-15"
"16/10/2012","4.8","4.8","4.8","4.8","4.8","0.0000","      ","2012-10-16"
"17/10/2012","4.8","4.8","4.8","4.8","4.8","0.0000","      ","2012-10-17"
"18/10/2012","4.8","4.8","4.8","4.8","4.8","0.0000","      ","2012-10-18"
"19/10/2012","4.8","4.8","4.8","4.8","4.8","0.0000","      ","2012-10-19"
"20/10/2012","4.8","4.8","4.8","4.8","4.8","0.0000","      ","2012-10-20"
"22/10/2012","4.8","4.8","4.8","4.8","4.8","0.0000","      ","2012-10-22"
"23/10/2012","4.8","4.8","4.8","4.8","4.8","0.0000","      ","2012-10-23"
"24/10/2012","4.8","4.8","4.8","4.8","4.8","0.0000","      ","2012-10-24"
"25/10/2012","4.8","4.8","4.8","4.8","4.8","0.0000","      ","2012-10-25"
"26/10/2012","4.8","4.8","4.8","4.8","4.8","0.0000","      ","2012-10-26"
"29/10/2012","4.8","4.8","4.8","4.8","4.8","0.0000","      ","2012-10-29"
"30/10/2012","4.8","4.8","4.8","4.8","4.8","0.0000","      ","2012-10-30"
"31/10/2012","4.8","4.8","4.8","4.8","4.8","0.0000","      ","2012-10-31"
"01/11/2012","4.8","4.8","4.8","4.8","4.8","0.0000","      ","2012-11-01"
"02/11/2012","4.8","4.8","4.8","4.8","4.8","0.0000","      ","2012-11-02"
"05/11/2012","4.9","4.9","4.9","4.9","4.9","0.0000","      ","2012-11-05"
"06/11/2012","4.9","4.9","4.9","4.9","4.9","0.0000","      ","2012-11-06"
"07/11/2012","4.9","4.9","4.9","4.9","4.9","0.0000","      ","2012-11-07"
"08/11/2012","4.9","4.9","4.9","4.9","4.9","0.0000","      ","2012-11-08"
"09/11/2012","4.9","4.9","4.9","4.9","4.9","0.0000","      ","2012-11-09"
"10/11/2012","4.9","4.9","4.9","4.9","4.9","0.0000","      ","2012-11-10"
"12/11/2012","4.9","4.9","4.9","4.9","4.9","0.0000","      ","2012-11-12"
"13/11/2012","4.9","4.9","4.9","4.9","4.9","0.0000","      ","2012-11-13"
"14/11/2012","4.9","4.9","4.9","4.9","4.9","0.0000","      ","2012-11-14"
"15/11/2012","4.9","4.9","4.9","4.9","4.9","0.0000","      ","2012-11-15"
"16/11/2012","4.9","4.9","4.9","4.9","4.9","0.0000","      ","2012-11-16"
"19/11/2012","4.9","4.9","4.9","4.9","4.9","0.0000","      ","2012-11-19"
"20/11/2012","4.9","4.9","4.9","4.9","4.9","0.0000","      ","2012-11-20"
"21/11/2012","4.9","4.9","4.9","4.9","4.9","0.0000","      ","2012-11-21"
"22/11/2012","4.9","4.9","4.9","4.9","4.9","0.0000","      ","2012-11-22"
"23/11/2012","4.9","4.9","4.9","4.9","4.9","0.0000","      ","2012-11-23"
"27/11/2012","4.9","4.9","4.9","4.9","4.9","0.0000","      ","2012-11-27"
"28/11/2012","4.9","4.9","4.9","4.9","4.9","0.0000","      ","2012-11-28"
"29/11/2012","4.9","4.9","4.9","4.9","4.9","0.0000","      ","2012-11-29"
"30/11/2012","4.9","4.9","4.9","4.9","4.9","0.0000","      ","2012-11-30"
"03/12/2012","4.9","4.9","4.9","4.9","4.9","0.0000","      ","2012-12-03"
"04/12/2012","4.9","4.9","4.9","4.9","4.9","0.0000","      ","2012-12-04"
"05/12/2012","4.9","4.9","4.9","4.9","4.9","0.0000","      ","2012-12-05"
"06/12/2012","4.95","4.95","4.95","4.95","4.95","0.0000","      ","2012-12-06"
"07/12/2012","4.95","4.95","4.95","4.95","4.95","0.0000","      ","2012-12-07"
"10/12/2012","4.95","4.95","4.95","4.95","4.95","0.0000","      ","2012-12-10"
"11/12/2012","4.95","4.95","4.95","4.95","4.95","0.0000","      ","2012-12-11"
"12/12/2012","4.95","4.95","4.95","4.95","4.95","0.0000","      ","2012-12-12"
"13/12/2012","4.95","4.95","4.95","4.95","4.95","0.0000","      ","2012-12-13"
"14/12/2012","4.95","4.95","4.95","4.95","4.95","0.0000","      ","2012-12-14"
"17/12/2012","4.95","4.95","4.95","4.95","4.95","0.0000","      ","2012-12-17"
"18/12/2012","4.95","4.95","4.95","4.95","4.95","0.0000","      ","2012-12-18"
"19/12/2012","4.95","4.95","4.95","4.95","4.95","0.0000","      ","2012-12-19"
"20/12/2012","4.95","4.95","4.95","4.95","4.95","0.0000","      ","2012-12-20"
"21/12/2012","4.95","4.95","4.95","4.95","4.95","0.0000","      ","2012-12-21"
"26/12/2012","4.95","4.95","4.95","4.95","4.95","0.0000","      ","2012-12-26"
"27/12/2012","4.95","4.95","4.95","4.95","4.95","0.0000","      ","2012-12-27"
"28/12/2012","4.95","4.95","4.95","4.95","4.95","0.0000","      ","2012-12-28"
"31/12/2012","4.95","4.95","4.95","4.95","4.95","0.0000","      ","2012-12-31"
"02/01/2013","4.95","4.95","4.95","4.95","4.95","0.0000","      ","2013-01-02"
"03/01/2013","4.95","4.95","4.95","4.95","4.95","0.0000","      ","2013-01-03"
"04/01/2013","4.95","4.95","4.95","4.95","4.95","0.0000","      ","2013-01-04"
"07/01/2013","4.95","4.95","4.95","4.95","4.95","0.0000","      ","2013-01-07"
"08/01/2013","4.95","4.95","4.95","4.95","4.95","0.0000","      ","2013-01-08"
"09/01/2013","4.95","4.95","4.95","4.95","4.95","0.0000","      ","2013-01-09"
"10/01/2013","4.95","4.95","4.95","4.95","4.95","0.0000","      ","2013-01-10"
"11/01/2013","4.95","4.95","4.95","4.95","4.95","0.0000","      ","2013-01-11"
"14/01/2013","4.95","4.95","4.95","4.95","4.95","0.0000","      ","2013-01-14"
"15/01/2013","4.95","4.95","4.95","4.95","4.95","0.0000","      ","2013-01-15"
"16/01/2013","5","5","5","5","5","0.0000","      ","2013-01-16"
"17/01/2013","5","5","5","5","5","0.0000","      ","2013-01-17"
"18/01/2013","5","5","5","5","5","0.0000","      ","2013-01-18"
"21/01/2013","5","5","5","5","5","0.0000","      ","2013-01-21"
"22/01/2013","5","5","5","5","5","0.0000","      ","2013-01-22"
"23/01/2013","5","5","5","5","5","0.0000","      ","2013-01-23"
"24/01/2013","5","5","5","5","5","0.0000","      ","2013-01-24"
"25/01/2013","5","5","5","5","5","0.0000","      ","2013-01-25"
"28/01/2013","5","5","5","5","5","0.0000","      ","2013-01-28"
"29/01/2013","5","5","5","5","5","0.0000","      ","2013-01-29"
"30/01/2013","5","5","5","5","5","0.0000","      ","2013-01-30"
"31/01/2013","5","5","5","5","5","0.0000","      ","2013-01-31"
"01/02/2013","5","5","5","5","5","0.0000","      ","2013-02-01"
"02/02/2013","5","5","5","5","5","0.0000","      ","2013-02-02"
"04/02/2013","5","5","5","5","5","0.0000","      ","2013-02-04"
"05/02/2013","5","5","5","5","5","0.0000","      ","2013-02-05"
"06/02/2013","5","5","5","5","5","0.0000","      ","2013-02-06"
"07/02/2013","5","5","5","5","5","0.0000","      ","2013-02-07"
"08/02/2013","5","5","5","5","5","0.0000","      ","2013-02-08"
"09/02/2013","5","5","5","5","5","0.0000","      ","2013-02-09"
"13/02/2013","5","5","5","5","5","0.0000","      ","2013-02-13"
"14/02/2013","5","5","5","5","5","0.0000","      ","2013-02-14"
"15/02/2013","5","5","5","5","5","0.0000","      ","2013-02-15"
"18/02/2013","5","5","5","5","5","0.0000","      ","2013-02-18"
"19/02/2013","5","5","5","5","5","0.0000","      ","2013-02-19"
"21/02/2013","5","5","5","5","5","0.0000","      ","2013-02-21"
"22/02/2013","5","5","5","5","5","0.0000","      ","2013-02-22"
"25/02/2013","5","5","5","5","5","0.0000","      ","2013-02-25"
"26/02/2013","5","5","5","5","5","0.0000","      ","2013-02-26"
"27/02/2013","5.05","5.05","5.05","5.05","5.05","0.0000","      ","2013-02-27"
"28/02/2013","5.05","5.05","5.05","5.05","5.05","0.0000","      ","2013-02-28"
"01/03/2013","5.05","5.05","5.05","5.05","5.05","0.0000","      ","2013-03-01"
"02/03/2013","5.05","5.05","5.05","5.05","5.05","0.0000","      ","2013-03-02"
"04/03/2013","5.1","5.1","5.1","5.1","5.1","0.0000","      ","2013-03-04"
"05/03/2013","5.1","5.1","5.1","5.1","5.1","0.0000","      ","2013-03-05"
"06/03/2013","5.1","5.1","5.1","5.1","5.1","0.0000","      ","2013-03-06"
"07/03/2013","5.1","5.1","5.1","5.1","5.1","0.0000","      ","2013-03-07"
"08/03/2013","5.1","5.1","5.1","5.1","5.1","0.0000","      ","2013-03-08"
"11/03/2013","5.1","5.1","5.1","5.1","5.1","0.0000","      ","2013-03-11"
"12/03/2013","5.1","5.1","5.1","5.1","5.1","0.0000","      ","2013-03-12"
"13/03/2013","5.1","5.1","5.1","5.1","5.1","0.0000","      ","2013-03-13"
"14/03/2013","5.1","5.1","5.1","5.1","5.1","0.0000","      ","2013-03-14"
"15/03/2013","5.1","5.1","5.1","5.1","5.1","0.0000","      ","2013-03-15"
"18/03/2013","5.1","5.1","5.1","5.1","5.1","0.0000","      ","2013-03-18"
"19/03/2013","5.15","5.15","5.15","5.15","5.15","0.0000","      ","2013-03-19"
"20/03/2013","5.15","5.15","5.15","5.15","5.15","0.0000","      ","2013-03-20"
"21/03/2013","5.15","5.15","5.15","5.15","5.15","0.0000","      ","2013-03-21"
"22/03/2013","5.15","5.15","5.15","5.15","5.15","0.0000","      ","2013-03-22"
"25/03/2013","5.15","5.15","5.15","5.15","5.15","0.0000","      ","2013-03-25"
"26/03/2013","5.2","5.2","5.2","5.2","5.2","0.0000","      ","2013-03-26"
"27/03/2013","5.2","5.2","5.2","5.2","5.2","0.0000","      ","2013-03-27"
"28/03/2013","5.2","5.2","5.2","5.2","5.2","0.0000","      ","2013-03-28"
"03/04/2013","5.2","5.2","5.2","5.2","5.2","0.0000","      ","2013-04-03"
"04/04/2013","5.2","5.2","5.2","5.2","5.2","0.0000","      ","2013-04-04"
"05/04/2013","5.2","5.2","5.2","5.2","5.2","0.0000","      ","2013-04-05"
"08/04/2013","5.2","5.2","5.2","5.2","5.2","0.0000","      ","2013-04-08"
"09/04/2013","5.2","5.2","5.2","5.2","5.2","0.0000","      ","2013-04-09"
"10/04/2013","5.2","5.2","5.2","5.2","5.2","0.0000","      ","2013-04-10"
"11/04/2013","5.2","5.2","5.2","5.2","5.2","0.0000","      ","2013-04-11"
"12/04/2013","5.2","5.2","5.2","5.2","5.2","0.0000","      ","2013-04-12"
"13/04/2013","5.2","5.2","5.2","5.2","5.2","0.0000","      ","2013-04-13"
"15/04/2013","5.2","5.2","5.2","5.2","5.2","0.0000","      ","2013-04-15"
"16/04/2013","5.2","5.2","5.2","5.2","5.2","0.0000","      ","2013-04-16"
"17/04/2013","5.2","5.2","5.2","5.2","5.2","0.0000","      ","2013-04-17"
"18/04/2013","5.2","5.2","5.2","5.2","5.2","0.0000","      ","2013-04-18"
"19/04/2013","5.2","5.2","5.2","5.2","5.2","0.0000","      ","2013-04-19"
"22/04/2013","5.2","5.2","5.2","5.2","5.2","0.0000","      ","2013-04-22"
"23/04/2013","5.2","5.2","5.2","5.2","5.2","0.0000","      ","2013-04-23"
"24/04/2013","5.2","5.2","5.2","5.2","5.2","0.0000","      ","2013-04-24"
"25/04/2013","5.2","5.2","5.2","5.2","5.2","0.0000","      ","2013-04-25"
"26/04/2013","5.2","5.2","5.2","5.2","5.2","0.0000","      ","2013-04-26"
"27/04/2013","5.2","5.2","5.2","5.2","5.2","0.0000","      ","2013-04-27"
"29/04/2013","5.2","5.2","5.2","5.2","5.2","0.0000","      ","2013-04-29"
"30/04/2013","5.2","5.2","5.2","5.2","5.2","0.0000","      ","2013-04-30"
"02/05/2013","5.2","5.2","5.2","5.2","5.2","0.0000","      ","2013-05-02"
"03/05/2013","5.25","5.25","5.25","5.25","5.25","0.0000","      ","2013-05-03"
"06/05/2013","5.25","5.25","5.25","5.25","5.25","0.0000","      ","2013-05-06"
"07/05/2013","5.25","5.25","5.25","5.25","5.25","0.0000","      ","2013-05-07"
"08/05/2013","5.25","5.25","5.25","5.25","5.25","0.0000","      ","2013-05-08"
"09/05/2013","5.25","5.25","5.25","5.25","5.25","0.0000","      ","2013-05-09"
"10/05/2013","5.25","5.25","5.25","5.25","5.25","0.0000","      ","2013-05-10"
"11/05/2013","5.25","5.25","5.25","5.25","5.25","0.0000","      ","2013-05-11"
"13/05/2013","5.25","5.25","5.25","5.25","5.25","0.0000","      ","2013-05-13"
"14/05/2013","5.3","5.3","5.3","5.3","5.3","0.0000","      ","2013-05-14"
"15/05/2013","5.3","5.3","5.3","5.3","5.3","0.0000","      ","2013-05-15"
"16/05/2013","5.3","5.3","5.3","5.3","5.3","0.0000","      ","2013-05-16"
"17/05/2013","5.3","5.3","5.3","5.3","5.3","0.0000","      ","2013-05-17"
"20/05/2013","5.3","5.3","5.3","5.3","5.3","0.0000","      ","2013-05-20"
"21/05/2013","5.3","5.3","5.3","5.3","5.3","0.0000","      ","2013-05-21"
"22/05/2013","5.3","5.3","5.3","5.3","5.3","0.0000","      ","2013-05-22"
"23/05/2013","5.3","5.3","5.3","5.3","5.3","0.0000","      ","2013-05-23"
"24/05/2013","5.3","5.3","5.3","5.3","5.3","0.0000","      ","2013-05-24"
"27/05/2013","5.3","5.3","5.3","5.3","5.3","0.0000","      ","2013-05-27"
"28/05/2013","5.3","5.3","5.3","5.3","5.3","0.0000","      ","2013-05-28"
"29/05/2013","5.3","5.3","5.3","5.3","5.3","0.0000","      ","2013-05-29"
"30/05/2013","5.3","5.3","5.3","5.3","5.3","0.0000","      ","2013-05-30"
"31/05/2013","5.3","5.3","5.3","5.3","5.3","0.0000","      ","2013-05-31"
"03/06/2013","5.3","5.3","5.3","5.3","5.3","0.0000","      ","2013-06-03"
"04/06/2013","5.3","5.3","5.3","5.3","5.3","0.0000","      ","2013-06-04"
"05/06/2013","5.3","5.3","5.3","5.3","5.3","0.0000","      ","2013-06-05"
"06/06/2013","5.3","5.3","5.3","5.3","5.3","0.0000","      ","2013-06-06"
"07/06/2013","5.3","5.3","5.3","5.3","5.3","0.0000","      ","2013-06-07"
"10/06/2013","5.3","5.3","5.3","5.3","5.3","0.0000","      ","2013-06-10"
"11/06/2013","5.3","5.3","5.3","5.3","5.3","0.0000","      ","2013-06-11"
"12/06/2013","5.3","5.3","5.3","5.3","5.3","0.0000","      ","2013-06-12"
"13/06/2013","5.3","5.3","5.3","5.3","5.3","0.0000","      ","2013-06-13"
"14/06/2013","5.4","5.4","5.4","5.4","5.4","0.0000","      ","2013-06-14"
"17/06/2013","5.4","5.4","5.4","5.4","5.4","0.0000","      ","2013-06-17"
"18/06/2013","5.4","5.4","5.4","5.4","5.4","0.0000","      ","2013-06-18"
"19/06/2013","5.4","5.4","5.4","5.4","5.4","0.0000","      ","2013-06-19"
"24/06/2013","5.4","5.4","5.4","5.4","5.4","0.0000","      ","2013-06-24"
"25/06/2013","5.4","5.4","5.4","5.4","5.4","0.0000","      ","2013-06-25"
"26/06/2013","5.4","5.4","5.4","5.4","5.4","0.0000","      ","2013-06-26"
"27/06/2013","5.4","5.4","5.4","5.4","5.4","0.0000","      ","2013-06-27"
"28/06/2013","5.4","5.4","5.4","5.4","5.4","0.0000","      ","2013-06-28"
"01/07/2013","5.4","5.4","5.4","5.4","5.4","0.0000","      ","2013-07-01"
"02/07/2013","5.4","5.4","5.4","5.4","5.4","0.0000","      ","2013-07-02"
"03/07/2013","5.45","5.45","5.45","5.45","5.45","0.0000","      ","2013-07-03"
"04/07/2013","5.45","5.45","5.45","5.45","5.45","0.0000","      ","2013-07-04"
"05/07/2013","5.45","5.45","5.45","5.45","5.45","0.0000","      ","2013-07-05"
"08/07/2013","5.45","5.45","5.45","5.45","5.45","0.0000","      ","2013-07-08"
"09/07/2013","5.45","5.45","5.45","5.45","5.45","0.0000","      ","2013-07-09"
"10/07/2013","5.45","5.45","5.45","5.45","5.45","0.0000","      ","2013-07-10"
"11/07/2013","5.45","5.45","5.45","5.45","5.45","0.0000","      ","2013-07-11"
"12/07/2013","5.45","5.45","5.45","5.45","5.45","0.0000","      ","2013-07-12"
"15/07/2013","5.45","5.45","5.45","5.45","5.45","0.0000","      ","2013-07-15"
"16/07/2013","5.45","5.45","5.45","5.45","5.45","0.0000","      ","2013-07-16"
"17/07/2013","5.5","5.5","5.5","5.5","5.5","0.0000","      ","2013-07-17"
"18/07/2013","5.5","5.5","5.5","5.5","5.5","0.0000","      ","2013-07-18"
"19/07/2013","5.5","5.5","5.5","5.5","5.5","0.0000","      ","2013-07-19"
"22/07/2013","5.5","5.5","5.5","5.5","5.5","0.0000","      ","2013-07-22"
"23/07/2013","5.5","5.5","5.5","5.5","5.5","0.0000","      ","2013-07-23"
"24/07/2013","5.5","5.5","5.5","5.5","5.5","0.0000","      ","2013-07-24"
"25/07/2013","5.5","5.5","5.5","5.5","5.5","0.0000","      ","2013-07-25"
"26/07/2013","5.5","5.5","5.5","5.5","5.5","0.0000","      ","2013-07-26"
"29/07/2013","5.5","5.5","5.5","5.5","5.5","0.0000","      ","2013-07-29"
"30/07/2013","5.5","5.5","5.5","5.5","5.5","0.0000","      ","2013-07-30"
"31/07/2013","5.5","5.5","5.5","5.5","5.5","0.0000","      ","2013-07-31"
"01/08/2013","5.55","5.55","5.55","5.55","5.55","0.0000","      ","2013-08-01"
"02/08/2013","5.55","5.55","5.55","5.55","5.55","0.0000","      ","2013-08-02"
"05/08/2013","5.55","5.55","5.55","5.55","5.55","0.0000","      ","2013-08-05"
"06/08/2013","5.55","5.55","5.55","5.55","5.55","0.0000","      ","2013-08-06"
"07/08/2013","5.55","5.55","5.55","5.55","5.55","0.0000","      ","2013-08-07"
"08/08/2013","5.55","5.55","5.55","5.55","5.55","0.0000","      ","2013-08-08"
"09/08/2013","5.55","5.55","5.55","5.55","5.55","0.0000","      ","2013-08-09"
"10/08/2013","5.55","5.55","5.55","5.55","5.55","0.0000","      ","2013-08-10"
"12/08/2013","5.55","5.55","5.55","5.55","5.55","0.0000","      ","2013-08-12"
"13/08/2013","5.55","5.55","5.55","5.55","5.55","0.0000","      ","2013-08-13"
"14/08/2013","5.6","5.6","5.6","5.6","5.6","0.0000","      ","2013-08-14"
"15/08/2013","5.6","5.6","5.6","5.6","5.6","0.0000","      ","2013-08-15"
"16/08/2013","5.6","5.6","5.6","5.6","5.6","0.0000","      ","2013-08-16"
"20/08/2013","5.6","5.6","5.6","5.6","5.6","0.0000","      ","2013-08-20"
"21/08/2013","5.6","5.6","5.6","5.6","5.6","0.0000","      ","2013-08-21"
"22/08/2013","5.6","5.6","5.6","5.6","5.6","0.0000","      ","2013-08-22"
"23/08/2013","5.65","5.65","5.65","5.65","5.65","0.0000","      ","2013-08-23"
"26/08/2013","5.7","5.7","5.7","5.7","5.7","0.0000","      ","2013-08-26"
"27/08/2013","5.7","5.7","5.7","5.7","5.7","0.0000","      ","2013-08-27"
"28/08/2013","5.7","5.7","5.7","5.7","5.7","0.0000","      ","2013-08-28"
"29/08/2013","5.7","5.7","5.7","5.7","5.7","0.0000","      ","2013-08-29"
"30/08/2013","5.7","5.7","5.7","5.7","5.7","0.0000","      ","2013-08-30"
"02/09/2013","5.7","5.7","5.7","5.7","5.7","0.0000","      ","2013-09-02"
"03/09/2013","5.7","5.7","5.7","5.7","5.7","0.0000","      ","2013-09-03"
"04/09/2013","5.75","5.75","5.75","5.75","5.75","0.0000","      ","2013-09-04"
"05/09/2013","5.75","5.75","5.75","5.75","5.75","0.0000","      ","2013-09-05"
"06/09/2013","5.75","5.75","5.75","5.75","5.75","0.0000","      ","2013-09-06"
"09/09/2013","5.75","5.75","5.75","5.75","5.75","0.0000","      ","2013-09-09"
"10/09/2013","5.75","5.75","5.75","5.75","5.75","0.0000","      ","2013-09-10"
"11/09/2013","5.75","5.75","5.75","5.75","5.75","0.0000","      ","2013-09-11"
"12/09/2013","5.75","5.75","5.75","5.75","5.75","0.0000","      ","2013-09-12"
"13/09/2013","5.75","5.75","5.75","5.75","5.75","0.0000","      ","2013-09-13"
"16/09/2013","5.75","5.75","5.75","5.75","5.75","0.0000","      ","2013-09-16"
"17/09/2013","5.75","5.75","5.75","5.75","5.75","0.0000","      ","2013-09-17"
"18/09/2013","5.8","5.8","5.8","5.8","5.8","0.0000","      ","2013-09-18"
"19/09/2013","5.8","5.8","5.8","5.8","5.8","0.0000","      ","2013-09-19"
"20/09/2013","5.8","5.8","5.8","5.8","5.8","0.0000","      ","2013-09-20"
"23/09/2013","5.8","5.8","5.8","5.8","5.8","0.0000","      ","2013-09-23"
"24/09/2013","5.8","5.8","5.8","5.8","5.8","0.0000","      ","2013-09-24"
"25/09/2013","5.8","5.8","5.8","5.8","5.8","0.0000","      ","2013-09-25"
"26/09/2013","5.8","5.8","5.8","5.8","5.8","0.0000","      ","2013-09-26"
"27/09/2013","5.85","5.85","5.85","5.85","5.85","0.0000","      ","2013-09-27"
"30/09/2013","5.85","5.85","5.85","5.85","5.85","0.0000","      ","2013-09-30"
"01/10/2013","5.85","5.85","5.85","5.85","5.85","0.0000","      ","2013-10-01"
"02/10/2013","5.85","5.85","5.85","5.85","5.85","0.0000","      ","2013-10-02"
"03/10/2013","5.85","5.85","5.85","5.85","5.85","0.0000","      ","2013-10-03"
"04/10/2013","5.85","5.85","5.85","5.85","5.85","0.0000","      ","2013-10-04"
"05/10/2013","5.85","5.85","5.85","5.85","5.85","0.0000","      ","2013-10-05"
"07/10/2013","5.85","5.85","5.85","5.85","5.85","0.0000","      ","2013-10-07"
"08/10/2013","5.85","5.85","5.85","5.85","5.85","0.0000","      ","2013-10-08"
"09/10/2013","5.85","5.85","5.85","5.85","5.85","0.0000","      ","2013-10-09"
"10/10/2013","5.85","5.85","5.85","5.85","5.85","0.0000","      ","2013-10-10"
"11/10/2013","5.85","5.85","5.85","5.85","5.85","0.0000","      ","2013-10-11"
"12/10/2013","5.85","5.85","5.85","5.85","5.85","0.0000","      ","2013-10-12"
"15/10/2013","5.85","5.85","5.85","5.85","5.85","0.0000","      ","2013-10-15"
"16/10/2013","5.85","5.85","5.85","5.85","5.85","0.0000","      ","2013-10-16"
"17/10/2013","5.9","5.9","5.9","5.9","5.9","0.0000","      ","2013-10-17"
"18/10/2013","5.9","5.9","5.9","5.9","5.9","0.0000","      ","2013-10-18"
"21/10/2013","5.9","5.9","5.9","5.9","5.9","0.0000","      ","2013-10-21"
"22/10/2013","5.9","5.9","5.9","5.9","5.9","0.0000","      ","2013-10-22"
"23/10/2013","5.9","5.9","5.9","5.9","5.9","0.0000","      ","2013-10-23"
"24/10/2013","5.9","5.9","5.9","5.9","5.9","0.0000","      ","2013-10-24"
"25/10/2013","5.9","5.9","5.9","5.9","5.9","0.0000","      ","2013-10-25"
"28/10/2013","5.9","5.9","5.9","5.9","5.9","0.0000","      ","2013-10-28"
"29/10/2013","5.9","5.9","5.9","5.9","5.9","0.0000","      ","2013-10-29"
"30/10/2013","5.9","5.9","5.9","5.9","5.9","0.0000","      ","2013-10-30"
"31/10/2013","5.9","5.9","5.9","5.9","5.9","0.0000","      ","2013-10-31"
"01/11/2013","5.95","5.95","5.95","5.95","5.95","0.0000","      ","2013-11-01"
"04/11/2013","6","6","6","6","6","0.0000","      ","2013-11-04"
"05/11/2013","6","6","6","6","6","0.0000","      ","2013-11-05"
"06/11/2013","6","6","6","6","6","0.0000","      ","2013-11-06"
"07/11/2013","6","6","6","6","6","0.0000","      ","2013-11-07"
"08/11/2013","6","6","6","6","6","0.0000","      ","2013-11-08"
"11/11/2013","6","6","6","6","6","0.0000","      ","2013-11-11"
"12/11/2013","6","6","6","6","6","0.0000","      ","2013-11-12"
"13/11/2013","6","6","6","6","6","0.0000","      ","2013-11-13"
"14/11/2013","6","6","6","6","6","0.0000","      ","2013-11-14"
"15/11/2013","6","6","6","6","6","0.0000","      ","2013-11-15"
"18/11/2013","6.05","6.05","6.05","6.05","6.05","0.0000","      ","2013-11-18"
"19/11/2013","6.05","6.05","6.05","6.05","6.05","0.0000","      ","2013-11-19"
"20/11/2013","6.1","6.1","6.1","6.1","6.1","0.0000","      ","2013-11-20"
"21/11/2013","6.1","6.1","6.1","6.1","6.1","0.0000","      ","2013-11-21"
"22/11/2013","6.1","6.1","6.1","6.1","6.1","0.0000","      ","2013-11-22"
"26/11/2013","6.1","6.1","6.1","6.1","6.1","0.0000","      ","2013-11-26"
"27/11/2013","6.15","6.15","6.15","6.15","6.15","0.0000","      ","2013-11-27"
"28/11/2013","6.15","6.15","6.15","6.15","6.15","0.0000","      ","2013-11-28"
"29/11/2013","6.15","6.15","6.15","6.15","6.15","0.0000","      ","2013-11-29"
"02/12/2013","6.2","6.2","6.2","6.2","6.2","0.0000","      ","2013-12-02"
"03/12/2013","6.2","6.2","6.2","6.2","6.2","0.0000","      ","2013-12-03"
"04/12/2013","6.25","6.25","6.25","6.25","6.25","0.0000","      ","2013-12-04"
"05/12/2013","6.25","6.25","6.25","6.25","6.25","0.0000","      ","2013-12-05"
"06/12/2013","6.4","6.4","6.4","6.4","6.4","0.0000","      ","2013-12-06"
"09/12/2013","6.4","6.4","6.4","6.4","6.4","0.0000","      ","2013-12-09"
"10/12/2013","6.4","6.4","6.4","6.4","6.4","0.0000","      ","2013-12-10"
"11/12/2013","6.4","6.4","6.4","6.4","6.4","0.0000","      ","2013-12-11"
"12/12/2013","6.4","6.4","6.4","6.4","6.4","0.0000","      ","2013-12-12"
"13/12/2013","6.4","6.4","6.4","6.4","6.4","0.0000","      ","2013-12-13"
"16/12/2013","6.4","6.4","6.4","6.4","6.4","0.0000","      ","2013-12-16"
"17/12/2013","6.4","6.4","6.4","6.4","6.4","0.0000","      ","2013-12-17"
"18/12/2013","6.4","6.4","6.4","6.4","6.4","0.0000","      ","2013-12-18"
"19/12/2013","6.5","6.5","6.5","6.5","6.5","0.0000","      ","2013-12-19"
"20/12/2013","6.5","6.5","6.5","6.5","6.5","0.0000","      ","2013-12-20"
"21/12/2013","6.5","6.5","6.5","6.5","6.5","0.0000","      ","2013-12-21"
"23/12/2013","6.5","6.5","6.5","6.5","6.5","0.0000","      ","2013-12-23"
"24/12/2013","6.5","6.5","6.5","6.5","6.5","0.0000","      ","2013-12-24"
"26/12/2013","6.5","6.5","6.5","6.5","6.5","0.0000","      ","2013-12-26"
"27/12/2013","6.5","6.5","6.5","6.5","6.5","0.0000","      ","2013-12-27"
"30/12/2013","6.6","6.6","6.6","6.6","6.6","0.0000","      ","2013-12-30"
"31/12/2013","6.6","6.6","6.6","6.6","6.6","0.0000","      ","2013-12-31"
"02/01/2014","6.65","6.65","6.65","6.65","6.65","0.0000","      ","2014-01-02"
"03/01/2014","6.65","6.65","6.65","6.65","6.65","0.0000","      ","2014-01-03"
"06/01/2014","6.65","6.65","6.65","6.65","6.65","0.0000","      ","2014-01-06"
"07/01/2014","6.7","6.7","6.7","6.7","6.7","0.0000","      ","2014-01-07"
"08/01/2014","6.7","6.7","6.7","6.7","6.7","0.0000","      ","2014-01-08"
"09/01/2014","6.7","6.7","6.7","6.7","6.7","0.0000","      ","2014-01-09"
"10/01/2014","6.7","6.7","6.7","6.7","6.7","0.0000","      ","2014-01-10"
"13/01/2014","6.8","6.8","6.8","6.8","6.8","0.0000","      ","2014-01-13"
"14/01/2014","6.8","6.8","6.8","6.8","6.8","0.0000","      ","2014-01-14"
"15/01/2014","6.8","6.8","6.8","6.8","6.8","0.0000","      ","2014-01-15"
"16/01/2014","6.9","6.9","6.9","6.9","6.9","0.0000","      ","2014-01-16"
"17/01/2014","6.9","6.9","6.9","6.9","6.9","0.0000","      ","2014-01-17"
"20/01/2014","7","7","7","7","7","0.0000","      ","2014-01-20"
"21/01/2014","7","7","7","7","7","0.0000","      ","2014-01-21"
"22/01/2014","7.1","7.1","7.1","7.1","7.1","0.0000","      ","2014-01-22"
"23/01/2014","8.2","8.2","8.2","8.2","8.2","0.0000","      ","2014-01-23"
"27/01/2014","9","9","9","9","9","0.0000","      ","2014-01-27"
"28/01/2014","10","10","10","10","10","0.0000","      ","2014-01-28"
"29/01/2014","8.3","8.3","8.3","8.3","8.3","0.0000","      ","2014-01-29"
"30/01/2014","10","10","10","10","10","0.0000","      ","2014-01-30"
"31/01/2014","10","10","10","10","10","0.0000","      ","2014-01-31"
"03/02/2014","8.2","8.2","8.2","8.2","8.2","0.0000","      ","2014-02-03"
"04/02/2014","8.2","8.2","8.2","8.2","8.2","0.0000","      ","2014-02-04"
"05/02/2014","8.04","8.04","8.04","8.04","8.04","0.0000","      ","2014-02-05"
"06/02/2014","8.5","8.5","8.5","8.5","8.5","0.0000","      ","2014-02-06"
"07/02/2014","10","10","10","10","10","0.0000","      ","2014-02-07"
"10/02/2014","8","8","8","8","8","0.0000","      ","2014-02-10"
"11/02/2014","8","8","8","8","8","0.0000","      ","2014-02-11"
"12/02/2014","8","8","8","8","8","0.0000","      ","2014-02-12"
"13/02/2014","8","8","8","8","8","0.0000","      ","2014-02-13"
"14/02/2014","8","8","8","8","8","0.0000","      ","2014-02-14"
"17/02/2014","8","8","8","8","8","0.0000","      ","2014-02-17"
"18/02/2014","8","8","8","8","8","0.0000","      ","2014-02-18"
"19/02/2014","8","8","8","8","8","0.0000","      ","2014-02-19"
"20/02/2014","8","8","8","8","8","0.0000","      ","2014-02-20"
"21/02/2014","8","8","8","8","8","0.0000","      ","2014-02-21"
"22/02/2014","8","8","8","8","8","0.0000","      ","2014-02-22"
"24/02/2014","8","8","8","8","8","0.0000","      ","2014-02-24"
"25/02/2014","8","8","8","8","8","0.0000","      ","2014-02-25"
"26/02/2014","8","8","8","8","8","0.0000","      ","2014-02-26"
"27/02/2014","8","8","8","8","8","0.0000","      ","2014-02-27"
"28/02/2014","8","8","8","8","8","0.0000","      ","2014-02-28"
"05/03/2014","8","8","8","8","8","0.0000","      ","2014-03-05"
"06/03/2014","8","8","8","8","8","0.0000","      ","2014-03-06"
"07/03/2014","8.2","8.2","8.2","8.2","8.2","0.0000","      ","2014-03-07"
"10/03/2014","8","8","8","8","8","0.0000","      ","2014-03-10"
"11/03/2014","8.2","8.2","8.2","8.2","8.2","0.0000","      ","2014-03-11"
"12/03/2014","8.2","8.2","8.2","8.2","8.2","0.0000","      ","2014-03-12"
"13/03/2014","8","8","8","8","8","0.0000","      ","2014-03-13"
"14/03/2014","8.2","8.2","8.2","8.2","8.2","0.0000","      ","2014-04-14"
"15/03/2014","8.2","8.2","8.2","8.2","8.2","0.0000","      ","2014-03-15"
"17/03/2014","8.2","8.2","8.2","8.2","8.2","0.0000","      ","2014-03-17"
"18/03/2014","8","8","8","8","8","0.0000","      ","2014-03-18"
"19/03/2014","8","8","8","8","8","0.0000","      ","2014-03-19"
"20/03/2014","8.2","8.2","8.2","8.2","8.2","0.0000","      ","2014-03-20"
"21/03/2014","8","8","8","8","8","0.0000","      ","2014-03-21"
"25/03/2014","8","8","8","8","8","0.0000","      ","2014-03-25"
"26/03/2014","8.2","8.2","8.2","8.2","8.2","0.0000","      ","2014-03-26"
"27/03/2014","8.2","8.2","8.2","8.2","8.2","0.0000","      ","2014-03-27"
"28/03/2014","8","8","8","8","8","0.0000","      ","2014-03-28"
"29/03/2014","8.2","8.2","8.2","8.2","8.2","0.0000","      ","2014-03-29"
"31/03/2014","8.05","8.05","8.05","8.05","8.05","0.0000","      ","2014-03-31"
"01/04/2014","8.03","8.03","8.03","8.03","8.03","0.0000","      ","2014-04-01"
"03/04/2014","10","10","10","10","10","0.0000","      ","2014-04-03"
"04/04/2014","8.2","8.2","8.2","8.2","8.2","0.0000","      ","2014-04-04"
"05/04/2014","8.2","8.2","8.2","8.2","8.2","0.0000","      ","2014-04-05"
"07/04/2014","8.2","8.2","8.2","8.2","8.2","0.0000","      ","2014-04-07"
"08/04/2014","8.2","8.2","8.2","8.2","8.2","0.0000","      ","2014-04-08"
"09/04/2014","8.03","8.03","8.03","8.03","8.03","0.0000","      ","2014-04-09"
"10/04/2014","8.1","8.1","8.1","8.1","8.1","0.0000","      ","2014-04-10"
"11/04/2014","10","10","10","10","10","0.0000","      ","2014-04-11"
"12/04/2014","10","10","10","10","10","0.0000","      ","2014-04-12"
"14/04/2014","8.1","8.1","8.1","8.1","8.1","0.0000","      ","2014-04-14"
"15/04/2014","8.05","8.05","8.05","8.05","8.05","0.0000","      ","2014-04-15"
"16/04/2014","8","8","8","8","8","0.0000","      ","2014-04-16"
"17/04/2014","8.1","8.1","8.1","8.1","8.1","0.0000","      ","2014-04-17"
"21/04/2014","8","8","8","8","8","0.0000","      ","2014-04-21"
"22/04/2014","8","8","8","8","8","0.0000","      ","2014-04-22"
"23/04/2014","8.03","8.03","8.03","8.03","8.03","0.0000","      ","2014-04-23"
"24/04/2014","10","10","10","10","10","0.0000","      ","2014-04-24"
"25/04/2014","8.2","8.2","8.2","8.2","8.2","0.0000","      ","2014-04-25"
"28/04/2014","8.2","8.2","8.2","8.2","8.2","0.0000","      ","2014-04-28"
"29/04/2014","8.05","8.05","8.05","8.05","8.05","0.0000","      ","2014-04-29"
"30/04/2014","8.2","8.2","8.2","8.2","8.2","0.0000","      ","2014-04-30"
"05/05/2014","8.2","8.2","8.2","8.2","8.2","0.0000","      ","2014-05-05"
"06/05/2014","8.1","8.1","8.1","8.1","8.1","0.0000","      ","2014-05-06"
"07/05/2014","8","8","8","8","8","0.0000","      ","2014-05-07"
"08/05/2014","8.1","8.1","8.1","8.1","8.1","0.0000","      ","2014-05-08"
"09/05/2014","8.1","8.1","8.1","8.1","8.1","0.0000","      ","2014-05-09"
"10/05/2014","8.1","8.1","8.1","8.1","8.1","0.0000","      ","2014-05-10"
"12/05/2014","8.1","8.1","8.1","8.1","8.1","0.0000","      ","2014-05-12"
"13/05/2014","8.1","8.1","8.1","8.1","8.1","0.0000","      ","2014-05-13"
"14/05/2014","8.2","8.2","8.2","8.2","8.2","0.0000","      ","2014-05-14"
"15/05/2014","8.2","8.2","8.2","8.2","8.2","0.0000","      ","2014-05-15"
"16/05/2014","8","8","8","8","8","0.0000","      ","2014-05-16"
"19/05/2014","8.2","8.2","8.2","8.2","8.2","0.0000","      ","2014-05-19"
"20/05/2014","8.2","8.2","8.2","8.2","8.2","0.0000","      ","2014-05-20"
"21/05/2014","8.2","8.2","8.2","8.2","8.2","0.0000","      ","2014-05-21"
"22/05/2014","8.2","8.2","8.2","8.2","8.2","0.0000","      ","2014-05-22"
"23/05/2014","8.2","8.2","8.2","8.2","8.2","0.0000","      ","2014-05-23"
"26/05/2014","8.2","8.2","8.2","8.2","8.2","0.0000","      ","2014-05-26"
"27/05/2014","8.2","8.2","8.2","8.2","8.2","0.0000","      ","2014-05-27"
"28/05/2014","8.1","8.1","8.1","8.1","8.1","0.0000","      ","2014-05-28"
"29/05/2014","8.2","8.2","8.2","8.2","8.2","0.0000","      ","2014-05-29"
"30/05/2014","8.2","8.2","8.2","8.2","8.2","0.0000","      ","2014-05-30"
"31/05/2014","8.2","8.2","8.2","8.2","8.2","0.0000","      ","2014-05-31"
"02/06/2014","8.1","8.1","8.1","8.1","8.1","0.0000","      ","2014-06-02"
"03/06/2014","8.2","8.2","8.2","8.2","8.2","0.0000","      ","2014-06-03"
"04/06/2014","8.2","8.2","8.2","8.2","8.2","0.0000","      ","2014-06-04"
"05/06/2014","8.2","8.2","8.2","8.2","8.2","0.0000","      ","2014-06-05"
"06/06/2014","8.1","8.1","8.1","8.1","8.1","0.0000","      ","2014-06-06"
"09/06/2014","8.15","8.15","8.15","8.15","8.15","0.0000","      ","2014-06-09"
"10/06/2014","8.3","8.3","8.3","8.3","8.3","0.0000","      ","2014-06-10"
"11/06/2014","8.3","8.3","8.3","8.3","8.3","0.0000","      ","2014-06-11"
"12/06/2014","8.2","8.2","8.2","8.2","8.2","0.0000","      ","2014-06-12"
"13/06/2014","8.3","8.3","8.3","8.3","8.3","0.0000","      ","2014-06-13"
"14/06/2014","8.3","8.3","8.3","8.3","8.3","0.0000","      ","2014-06-14"
"16/06/2014","8.3","8.3","8.3","8.3","8.3","0.0000","      ","2014-06-16"
"17/06/2014","8.3","8.3","8.3","8.3","8.3","0.0000","      ","2014-06-17"
"18/06/2014","8.2","8.2","8.2","8.2","8.2","0.0000","      ","2014-06-18"
"19/06/2014","10","10","10","10","10","0.0000","      ","2014-06-19"
"21/06/2014","10","10","10","10","10","0.0000","      ","2014-06-21"
"23/06/2014","8.3","8.3","8.3","8.3","8.3","0.0000","      ","2014-06-23"
"24/06/2014","8.3","8.3","8.3","8.3","8.3","0.0000","      ","2014-06-24"
"25/06/2014","8.2","8.2","8.2","8.2","8.2","0.0000","      ","2014-06-25"
"26/06/2014","8.3","8.3","8.3","8.3","8.3","0.0000","      ","2014-06-26"
"27/06/2014","8.2","8.2","8.2","8.2","8.2","0.0000","      ","2014-06-27"
"30/06/2014","8.3","8.3","8.3","8.3","8.3","0.0000","      ","2014-06-30"
"01/07/2014","8.3","8.3","8.3","8.3","8.3","0.0000","      ","2014-07-01"
"02/07/2014","8.2","8.2","8.2","8.2","8.2","0.0000","      ","2014-07-02"
"03/07/2014","8.3","8.3","8.3","8.3","8.3","0.0000","      ","2014-07-03"
"04/07/2014","8.3","8.3","8.3","8.3","8.3","0.0000","      ","2014-07-04"
"07/07/2014","8.3","8.3","8.3","8.3","8.3","0.0000","      ","2014-07-07"
"08/07/2014","8.3","8.3","8.3","8.3","8.3","0.0000","      ","2014-07-08"
"10/07/2014","8.3","8.3","8.3","8.3","8.3","0.0000","      ","2014-07-10"
"11/07/2014","8.2","8.2","8.2","8.2","8.2","0.0000","      ","2014-07-11"
"14/07/2014","8.3","8.3","8.3","8.3","8.3","0.0000","      ","2014-07-14"
"15/07/2014","8.3","8.3","8.3","8.3","8.3","0.0000","      ","2014-07-15"
"16/07/2014","8.2","8.2","8.2","8.2","8.2","0.0000","      ","2014-07-16"
"17/07/2014","8.3","8.3","8.3","8.3","8.3","0.0000","      ","2014-07-17"
"18/07/2014","8.3","8.3","8.3","8.3","8.3","0.0000","      ","2014-07-18"
"21/07/2014","8.3","8.3","8.3","8.3","8.3","0.0000","      ","2014-07-21"
"22/07/2014","8.3","8.3","8.3","8.3","8.3","0.0000","      ","2014-07-22"
"23/07/2014","8.3","8.3","8.3","8.3","8.3","0.0000","      ","2014-07-23"
"24/07/2014","8.3","8.3","8.3","8.3","8.3","0.0000","      ","2014-07-24"
"25/07/2014","8.3","8.3","8.3","8.3","8.3","0.0000","      ","2014-07-25"
"28/07/2014","8.2","8.2","8.2","8.2","8.2","0.0000","      ","2014-07-28"
"29/07/2014","8.3","8.3","8.3","8.3","8.3","0.0000","      ","2014-07-29"
"30/07/2014","8.3","8.3","8.3","8.3","8.3","0.0000","      ","2014-07-30"
"31/07/2014","8.3","8.3","8.3","8.3","8.3","0.0000","      ","2014-07-31"
"01/08/2014","8.3","8.3","8.3","8.3","8.3","0.0000","      ","2014-08-01"
"04/08/2014","8.3","8.3","8.3","8.3","8.3","0.0000","      ","2014-08-04"
"05/08/2014","8.3","8.3","8.3","8.3","8.3","0.0000","      ","2014-08-05"
"06/08/2014","8.3","8.3","8.3","8.3","8.3","0.0000","      ","2014-08-06"
"07/08/2014","8.3","8.3","8.3","8.3","8.3","0.0000","      ","2014-08-07"
"08/08/2014","8.3","8.3","8.3","8.3","8.3","0.0000","      ","2014-08-08"
"11/08/2014","8.3","8.3","8.3","8.3","8.3","0.0000","      ","2014-08-11"
"12/08/2014","8.3","8.3","8.3","8.3","8.3","0.0000","      ","2014-08-12"
"13/08/2014","8.4","8.4","8.4","8.4","8.4","0.0000","      ","2014-08-13"
"14/08/2014","8.4","8.4","8.4","8.4","8.4","0.0000","      ","2014-08-14"
"15/08/2014","8.4","8.4","8.4","8.4","8.4","0.0000","      ","2014-08-15"
"19/08/2014","8.4","8.4","8.4","8.4","8.4","0.0000","      ","2014-08-19"
"20/08/2014","8.4","8.4","8.4","8.4","8.4","0.0000","      ","2014-08-20"
"21/08/2014","8.5","8.5","8.5","8.5","8.5","0.0000","      ","2014-08-21"
"22/08/2014","8.5","8.5","8.5","8.5","8.5","0.0000","      ","2014-08-22"
"25/08/2014","8.5","8.5","8.5","8.5","8.5","0.0000","      ","2014-08-25"
"26/08/2014","8.5","8.5","8.5","8.5","8.5","0.0000","      ","2014-08-26"
"27/08/2014","8.5","8.5","8.5","8.5","8.5","0.0000","      ","2014-08-27"
"28/08/2014","8.5","8.5","8.5","8.5","8.5","0.0000","      ","2014-08-28"
"29/08/2014","8.5","8.5","8.5","8.5","8.5","0.0000","      ","2014-08-29"
"01/09/2014","8.5","8.5","8.5","8.5","8.5","0.0000","      ","2014-09-01"
"02/09/2014","8.5","8.5","8.5","8.5","8.5","0.0000","      ","2014-09-02"
"03/09/2014","8.5","8.5","8.5","8.5","8.5","0.0000","      ","2014-09-03"
"04/09/2014","8.5","8.5","8.5","8.5","8.5","0.0000","      ","2014-09-04"
"05/09/2014","8.5","8.5","8.5","8.5","8.5","0.0000","      ","2014-09-05"
"08/09/2014","8.42","8.42","8.42","8.42","8.42","0.0000","      ","2014-09-08"
"09/09/2014","8.5","8.5","8.5","8.5","8.5","0.0000","      ","2014-09-09"
"10/09/2014","8.5","8.5","8.5","8.5","8.5","0.0000","      ","2014-09-10"
"11/09/2014","8.5","8.5","8.5","8.5","8.5","0.0000","      ","2014-09-11"
"12/09/2014","8.5","8.5","8.5","8.5","8.5","0.0000","      ","2014-09-12"
"15/09/2014","8.5","8.5","8.5","8.5","8.5","0.0000","      ","2014-09-15"
"16/09/2014","8.5","8.5","8.5","8.5","8.5","0.0000","      ","2014-09-16"
"17/09/2014","8.5","8.5","8.5","8.5","8.5","0.0000","      ","2014-09-17"
"18/09/2014","8.5","8.5","8.5","8.5","8.5","0.0000","      ","2014-09-18"
"19/09/2014","8.5","8.5","8.5","8.5","8.5","0.0000","      ","2014-09-19"
"20/09/2014","8.5","8.5","8.5","8.5","8.5","0.0000","      ","2014-09-20"
"22/09/2014","8.55","8.55","8.55","8.55","8.55","0.0000","      ","2014-09-22"
"23/09/2014","8.55","8.55","8.55","8.55","8.55","0.0000","      ","2014-09-23"
"24/09/2014","8.55","8.55","8.55","8.55","8.55","0.0000","      ","2014-09-24"
"25/09/2014","8.55","8.55","8.55","8.55","8.55","0.0000","      ","2014-09-25"
"26/09/2014","8.55","8.55","8.55","8.55","8.55","0.0000","      ","2014-09-26"
"29/09/2014","8.55","8.55","8.55","8.55","8.55","0.0000","      ","2014-09-29"
"30/09/2014","8.55","8.55","8.55","8.55","8.55","0.0000","      ","2014-09-30"
"01/10/2014","8.6","8.6","8.6","8.6","8.6","0.0000","      ","2014-10-01"
"02/10/2014","8.6","8.6","8.6","8.6","8.6","0.0000","      ","2014-10-02"
"03/10/2014","8.6","8.6","8.6","8.6","8.6","0.0000","      ","2014-10-03"
"08/10/2014","8.6","8.6","8.6","8.6","8.6","0.0000","      ","2014-10-08"
"09/10/2014","8.6","8.6","8.6","8.6","8.6","0.0000","      ","2014-10-09"
"10/10/2014","8.6","8.6","8.6","8.6","8.6","0.0000","      ","2014-10-10"
"14/10/2014","8.5","8.5","8.5","8.5","8.5","0.0000","      ","2014-10-14"
"15/10/2014","8.6","8.6","8.6","8.6","8.6","0.0000","      ","2014-10-15"
"16/10/2014","8.6","8.6","8.6","8.6","8.6","0.0000","      ","2014-10-16"
"17/10/2014","8.6","8.6","8.6","8.6","8.6","0.0000","      ","2014-10-17"
"20/10/2014","8.6","8.6","8.6","8.6","8.6","0.0000","      ","2014-10-20"
"21/10/2014","8.6","8.6","8.6","8.6","8.6","0.0000","      ","2014-10-21"
"22/10/2014","8.6","8.6","8.6","8.6","8.6","0.0000","      ","2014-10-22"
"23/10/2014","8.6","8.6","8.6","8.6","8.6","0.0000","      ","2014-10-23"
"24/10/2014","8.6","8.6","8.6","8.6","8.6","0.0000","      ","2014-10-24"
"25/10/2014","8.6","8.6","8.6","8.6","8.6","0.0000","      ","2014-10-25"
"27/10/2014","8.6","8.6","8.6","8.6","8.6","0.0000","      ","2014-10-27"
"28/10/2014","8.6","8.6","8.6","8.6","8.6","0.0000","      ","2014-10-28"
"29/10/2014","8.6","8.6","8.6","8.6","8.6","0.0000","      ","2014-10-29"
"30/10/2014","8.6","8.6","8.6","8.6","8.6","0.0000","      ","2014-10-30"
"31/10/2014","8.6","8.6","8.6","8.6","8.6","0.0000","      ","2014-10-31"
"03/11/2014","8.6","8.6","8.6","8.6","8.6","0.0000","      ","2014-11-03"
"04/11/2014","8.5","8.5","8.5","8.5","8.5","0.0000","      ","2014-11-04"
"05/11/2014","8.6","8.6","8.6","8.6","8.6","0.0000","      ","2014-11-05"
"06/11/2014","8.52","8.52","8.52","8.52","8.52","0.0000","      ","2014-11-06"
"07/11/2014","8.6","8.6","8.6","8.6","8.6","0.0000","      ","2014-11-07"
"10/11/2014","8.6","8.6","8.6","8.6","8.6","0.0000","      ","2014-11-10"
"11/11/2014","8.6","8.6","8.6","8.6","8.6","0.0000","      ","2014-11-11"
"12/11/2014","8.6","8.6","8.6","8.6","8.6","0.0000","      ","2014-11-12"
"13/11/2014","8.6","8.6","8.6","8.6","8.6","0.0000","      ","2014-11-13"
"14/11/2014","8.6","8.6","8.6","8.6","8.6","0.0000","      ","2014-11-14"
"17/11/2014","8.6","8.6","8.6","8.6","8.6","0.0000","      ","2014-11-17"
"18/11/2014","8.6","8.6","8.6","8.6","8.6","0.0000","      ","2014-11-18"
"19/11/2014","8.6","8.6","8.6","8.6","8.6","0.0000","      ","2014-11-19"
"20/11/2014","8.6","8.6","8.6","8.6","8.6","0.0000","      ","2014-11-20"
"21/11/2014","8.6","8.6","8.6","8.6","8.6","0.0000","      ","2014-11-21"
"25/11/2014","8.6","8.6","8.6","8.6","8.6","0.0000","      ","2014-11-25"
"26/11/2014","8.6","8.6","8.6","8.6","8.6","0.0000","      ","2014-11-26"
"27/11/2014","8.6","8.6","8.6","8.6","8.6","0.0000","      ","2014-11-27"
"28/11/2014","8.6","8.6","8.6","8.6","8.6","0.0000","      ","2014-11-28"
"29/11/2014","8.6","8.6","8.6","8.6","8.6","0.0000","      ","2014-11-29"
"01/12/2014","8.6","8.6","8.6","8.6","8.6","0.0000","      ","2014-12-01"
"02/12/2014","8.6","8.6","8.6","8.6","8.6","0.0000","      ","2014-12-02"
"03/12/2014","8.6","8.6","8.6","8.6","8.6","0.0000","      ","2014-12-03"
"04/12/2014","8.6","8.6","8.6","8.6","8.6","0.0000","      ","2014-12-04"
"05/12/2014","8.6","8.6","8.6","8.6","8.6","0.0000","      ","2014-12-05"
"09/12/2014","8.6","8.6","8.6","8.6","8.6","0.0000","      ","2014-12-09"
"10/12/2014","8.6","8.6","8.6","8.6","8.6","0.0000","      ","2014-12-10"
"11/12/2014","8.6","8.6","8.6","8.6","8.6","0.0000","      ","2014-12-11"
"12/12/2014","8.6","8.6","8.6","8.6","8.6","0.0000","      ","2014-12-12"
"15/12/2014","8.6","8.6","8.6","8.6","8.6","0.0000","      ","2014-12-15"
"16/12/2014","8.6","8.6","8.6","8.6","8.6","0.0000","      ","2014-12-16"
"17/12/2014","8.6","8.6","8.6","8.6","8.6","0.0000","      ","2014-12-17"
"18/12/2014","8.6","8.6","8.6","8.6","8.6","0.0000","      ","2014-12-18"
"19/12/2014","8.6","8.6","8.6","8.6","8.6","0.0000","      ","2014-12-19"
"22/12/2014","8.6","8.6","8.6","8.6","8.6","0.0000","      ","2014-12-22"
"23/12/2014","8.6","8.6","8.6","8.6","8.6","0.0000","      ","2014-12-23"
"24/12/2014","8.6","8.6","8.6","8.6","8.6","0.0000","      ","2014-12-24"
"29/12/2014","8.6","8.6","8.6","8.6","8.6","0.0000","      ","2014-12-29"
"30/12/2014","8.6","8.6","8.6","8.6","8.6","0.0000","      ","2014-12-30"
"31/12/2014","8.6","8.6","8.6","8.6","8.6","0.0000","      ","2014-12-31"
"02/01/2015","8.6","8.6","8.6","8.6","8.6","0.0000","      ","2015-01-02"
"05/01/2015","8.6","8.6","8.6","8.6","8.6","0.0000","      ","2015-01-05"
"06/01/2015","8.6","8.6","8.6","8.6","8.6","0.0000","      ","2015-01-06"
"07/01/2015","8.6","8.6","8.6","8.6","8.6","0.0000","      ","2015-01-07"
"08/01/2015","8.7","8.7","8.7","8.7","8.7","0.0000","      ","2015-01-08"
"09/01/2015","8.7","8.7","8.7","8.7","8.7","0.0000","      ","2015-01-09"
"12/01/2015","8.7","8.7","8.7","8.7","8.7","0.0000","      ","2015-01-12"
"13/01/2015","8.7","8.7","8.7","8.7","8.7","0.0000","      ","2015-01-13"
"14/01/2015","8.7","8.7","8.7","8.7","8.7","0.0000","      ","2015-01-14"
"15/01/2015","8.7","8.7","8.7","8.7","8.7","0.0000","      ","2015-01-15"
"16/01/2015","8.7","8.7","8.7","8.7","8.7","0.0000","      ","2015-01-16"
"19/01/2015","8.7","8.7","8.7","8.7","8.7","0.0000","      ","2015-01-19"
"20/01/2015","8.7","8.7","8.7","8.7","8.7","0.0000","      ","2015-01-20"
"21/01/2015","8.7","8.7","8.7","8.7","8.7","0.0000","      ","2015-01-21"
"22/01/2015","8.7","8.7","8.7","8.7","8.7","0.0000","      ","2015-01-22"
"23/01/2015","8.7","8.7","8.7","8.7","8.7","0.0000","      ","2015-01-23"
"24/01/2015","8.7","8.7","8.7","8.7","8.7","0.0000","      ","2015-01-24"
"26/01/2015","8.7","8.7","8.7","8.7","8.7","0.0000","      ","2015-01-26"
"27/01/2015","8.7","8.7","8.7","8.7","8.7","0.0000","      ","2015-01-27"
"28/01/2015","8.7","8.7","8.7","8.7","8.7","0.0000","      ","2015-01-28"
"29/01/2015","8.7","8.7","8.7","8.7","8.7","0.0000","      ","2015-01-29"
"30/01/2015","8.7","8.7","8.7","8.7","8.7","0.0000","      ","2015-01-30"
"02/02/2015","8.7","8.7","8.7","8.7","8.7","0.0000","      ","2015-02-02"
"03/02/2015","8.7","8.7","8.7","8.7","8.7","0.0000","      ","2015-02-03"
"04/02/2015","8.7","8.7","8.7","8.7","8.7","0.0000","      ","2015-02-04"
"05/02/2015","8.7","8.7","8.7","8.7","8.7","0.0000","      ","2015-02-05"
"06/02/2015","8.7","8.7","8.7","8.7","8.7","0.0000","      ","2015-02-06"
"07/02/2015","8.7","8.7","8.7","8.7","8.7","0.0000","      ","2015-02-07"
"09/02/2015","8.7","8.7","8.7","8.7","8.7","0.0000","      ","2015-02-09"
"10/02/2015","8.7","8.7","8.7","8.7","8.7","0.0000","      ","2015-02-10"
"11/02/2015","8.8","8.8","8.8","8.8","8.8","0.0000","      ","2015-02-11"
"12/02/2015","8.8","8.8","8.8","8.8","8.8","0.0000","      ","2015-02-12"
"13/02/2015","8.8","8.8","8.8","8.8","8.8","0.0000","      ","2015-02-13"
"18/02/2015","8.8","8.8","8.8","8.8","8.8","0.0000","      ","2015-02-18"
"19/02/2015","8.8","8.8","8.8","8.8","8.8","0.0000","      ","2015-02-19"
"20/02/2015","8.8","8.8","8.8","8.8","8.8","0.0000","      ","2015-02-20"
"23/02/2015","8.8","8.8","8.8","8.8","8.8","0.0000","      ","2015-02-23"
"24/02/2015","8.8","8.8","8.8","8.8","8.8","0.0000","      ","2015-02-24"
"25/02/2015","8.8","8.8","8.8","8.8","8.8","0.0000","      ","2015-02-25"
"26/02/2015","8.8","8.8","8.8","8.8","8.8","0.0000","      ","2015-02-26"
"27/02/2015","8.8","8.8","8.8","8.8","8.8","0.0000","      ","2015-02-27"
"02/03/2015","8.8","8.8","8.8","8.8","8.8","0.0000","      ","2015-03-02"
"03/03/2015","8.8","8.8","8.8","8.8","8.8","0.0000","      ","2015-03-03"
"04/03/2015","8.8","8.8","8.8","8.8","8.8","0.0000","      ","2015-03-04"
"05/03/2015","8.8","8.8","8.8","8.8","8.8","0.0000","      ","2015-03-05"
"06/03/2015","8.8","8.8","8.8","8.8","8.8","0.0000","      ","2015-03-06"
"07/03/2015","8.8","8.8","8.8","8.8","8.8","0.0000","      ","2015-03-07"
"09/03/2015","8.8","8.8","8.8","8.8","8.8","0.0000","      ","2015-03-09"
"10/03/2015","8.8","8.8","8.8","8.8","8.8","0.0000","      ","2015-03-10"
"11/03/2015","8.8","8.8","8.8","8.8","8.8","0.0000","      ","2015-03-11"
"12/03/2015","8.8","8.8","8.8","8.8","8.8","0.0000","      ","2015-03-12"
"13/03/2015","8.9","8.9","8.9","8.9","8.9","0.0000","      ","2015-03-13"
"16/03/2015","8.8","8.8","8.8","8.8","8.8","0.0000","      ","2015-03-16"
"17/03/2015","8.9","8.9","8.9","8.9","8.9","0.0000","      ","2015-03-17"
"18/03/2015","8.9","8.9","8.9","8.9","8.9","0.0000","      ","2015-03-18"
"19/03/2015","8.9","8.9","8.9","8.9","8.9","0.0000","      ","2015-03-19"
"20/03/2015","8.9","8.9","8.9","8.9","8.9","0.0000","      ","2015-03-20"
"25/03/2015","8.9","8.9","8.9","8.9","8.9","0.0000","      ","2015-03-25"
"26/03/2015","8.9","8.9","8.9","8.9","8.9","0.0000","      ","2015-03-26"
"27/03/2015","8.9","8.9","8.9","8.9","8.9","0.0000","      ","2015-03-27"
"30/03/2015","8.9","8.9","8.9","8.9","8.9","0.0000","      ","2015-03-30"
"31/03/2015","8.9","8.9","8.9","8.9","8.9","0.0000","      ","2015-03-31"
"01/04/2015","8.9","8.9","8.9","8.9","8.9","0.0000","      ","2015-04-01"
"06/04/2015","8.9","8.9","8.9","8.9","8.9","0.0000","      ","2015-04-06"
"07/04/2015","8.9","8.9","8.9","8.9","8.9","0.0000","      ","2015-04-07"
"08/04/2015","8.9","8.9","8.9","8.9","8.9","0.0000","      ","2015-04-08"
"09/04/2015","8.9","8.9","8.9","8.9","8.9","0.0000","      ","2015-04-09"
"10/04/2015","8.9","8.9","8.9","8.9","8.9","0.0000","      ","2015-04-10"
"11/04/2015","8.9","8.9","8.9","8.9","8.9","0.0000","      ","2015-04-11"
"13/04/2015","8.86","8.86","8.86","8.86","8.86","0.0000","      ","2015-04-13"
"14/04/2015","8.9","8.9","8.9","8.9","8.9","0.0000","      ","2015-04-14"
"15/04/2015","8.9","8.9","8.9","8.9","8.9","0.0000","      ","2015-04-15"
"16/04/2015","8.9","8.9","8.9","8.9","8.9","0.0000","      ","2015-04-16"
"17/04/2015","8.9","8.9","8.9","8.9","8.9","0.0000","      ","2015-04-17"
"19/04/2015","8.9","8.9","8.9","8.9","8.9","0.0000","      ","2015-04-19"
"20/04/2015","8.9","8.9","8.9","8.9","8.9","0.0000","      ","2015-04-20"
"21/04/2015","8.9","8.9","8.9","8.9","8.9","0.0000","      ","2015-04-21"
"22/04/2015","8.9","8.9","8.9","8.9","8.9","0.0000","      ","2015-04-22"
"23/04/2015","8.9","8.9","8.9","8.9","8.9","0.0000","      ","2015-04-23"
"24/04/2015","8.9","8.9","8.9","8.9","8.9","0.0000","      ","2015-04-24"
"25/04/2015","8.9","8.9","8.9","8.9","8.9","0.0000","      ","2015-04-25"
"27/04/2015","8.9","8.9","8.9","8.9","8.9","0.0000","      ","2015-04-27"
"28/04/2015","8.9","8.9","8.9","8.9","8.9","0.0000","      ","2015-04-28"
"29/04/2015","8.9","8.9","8.9","8.9","8.9","0.0000","      ","2015-04-29"
"30/04/2015","8.9","8.9","8.9","8.9","8.9","0.0000","      ","2015-04-30"
"04/05/2015","8.9","8.9","8.9","8.9","8.9","0.0000","      ","2015-05-04"
"05/05/2015","8.95","8.95","8.95","8.95","8.95","0.0000","      ","2015-05-05"
"06/05/2015","8.95","8.95","8.95","8.95","8.95","0.0000","      ","2015-05-06"
"07/05/2015","8.95","8.95","8.95","8.95","8.95","0.0000","      ","2015-05-07"
"08/05/2015","8.95","8.95","8.95","8.95","8.95","0.0000","      ","2015-05-08"
"09/05/2015","8.95","8.95","8.95","8.95","8.95","0.0000","      ","2015-05-09"
"11/05/2015","8.95","8.95","8.95","8.95","8.95","0.0000","      ","2015-05-11"
"12/05/2015","9","9","9","9","9","0.0000","      ","2015-05-12"
"13/05/2015","9","9","9","9","9","0.0000","      ","2015-05-13"
"14/05/2015","9","9","9","9","9","0.0000","      ","2015-05-14"
"15/05/2015","9","9","9","9","9","0.0000","      ","2015-05-15"
"18/05/2015","9","9","9","9","9","0.0000","      ","2015-05-18"
"19/05/2015","9","9","9","9","9","0.0000","      ","2015-05-19"
"20/05/2015","9","9","9","9","9","0.0000","      ","2015-05-20"
"21/05/2015","9","9","9","9","9","0.0000","      ","2015-05-21"
"22/05/2015","9","9","9","9","9","0.0000","      ","2015-05-22"
"23/05/2015","9","9","9","9","9","0.0000","      ","2015-05-23"
"26/05/2015","9","9","9","9","9","0.0000","      ","2015-05-26"
"27/05/2015","9","9","9","9","9","0.0000","      ","2015-05-27"
"28/05/2015","9.1","9.1","9.1","9.1","9.1","0.0000","      ","2015-05-28"
"29/05/2015","9.1","9.1","9.1","9.1","9.1","0.0000","      ","2015-05-29"
"01/06/2015","9.1","9.1","9.1","9.1","9.1","0.0000","      ","2015-06-01"
"02/06/2015","9.1","9.1","9.1","9.1","9.1","0.0000","      ","2015-06-02"
"03/06/2015","9.1","9.1","9.1","9.1","9.1","0.0000","      ","2015-06-03"
"04/06/2015","9.1","9.1","9.1","9.1","9.1","0.0000","      ","2015-06-04"
"05/06/2015","9.1","9.1","9.1","9.1","9.1","0.0000","      ","2015-06-05"
"08/06/2015","9.1","9.1","9.1","9.1","9.1","0.0000","      ","2015-06-08"
"09/06/2015","9.1","9.1","9.1","9.1","9.1","0.0000","      ","2015-06-09"
"10/06/2015","9.1","9.1","9.1","9.1","9.1","0.0000","      ","2015-06-10"
"11/06/2015","9.1","9.1","9.1","9.1","9.1","0.0000","      ","2015-06-11"
"12/06/2015","9.1","9.1","9.1","9.1","9.1","0.0000","      ","2015-06-12"
"15/06/2015","9.1","9.1","9.1","9.1","9.1","0.0000","      ","2015-06-15"
"16/06/2015","9.1","9.1","9.1","9.1","9.1","0.0000","      ","2015-06-16"
"17/06/2015","9.1","9.1","9.1","9.1","9.1","0.0000","      ","2015-06-17"
"18/06/2015","9.1","9.1","9.1","9.1","9.1","0.0000","      ","2015-06-18"
"19/06/2015","9.1","9.1","9.1","9.1","9.1","0.0000","      ","2015-06-19"
"22/06/2015","9.1","9.1","9.1","9.1","9.1","0.0000","      ","2015-06-22"
"23/06/2015","9.1","9.1","9.1","9.1","9.1","0.0000","      ","2015-06-23"
"24/06/2015","9.1","9.1","9.1","9.1","9.1","0.0000","      ","2015-06-24"
"25/06/2015","9.15","9.15","9.15","9.15","9.15","0.0000","      ","2015-06-25"
"26/06/2015","9.15","9.15","9.15","9.15","9.15","0.0000","      ","2015-06-26"
"29/06/2015","9.15","9.15","9.15","9.15","9.15","0.0000","      ","2015-06-29"
"30/06/2015","9.15","9.15","9.15","9.15","9.15","0.0000","      ","2015-06-30"
"01/07/2015","9.15","9.15","9.15","9.15","9.15","0.0000","      ","2015-07-01"
"02/07/2015","9.15","9.15","9.15","9.15","9.15","0.0000","      ","2015-07-02"
"03/07/2015","9.15","9.15","9.15","9.15","9.15","0.0000","      ","2015-07-03"
"06/07/2015","9.15","9.15","9.15","9.15","9.15","0.0000","      ","2015-07-06"
"07/07/2015","9.15","9.15","9.15","9.15","9.15","0.0000","      ","2015-07-07"
"08/07/2015","9.2","9.2","9.2","9.2","9.2","0.0000","      ","2015-07-08"
"10/07/2015","9.2","9.2","9.2","9.2","9.2","0.0000","      ","2015-07-10"
"13/07/2015","9.2","9.2","9.2","9.2","9.2","0.0000","      ","2015-07-13"
"14/07/2015","9.2","9.2","9.2","9.2","9.2","0.0000","      ","2015-07-14"
"15/07/2015","9.2","9.2","9.2","9.2","9.2","0.0000","      ","2015-07-15"
"16/07/2015","9.2","9.2","9.2","9.2","9.2","0.0000","      ","2015-07-16"
"17/07/2015","9.25","9.25","9.25","9.25","9.25","0.0000","      ","2015-07-17"
"20/07/2015","9.25","9.25","9.25","9.25","9.25","0.0000","      ","2015-07-20"
"21/07/2015","9.25","9.25","9.25","9.25","9.25","0.0000","      ","2015-07-21"
"22/07/2015","9.25","9.25","9.25","9.25","9.25","0.0000","      ","2015-07-22"
"23/07/2015","9.25","9.25","9.25","9.25","9.25","0.0000","      ","2015-07-23"
"24/07/2015","9.25","9.25","9.25","9.25","9.25","0.0000","      ","2015-07-24"
"27/07/2015","9.25","9.25","9.25","9.25","9.25","0.0000","      ","2015-07-27"
"28/07/2015","9.25","9.25","9.25","9.25","9.25","0.0000","      ","2015-07-28"
"29/07/2015","9.25","9.25","9.25","9.25","9.25","0.0000","      ","2015-07-29"
"30/07/2015","9.3","9.3","9.3","9.3","9.3","0.0000","      ","2015-07-30"
"31/07/2015","9.3","9.3","9.3","9.3","9.3","0.0000","      ","2015-07-31"
"03/08/2015","9.3","9.3","9.3","9.3","9.3","0.0000","      ","2015-08-03"
"04/08/2015","9.3","9.3","9.3","9.3","9.3","0.0000","      ","2015-08-04"
"05/08/2015","9.3","9.3","9.3","9.3","9.3","0.0000","      ","2015-08-05"
"06/08/2015","9.3","9.3","9.3","9.3","9.3","0.0000","      ","2015-08-06"
"07/08/2015","9.3","9.3","9.3","9.3","9.3","0.0000","      ","2015-08-07"
"10/08/2015","9.3","9.3","9.3","9.3","9.3","0.0000","      ","2015-08-10"
"11/08/2015","9.3","9.3","9.3","9.3","9.3","0.0000","      ","2015-08-11"
"12/08/2015","9.3","9.3","9.3","9.3","9.3","0.0000","      ","2015-08-12"
"13/08/2015","9.3","9.3","9.3","9.3","9.3","0.0000","      ","2015-08-13"
"14/08/2015","9.25","9.25","9.25","9.25","9.25","0.0000","      ","2015-08-14"
"18/08/2015","9.25","9.25","9.25","9.25","9.25","0.0000","      ","2015-08-18"
"19/08/2015","9.3","9.3","9.3","9.3","9.3","0.0000","      ","2015-08-19"
"20/08/2015","9.3","9.3","9.3","9.3","9.3","0.0000","      ","2015-08-20"
"21/08/2015","9.3","9.3","9.3","9.3","9.3","0.0000","      ","2015-08-21"
"22/08/2015","9.3","9.3","9.3","9.3","9.3","0.0000","      ","2015-08-22"
"24/08/2015","9.35","9.35","9.35","9.35","9.35","0.0000","      ","2015-08-24"
"25/08/2015","9.35","9.35","9.35","9.35","9.35","0.0000","      ","2015-08-25"
"26/08/2015","9.35","9.35","9.35","9.35","9.35","0.0000","      ","2015-08-26"
"27/08/2015","9.35","9.35","9.35","9.35","9.35","0.0000","      ","2015-08-27"
"28/08/2015","9.35","9.35","9.35","9.35","9.35","0.0000","      ","2015-08-28"
"31/08/2015","9.35","9.35","9.35","9.35","9.35","0.0000","      ","2015-08-31"
"01/09/2015","9.3","9.3","9.3","9.3","9.3","0.0000","      ","2015-09-01"
"02/09/2015","9.35","9.35","9.35","9.35","9.35","0.0000","      ","2015-09-02"
"03/09/2015","9.35","9.35","9.35","9.35","9.35","0.0000","      ","2015-09-03"
"04/09/2015","9.35","9.35","9.35","9.35","9.35","0.0000","      ","2015-09-04"
"05/09/2015","9.35","9.35","9.35","9.35","9.35","0.0000","      ","2015-09-05"
"07/09/2015","9.35","9.35","9.35","9.35","9.35","0.0000","      ","2015-09-07"
"08/09/2015","9.4","9.4","9.4","9.4","9.4","0.0000","      ","2015-09-08"
"09/09/2015","9.4","9.4","9.4","9.4","9.4","0.0000","      ","2015-09-09"
"10/09/2015","9.4","9.4","9.4","9.4","9.4","0.0000","      ","2015-09-10"
"11/09/2015","9.4","9.4","9.4","9.4","9.4","0.0000","      ","2015-09-11"
"12/09/2015","9.4","9.4","9.4","9.4","9.4","0.0000","      ","2015-09-12"
"14/09/2015","9.4","9.4","9.4","9.4","9.4","0.0000","      ","2015-09-14"
"15/09/2015","9.4","9.4","9.4","9.4","9.4","0.0000","      ","2015-09-15"
"16/09/2015","9.45","9.45","9.45","9.45","9.45","0.0000","      ","2015-09-16"
"17/09/2015","9.45","9.45","9.45","9.45","9.45","0.0000","      ","2015-09-17"
"18/09/2015","9.45","9.45","9.45","9.45","9.45","0.0000","      ","2015-09-18"
"21/09/2015","9.45","9.45","9.45","9.45","9.45","0.0000","      ","2015-09-21"
"22/09/2015","9.45","9.45","9.45","9.45","9.45","0.0000","      ","2015-09-22"
"23/09/2015","9.45","9.45","9.45","9.45","9.45","0.0000","      ","2015-09-23"
"24/09/2015","9.45","9.45","9.45","9.45","9.45","0.0000","      ","2015-09-24"
"25/09/2015","9.45","9.45","9.45","9.45","9.45","0.0000","      ","2015-09-25"
"28/09/2015","9.45","9.45","9.45","9.45","9.45","0.0000","      ","2015-09-28"
"29/09/2015","9.45","9.45","9.45","9.45","9.45","0.0000","      ","2015-09-29"
"30/09/2015","9.5","9.5","9.5","9.5","9.5","0.0000","      ","2015-09-30"
"01/10/2015","9.5","9.5","9.5","9.5","9.5","0.0000","      ","2015-10-01"
"02/10/2015","9.5","9.5","9.5","9.5","9.5","0.0000","      ","2015-10-02"
"05/10/2015","9.5","9.5","9.5","9.5","9.5","0.0000","      ","2015-10-05"
"06/10/2015","9.5","9.5","9.5","9.5","9.5","0.0000","      ","2015-10-06"
"07/10/2015","9.5","9.5","9.5","9.5","9.5","0.0000","      ","2015-10-07"
"08/10/2015","9.5","9.5","9.5","9.5","9.5","0.0000","      ","2015-10-08"
"09/10/2015","9.5","9.5","9.5","9.5","9.5","0.0000","      ","2015-10-09"
"13/10/2015","9.5","9.5","9.5","9.5","9.5","0.0000","      ","2015-10-13"
"14/10/2015","9.5","9.5","9.5","9.5","9.5","0.0000","      ","2015-10-14"
"15/10/2015","9.5","9.5","9.5","9.5","9.5","0.0000","      ","2015-10-15"
"16/10/2015","9.5","9.5","9.5","9.5","9.5","0.0000","      ","2015-10-16"
"19/10/2015","9.55","9.55","9.55","9.55","9.55","0.0000","      ","2015-10-19"
"20/10/2015","9.55","9.55","9.55","9.55","9.55","0.0000","      ","2015-10-20"
"21/10/2015","9.55","9.55","9.55","9.55","9.55","0.0000","      ","2015-10-21"
"22/10/2015","9.55","9.55","9.55","9.55","9.55","0.0000","      ","2015-10-22"
"23/10/2015","9.55","9.55","9.55","9.55","9.55","0.0000","      ","2015-10-23"
"26/10/2015","9.55","9.55","9.55","9.55","9.55","0.0000","      ","2015-10-26"
"27/10/2015","9.55","9.55","9.55","9.55","9.55","0.0000","      ","2015-10-27"
"28/10/2015","9.6","9.6","9.6","9.6","9.6","0.0000","      ","2015-10-28"
"29/10/2015","9.6","9.6","9.6","9.6","9.6","0.0000","      ","2015-10-29"
"30/10/2015","9.6","9.6","9.6","9.6","9.6","0.0000","      ","2015-10-30"
"02/11/2015","9.6","9.6","9.6","9.6","9.6","0.0000","      ","2015-11-02"
"03/11/2015","9.6","9.6","9.6","9.6","9.6","0.0000","      ","2015-11-03"
"04/11/2015","9.6","9.6","9.6","9.6","9.6","0.0000","      ","2015-11-04"
"05/11/2015","9.65","9.65","9.65","9.65","9.65","0.0000","      ","2015-11-05"
"06/11/2015","9.65","9.65","9.65","9.65","9.65","0.0000","      ","2015-11-06"
"09/11/2015","9.65","9.65","9.65","9.65","9.65","0.0000","      ","2015-11-09"
"10/11/2015","9.65","9.65","9.65","9.65","9.65","0.0000","      ","2015-11-10"
"11/11/2015","9.65","9.65","9.65","9.65","9.65","0.0000","      ","2015-11-11"
"12/11/2015","9.65","9.65","9.65","9.65","9.65","0.0000","      ","2015-11-12"
"13/11/2015","9.7","9.7","9.7","9.7","9.7","0.0000","      ","2015-11-13"
"16/11/2015","9.7","9.7","9.7","9.7","9.7","0.0000","      ","2015-11-16"
"17/11/2015","9.7","9.7","9.7","9.7","9.7","0.0000","      ","2015-11-17"
"18/11/2015","9.7","9.7","9.7","9.7","9.7","0.0000","      ","2015-11-18"
"19/11/2015","9.7","9.7","9.7","9.7","9.7","0.0000","      ","2015-11-19"
"20/11/2015","9.7","9.7","9.7","9.7","9.7","0.0000","      ","2015-11-20"
"23/11/2015","9.7","9.7","9.7","9.7","9.7","0.0000","      ","2015-11-23"
"24/11/2015","9.75","9.75","9.75","9.75","9.75","0.0000","      ","2015-11-24"
"25/11/2015","9.75","9.75","9.75","9.75","9.75","0.0000","      ","2015-11-25"
"26/11/2015","9.75","9.75","9.75","9.75","9.75","0.0000","      ","2015-11-26"
"28/11/2015","9.75","9.75","9.75","9.75","9.75","0.0000","      ","2015-11-28"
"30/11/2015","9.75","9.75","9.75","9.75","9.75","0.0000","      ","2015-11-30"
"01/12/2015","9.75","9.75","9.75","9.75","9.75","0.0000","      ","2015-12-01"
"02/12/2015","9.8","9.8","9.8","9.8","9.8","0.0000","      ","2015-12-02"
"03/12/2015","9.8","9.8","9.8","9.8","9.8","0.0000","      ","2015-12-03"
"04/12/2015","9.8","9.8","9.8","9.8","9.8","0.0000","      ","2015-12-04"
"09/12/2015","9.9","9.9","9.9","9.9","9.9","0.0000","      ","2015-12-09"
"10/12/2015","9.9","9.9","9.9","9.9","9.9","0.0000","      ","2015-12-10"
"11/12/2015","9.9","9.9","9.9","9.9","9.9","0.0000","      ","2015-12-11"
"12/12/2015","9.9","9.9","9.9","9.9","9.9","0.0000","      ","2015-12-12"
"14/12/2015","10","10","10","10","10","0.0000","      ","2015-12-14"
"15/12/2015","15","15","15","15","15","0.0000","      ","2015-12-15"
"16/12/2015","15","15","15","15","15","0.0000","      ","2015-12-16"
"17/12/2015","15","15","15","15","15","0.0000","      ","2015-12-17"
"18/12/2015","14","14","14","14","14","0.0000","      ","2015-12-18"
"21/12/2015","13","13","13","13","13","0.0000","      ","2015-12-21"
"22/12/2015","13","13","13","13","13","0.0000","      ","2015-12-22"
"23/12/2015","13.2","13.2","13.2","13.2","13.2","0.0000","      ","2015-12-23"
"24/12/2015","13.2","13.2","13.2","13.2","13.2","0.0000","      ","2015-12-24"
"26/12/2015","13.3","13.3","13.3","13.3","13.3","0.0000","      ","2015-12-26"
"28/12/2015","13.3","13.3","13.3","13.3","13.3","0.0000","      ","2015-12-28"
"29/12/2015","13.3","13.3","13.3","13.3","13.3","0.0000","      ","2015-12-29"
"30/12/2015","13.3","13.3","13.3","13.3","13.3","0.0000","      ","2015-12-30"
"31/12/2015","13.3","13.3","13.3","13.3","13.3","0.0000","      ","2015-12-31"
"04/01/2016","13.3","13.3","13.3","13.3","13.3","0.0000","      ","2016-01-04"
"05/01/2016","13.8","13.8","13.8","13.8","13.8","0.0000","      ","2016-01-05"
"06/01/2016","13.8","13.8","13.8","13.8","13.8","0.0000","      ","2016-01-06"
"07/01/2016","12.5","12.5","12.5","12.5","12.5","0.0000","      ","2016-01-07"
"08/01/2016","12.5","12.5","12.5","12.5","12.5","0.0000","      ","2016-01-08"
"11/01/2016","14","14","14","14","14","0.0000","      ","2016-01-11"
"12/01/2016","14","14","14","14","14","0.0000","      ","2016-01-12"
"13/01/2016","13.8","13.8","13.8","13.8","13.8","0.0000","      ","2016-01-13"
"14/01/2016","13.8","13.8","13.8","13.8","13.8","0.0000","      ","2016-01-14"
"15/01/2016","13.8","13.8","13.8","13.8","13.8","0.0000","      ","2016-01-15"
"18/01/2016","13.95","13.95","13.95","13.95","13.95","0.0000","      ","2016-01-18"
"19/01/2016","13.95","13.95","13.95","13.95","13.95","0.0000","      ","2016-01-19"
"20/01/2016","13.95","13.95","13.95","13.95","13.95","0.0000","      ","2016-01-20"
"21/01/2016","13.95","13.95","13.95","13.95","13.95","0.0000","      ","2016-01-21"
"22/01/2016","13.95","13.95","13.95","13.95","13.95","0.0000","      ","2016-01-22"
"25/01/2016","13.95","13.95","13.95","13.95","13.95","0.0000","      ","2016-01-25"
"26/01/2016","13.95","13.95","13.95","13.95","13.95","0.0000","      ","2016-01-26"
"27/01/2016","13","13","13","13","13","0.0000","      ","2016-01-27"
"28/01/2016","14.15","14.1","14.1","14.1","14.1","0.0000","      ","2016-01-28"
"29/01/2016","14.1","14.1","14.1","14.1","14.1","0.0000","      ","2016-01-29"
"01/02/2016","14.1","14.1","14.1","14.1","14.1","0.0000","      ","2016-02-01"
"02/02/2016","12.5","12.5","12.5","12.5","12.5","0.0000","      ","2016-02-02"
"03/02/2016","14.25","14.25","14.25","14.25","14.25","0.0000","      ","2016-02-03"
"04/02/2016","14.25","14.25","14.25","14.25","14.25","0.0000","      ","2016-02-04"
"05/02/2016","14","12.5","12.5","12.5","12.5","0.0000","      ","2016-02-05"
"10/02/2016","14.45","14.45","14.45","14.45","14.45","0.0000","      ","2016-02-10"
"11/02/2016","14.6","14.6","14.6","14.6","14.6","0.0000","      ","2016-02-11"
"12/02/2016","14.7","14.7","14.7","14.7","14.7","0.0000","      ","2016-02-12"
"15/02/2016","14.9","14.9","14.9","14.9","14.9","0.0000","      ","2016-02-15"
"16/02/2016","14.9","14.9","14.9","14.9","14.9","0.0000","      ","2016-02-16"
"17/02/2016","14","14.95","14.95","14.95","14.95","0.0000","      ","2016-02-17"
"18/02/2016","14","15.05","15.05","15.05","15.05","0.0000","      ","2016-02-18"
"19/02/2016","15.2","15.2","15.2","15.2","15.2","0.0000","      ","2016-02-19"
"22/02/2016","15.2","15.2","15.2","15.2","15.2","0.0000","      ","2016-02-22"
"23/02/2016","15.3","15.3","15.3","15.3","15.3","0.0000","      ","2016-02-23"
"24/02/2016","15.6","15.6","15.6","15.6","15.6","0.0000","      ","2016-02-24"
"25/02/2016","15.6","15.6","15.6","15.6","15.6","0.0000","      ","2016-02-25"
"26/02/2016","15.6","15.6","15.6","15.6","15.6","0.0000","      ","2016-02-26"
"29/02/2016","15.6","15.6","15.6","15.6","15.6","0.0000","      ","2016-02-29"
"01/03/2016","14","15.9","15.9","15.9","15.9","0.0000","      ","2016-03-01"
"02/03/2016","15.95","15.95","15.95","15.95","15.95","0.0000","      ","2016-03-02"
"03/03/2016","15.95","15.95","15.95","15.95","15.95","0.0000","      ","2016-03-03"
"04/03/2016","15.5","15.5","15.5","15.5","15.5","0.0000","      ","2016-03-04"
"07/03/2016","15.5","15.5","15.5","15.5","15.5","0.0000","      ","2016-03-07"
"08/03/2016","15.5","15.5","15.5","15.5","15.5","0.0000","      ","2016-03-08"
"09/03/2016","15.6","15.6","15.6","15.6","15.6","0.0000","      ","2016-03-09"
"10/03/2016","15.6","15.6","15.6","15.6","15.6","0.0000","      ","2016-03-10"
"11/03/2016","15.6","15.6","15.6","15.6","15.6","0.0000","      ","2016-03-11"
"14/03/2016","15.5","15.5","15.5","15.5","15.5","0.0000","      ","2016-03-14"
"15/03/2016","15.2","15.2","15.2","15.2","15.2","0.0000","      ","2016-03-15"
"16/03/2016","15.1","15.1","15.1","15.1","15.1","0.0000","      ","2016-03-16"
"17/03/2016","15","15","15","15","15","0.0000","      ","2016-03-17"
"18/03/2016","15.1","15.1","15.1","15.1","15.1","0.0000","      ","2016-03-18"
"19/03/2016","15.1","15.1","15.1","15.1","15.1","0.0000","      ","2016-03-19"
"21/03/2016","15","15","15","15","15","0.0000","      ","2016-03-21"
"22/03/2016","14.8","15","15","15","15","0.0000","      ","2016-03-22"
"23/03/2016","15.5","15","15","15","15","0.0000","      ","2016-03-23"
"28/03/2016","14.8","14.8","14.8","14.8","14.8","0.0000","      ","2016-03-28"
"29/03/2016","14","15.1","15.1","15.1","15.1","0.0000","      ","2016-03-29"
"30/03/2016","15.1","15.1","15.1","15.1","15.1","0.0000","      ","2016-03-30"
"31/03/2016","15.1","15.1","15.1","15.1","15.1","0.0000","      ","2016-03-31"
"01/04/2016","15","15","15","15","15","0.0000","      ","2016-04-01"
"04/04/2016","15.1","15.1","15.1","15.1","15.1","0.0000","      ","2016-04-04"
"05/04/2016","15.2","15.2","15.2","15.2","15.2","0.0000","      ","2016-04-05"
"06/04/2016","15.1","15.1","15.1","15.1","15.1","0.0000","      ","2016-04-06"
"07/04/2016","15","15","15","15","15","0.0000","      ","2016-04-07"
"08/04/2016","15","15","15","15","15","0.0000","      ","2016-04-08"
"11/04/2016","15","15","15","15","15","0.0000","      ","2016-04-11"
"12/04/2016","15","15","15","15","15","0.0000","      ","2016-04-12"
"13/04/2016","15","15","15","15","15","0.0000","      ","2016-04-13"
"14/04/2016","15","15","15","15","15","0.0000","      ","2016-04-14"
"15/04/2016","15","15","15","15","15","0.0000","      ","2016-04-15"
"18/04/2016","14.8","14.8","14.8","14.8","14.8","0.0000","      ","2016-04-18"
"19/04/2016","14.8","14.8","14.8","14.8","14.8","0.0000","      ","2016-04-19"
"20/04/2016","14.8","14.8","14.8","14.8","14.8","0.0000","      ","2016-04-20"
"21/04/2016","14.8","14.8","14.8","14.8","14.8","0.0000","      ","2016-04-21"
"22/04/2016","14.8","14.8","14.8","14.8","14.8","0.0000","      ","2016-04-22"
"25/04/2016","14.8","14.8","14.8","14.8","14.8","0.0000","      ","2016-04-25"
"26/04/2016","14","14.8","14.8","14.8","14.8","0.0000","      ","2016-04-26"
"27/04/2016","14.8","14.8","14.8","14.8","14.8","0.0000","      ","2016-04-27"
"28/04/2016","14.8","14.8","14.8","14.8","14.8","0.0000","      ","2016-04-28"
"29/04/2016","14.8","14.8","14.8","14.8","14.8","0.0000","      ","2016-04-29"
"02/05/2016","14.8","14.8","14.8","14.8","14.8","0.0000","      ","2016-05-02"
"03/05/2016","14.8","14.8","14.8","14.8","14.8","0.0000","      ","2016-05-03"
"04/05/2016","14.8","14.8","14.8","14.8","14.8","0.0000","      ","2016-05-04"
"05/05/2016","14.8","14.8","14.8","14.8","14.8","0.0000","      ","2016-05-05"
"06/05/2016","14.8","14.8","14.8","14.8","14.8","0.0000","      ","2016-05-06"
"07/05/2016","14.8","14.8","14.8","14.8","14.8","0.0000","      ","2016-05-07"
"09/05/2016","14.8","14.8","14.8","14.8","14.8","0.0000","      ","2016-05-09"
"10/05/2016","14.8","14.8","14.8","14.8","14.8","0.0000","      ","2016-05-10"
"11/05/2016","14.8","14.8","14.8","14.8","14.8","0.0000","      ","2016-05-11"
"12/05/2016","14.8","14.8","14.8","14.8","14.8","0.0000","      ","2016-05-12"
"13/05/2016","14.8","14.8","14.8","14.8","14.8","0.0000","      ","2016-05-13"
"16/05/2016","14.8","14.8","14.8","14.8","14.8","0.0000","      ","2016-05-16"
"17/05/2016","14.8","14.8","14.8","14.8","14.8","0.0000","      ","2016-05-17"
"18/05/2016","14.8","14.8","14.8","14.8","14.8","0.0000","      ","2016-05-18"
"19/05/2016","14.8","14.8","14.8","14.8","14.8","0.0000","      ","2016-05-19"
"20/05/2016","14.8","14.8","14.8","14.8","14.8","0.0000","      ","2016-05-20"
"23/05/2016","14.8","14.8","14.8","14.8","14.8","0.0000","      ","2016-05-23"
"24/05/2016","14.2","14.6","14.6","14.6","14.6","0.0000","      ","2016-05-24"
"26/05/2016","14.6","14.6","14.6","14.6","14.6","0.0000","      ","2016-05-26"
"27/05/2016","14.6","14.6","14.6","14.6","14.6","0.0000","      ","2016-05-27"
"30/05/2016","14.6","14.6","14.6","14.6","14.6","0.0000","      ","2016-05-30"
"31/05/2016","14.6","14.6","14.6","14.6","14.6","0.0000","      ","2016-05-31"
"01/06/2016","14.5","14.5","14.5","14.5","14.5","0.0000","      ","2016-06-01"
"02/06/2016","14.5","14.5","14.5","14.5","14.5","0.0000","      ","2016-06-02"
"03/06/2016","14.5","14.5","14.5","14.5","14.5","0.0000","      ","2016-06-03"
"06/06/2016","14.5","14.5","14.5","14.5","14.5","0.0000","      ","2016-06-06"
"07/06/2016","14.5","14.5","14.5","14.5","14.5","0.0000","      ","2016-06-07"
"08/06/2016","14.5","14.5","14.5","14.5","14.5","0.0000","      ","2016-06-08"
"09/06/2016","14.5","14.5","14.5","14.5","14.5","0.0000","      ","2016-06-09"
"10/06/2016","14.5","14.5","14.5","14.5","14.5","0.0000","      ","2016-06-10"
"11/06/2016","14.5","14.5","14.5","14.5","14.5","0.0000","      ","2016-06-11"
"13/06/2016","14.5","14.5","14.5","14.5","14.5","0.0000","      ","2016-06-13"
"14/06/2016","14.5","14.5","14.5","14.5","14.5","0.0000","      ","2016-06-14"
"15/06/2016","14.5","14.5","14.5","14.5","14.5","0.0000","      ","2016-06-15"
"16/06/2016","14.5","14.5","14.5","14.5","14.5","0.0000","      ","2016-06-16"
"21/06/2016","14.5","14.5","14.5","14.5","14.5","0.0000","      ","2016-06-21"
"22/06/2016","14.5","14.5","14.5","14.5","14.5","0.0000","      ","2016-06-22"
"23/06/2016","14.5","14.5","14.5","14.5","14.5","0.0000","      ","2016-06-23"
"24/06/2016","15","15","15","15","15","0.0000","      ","2016-06-24"
"25/06/2016","15","15","15","15","15","0.0000","      ","2016-06-25"
"27/06/2016","15.5","15.5","15.5","15.5","15.5","0.0000","      ","2016-06-27"
"28/06/2016","16","16","16","16","16","0.0000","      ","2016-06-28"
"29/06/2016","15.5","15.5","15.5","15.5","15.5","0.0000","      ","2016-06-29"
"30/06/2016","15.5","15.5","15.5","15.5","15.5","0.0000","      ","2016-06-30"
"01/07/2016","15.6","15.6","15.6","15.6","15.6","0.0000","      ","2016-07-01"
"04/07/2016","15.6","15.6","15.6","15.6","15.6","0.0000","      ","2016-07-04"
"05/07/2016","15.6","15.6","15.6","15.6","15.6","0.0000","      ","2016-07-05"
"06/07/2016","15.5","15.5","15.5","15.5","15.5","0.0000","      ","2016-07-06"
"07/07/2016","15.5","15.5","15.5","15.5","15.5","0.0000","      ","2016-07-07"
"11/07/2016","15.5","15.5","15.5","15.5","15.5","0.0000","      ","2016-07-11"
"12/07/2016","15.5","15.5","15.5","15.5","15.5","0.0000","      ","2016-07-12"
"13/07/2016","15.5","15.5","15.5","15.5","15.5","0.0000","      ","2016-07-13"
"14/07/2016","15.5","15.5","15.5","15.5","15.5","0.0000","      ","2016-07-14"
"15/07/2016","15.5","15.5","15.5","15.5","15.5","0.0000","      ","2016-07-15"
"18/07/2016","15.5","15.5","15.5","15.5","15.5","0.0000","      ","2016-07-18"
"19/07/2016","15.5","15.6","15.6","15.6","15.6","0.0000","      ","2016-07-19"
"20/07/2016","15.6","15.6","15.6","15.6","15.6","0.0000","      ","2016-07-20"
"21/07/2016","15.2","15.6","15.6","15.6","15.6","0.0000","      ","2016-07-21"
"22/07/2016","15.2","15.6","15.6","15.6","15.6","0.0000","      ","2016-07-22"
"25/07/2016","15","15.5","15.5","15.5","15.5","0.0000","      ","2016-07-25"
"26/07/2016","15.5","15.5","15.5","15.5","15.5","0.0000","      ","2016-07-26"
"27/07/2016","15.5","15.5","15.5","15.5","15.5","0.0000","      ","2016-07-27"
"28/07/2016","15.6","15.6","15.6","15.6","15.6","0.0000","      ","2016-07-28"
"29/07/2016","15.6","15.6","15.6","15.6","15.6","0.0000","      ","2016-07-29"
"01/08/2016","15.6","15.6","15.6","15.6","15.6","0.0000","      ","2016-08-01"
"02/08/2016","15.6","15.6","15.6","15.6","15.6","0.0000","      ","2016-08-02"
"03/08/2016","15.5","15.5","15.5","15.5","15.5","0.0000","      ","2016-08-03"
"04/08/2016","15.5","15.5","15.5","15.5","15.5","0.0000","      ","2016-08-04"
"05/08/2016","15.5","15.5","15.5","15.5","15.5","0.0000","      ","2016-08-05"
"08/08/2016","15.5","15.5","15.5","15.5","15.5","0.0000","      ","2016-08-08"
"09/08/2016","15.5","15.5","15.5","15.5","15.5","0.0000","      ","2016-08-09"
"10/08/2016","15.5","15.5","15.5","15.5","15.5","0.0000","      ","2016-08-10"
"11/08/2016","15.5","15.5","15.5","15.5","15.5","0.0000","      ","2016-08-11"
"12/08/2016","15.5","15.5","15.5","15.5","15.5","0.0000","      ","2016-08-12"
"16/08/2016","15.5","15.5","15.5","15.5","15.5","0.0000","      ","2016-08-16"
"17/08/2016","15.5","15.5","15.5","15.5","15.5","0.0000","      ","2016-08-17"
"18/08/2016","15.5","15.5","15.5","15.5","15.5","0.0000","      ","2016-08-18"
"19/08/2016","15.5","15.5","15.5","15.5","15.5","0.0000","      ","2016-08-19"
"22/08/2016","15.5","15.5","15.5","15.5","15.5","0.0000","      ","2016-08-22"
"23/08/2016","15.5","15.5","15.5","15.5","15.5","0.0000","      ","2016-08-23"
"24/08/2016","15.5","15.5","15.5","15.5","15.5","0.0000","      ","2016-08-24"
"25/08/2016","15.5","15.5","15.5","15.5","15.5","0.0000","      ","2016-08-25"
"26/08/2016","15.5","15.5","15.5","15.5","15.5","0.0000","      ","2016-08-26"
"29/08/2016","15.6","15.6","15.6","15.6","15.6","0.0000","      ","2016-08-29"
"30/08/2016","15.6","15.6","15.6","15.6","15.6","0.0000","      ","2016-08-30"
"31/08/2016","15.6","15.6","15.6","15.6","15.6","0.0000","      ","2016-08-31"
"01/09/2016","15.5","15.5","15.5","15.5","15.5","0.0000","      ","2016-09-01"
"02/09/2016","15.5","15.5","15.5","15.5","15.5","0.0000","      ","2016-09-02"
"05/09/2016","15.5","15.5","15.5","15.5","15.5","0.0000","      ","2016-09-05"
"06/09/2016","15.5","15.5","15.5","15.5","15.5","0.0000","      ","2016-09-06"
"07/09/2016","15.5","15.5","15.5","15.5","15.5","0.0000","      ","2016-09-07"
"08/09/2016","15.5","15.5","15.5","15.5","15.5","0.0000","      ","2016-09-08"
"09/09/2016","15.5","15.5","15.5","15.5","15.5","0.0000","      ","2016-09-09"
"12/09/2016","15.5","15.5","15.5","15.5","15.5","0.0000","      ","2016-09-12"
"13/09/2016","15.5","15.5","15.5","15.5","15.5","0.0000","      ","2016-09-13"
"14/09/2016","15.5","15.5","15.5","15.5","15.5","0.0000","      ","2016-09-14"
"15/09/2016","15.5","15.5","15.5","15.5","15.5","0.0000","      ","2016-09-15"
"16/09/2016","15.5","15.5","15.5","15.5","15.5","0.0000","      ","2016-09-16"
"19/09/2016","15.6","15.6","15.6","15.6","15.6","0.0000","      ","2016-09-19"
"20/09/2016","15.6","15.6","15.6","15.6","15.6","0.0000","      ","2016-09-20"
"21/09/2016","15.6","15.6","15.6","15.6","15.6","0.0000","      ","2016-09-21"
"22/09/2016","15.6","15.6","15.6","15.6","15.6","0.0000","      ","2016-09-22"
"23/09/2016","15.6","15.6","15.6","15.6","15.6","0.0000","      ","2016-09-23"
"26/09/2016","15.6","15.6","15.6","15.6","15.6","0.0000","      ","2016-09-26"
"27/09/2016","15.7","15.7","15.7","15.7","15.7","0.0000","      ","2016-09-27"
"28/09/2016","15.7","15.7","15.7","15.7","15.7","0.0000","      ","2016-09-28"
"29/09/2016","15.7","15.7","15.7","15.7","15.7","0.0000","      ","2016-09-29"
"30/09/2016","15.75","15.75","15.75","15.75","15.75","0.0000","      ","2016-09-30"
"03/10/2016","15.7","15.7","15.7","15.7","15.7","0.0000","      ","2016-10-03"
"04/10/2016","15.6","15.6","15.6","15.6","15.6","0.0000","      ","2016-10-04"
"05/10/2016","15.6","15.6","15.6","15.6","15.6","0.0000","      ","2016-10-05"
"06/10/2016","15.6","15.6","15.6","15.6","15.6","0.0000","      ","2016-10-06"
"07/10/2016","15.6","15.6","15.6","15.6","15.6","0.0000","      ","2016-10-07"
"11/10/2016","15.6","15.6","15.6","15.6","15.6","0.0000","      ","2016-10-11"
"12/10/2016","15.6","15.6","15.6","15.6","15.6","0.0000","      ","2016-10-12"
"13/10/2016","15.6","15.6","15.6","15.6","15.6","0.0000","      ","2016-10-13"
"14/10/2016","15.6","15.6","15.6","15.6","15.6","0.0000","      ","2016-10-14"
"17/10/2016","15.6","15.6","15.6","15.6","15.6","0.0000","      ","2016-10-17"
"18/10/2016","15.6","15.6","15.6","15.6","15.6","0.0000","      ","2016-10-18"
"19/10/2016","15.6","15.6","15.6","15.6","15.6","0.0000","      ","2016-10-19"
"20/10/2016","15.6","15.6","15.6","15.6","15.6","0.0000","      ","2016-10-20"
"21/10/2016","15.6","15.6","15.6","15.6","15.6","0.0000","      ","2016-10-21"
"24/10/2016","15.6","15.6","15.6","15.6","15.6","0.0000","      ","2016-10-24"
"25/10/2016","15.6","15.6","15.6","15.6","15.6","0.0000","      ","2016-10-25"
"26/10/2016","15.6","15.6","15.6","15.6","15.6","0.0000","      ","2016-10-26"
"27/10/2016","15.6","15.6","15.6","15.6","15.6","0.0000","      ","2016-10-27"
"28/10/2016","15.6","15.6","15.6","15.6","15.6","0.0000","      ","2016-10-28"
"29/10/2016","15.6","15.6","15.6","15.6","15.6","0.0000","      ","2016-10-29"
"31/10/2016","15.6","15.6","15.6","15.6","15.6","0.0000","      ","2016-10-31"
"01/11/2016","15.6","15.6","15.6","15.6","15.6","0.0000","      ","2016-11-01"
"02/11/2016","15.6","15.6","15.6","15.6","15.6","0.0000","      ","2016-11-02"
"03/11/2016","15.6","15.6","15.6","15.6","15.6","0.0000","      ","2016-11-03"
"04/11/2016","15.6","15.6","15.6","15.6","15.6","0.0000","      ","2016-11-04"
"07/11/2016","15.6","15.6","15.6","15.6","15.6","0.0000","      ","2016-11-07"
"08/11/2016","15.6","15.6","15.6","15.6","15.6","0.0000","      ","2016-11-08"
"09/11/2016","15.6","15.6","15.5","15.5","15.5","0.0000","      ","2016-11-09"
"10/11/2016","15.4","15.4","15.4","15.4","15.4","0.0000","      ","2016-11-10"
"11/11/2016","15.5","15.5","15.5","15.5","15.5","0.0000","      ","2016-11-11"
"14/11/2016","15.7","15.7","15.7","15.7","15.7","0.0000","      ","2016-11-14"
"15/11/2016","16","16","16","16","16","0.0000","      ","2016-11-15"
"16/11/2016","15.9","15.9","15.9","15.9","15.9","0.0000","      ","2016-11-16"
"17/11/2016","15.9","15.9","15.9","15.9","15.9","0.0000","      ","2016-11-17"
"18/11/2016","15.9","15.9","15.9","15.9","15.9","0.0000","      ","2016-11-18"
"21/11/2016","15.9","15.9","15.9","15.9","15.9","0.0000","      ","2016-11-21"
"22/11/2016","15.9","15.9","15.9","15.9","15.9","0.0000","      ","2016-11-22"
"23/11/2016","15.8","15.9","15.9","15.9","15.9","0.0000","      ","2016-11-23"
"24/11/2016","15.9","15.9","15.9","15.9","15.9","0.0000","      ","2016-11-24"
"25/11/2016","15.9","15.9","15.9","15.9","15.9","0.0000","      ","2016-11-25"
"29/11/2016","15.9","15.9","15.9","15.9","15.9","0.0000","      ","2016-11-29"
"30/11/2016","16.1","16.1","16.1","16.1","16.1","0.0000","      ","2016-11-30"
"01/12/2016","16.1","16.3","16.3","16.3","16.3","0.0000","      ","2016-12-01"
"02/12/2016","16.15","16.15","16.15","16.15","16.15","0.0000","      ","2016-12-02"
"05/12/2016","16.25","16.25","16.25","16.25","16.25","0.0000","      ","2016-12-05"
"06/12/2016","16.2","16.2","16.2","16.2","16.2","0.0000","      ","2016-12-06"
"07/12/2016","16.2","16.2","16.2","16.2","16.2","0.0000","      ","2016-12-07"
"12/12/2016","16.2","16.2","16.2","16.2","16.2","0.0000","      ","2016-12-12"
"13/12/2016","16.4","16.4","16.4","16.4","16.4","0.0000","      ","2016-12-13"
"14/12/2016","16.4","16.4","16.4","16.4","16.4","0.0000","      ","2016-12-14"
"15/12/2016","16.4","16.3","16.3","16.3","16.3","0.0000","      ","2016-12-15"
"16/12/2016","16.3","16.3","16.3","16.3","16.3","0.0000","      ","2016-12-16"
"19/12/2016","16.3","16.3","16.3","16.3","16.3","0.0000","      ","2016-12-19"
"20/12/2016","16.2","16.2","16.2","16.2","16.2","0.0000","      ","2016-12-20"
"21/12/2016","16.2","16.2","16.2","16.2","16.2","0.0000","      ","2016-12-21"
"22/12/2016","16.2","16.2","16.2","16.2","16.2","0.0000","      ","2016-12-22"
"23/12/2016","16.2","16.2","16.2","16.2","16.2","0.0000","      ","2016-12-23"
"26/12/2016","16","16","16","16","16","0.0000","      ","2016-12-26"
"27/12/2016","16","16","16","16","16","0.0000","      ","2016-12-27"
"28/12/2016","15.95","15.95","15.95","15.95","15.95","0.0000","      ","2016-12-28"
"29/12/2016","16.1","16.1","16.1","16.1","16.1","0.0000","      ","2016-12-29"
"30/12/2016","16.3","16.3","16.3","16.3","16.3","0.0000","      ","2016-12-30"
"02/01/2017","16.3","16.3","16.3","16.3","16.3","0.0000","      ","2017-01-02"
"03/01/2017","16.3","16.3","16.3","16.3","16.3","0.0000","      ","2017-01-03"
"04/01/2017","16.3","16.3","16.3","16.3","16.3","0.0000","      ","2017-01-04"
"05/01/2017","16.5","16.5","16.5","16.5","16.5","0.0000","      ","2017-01-05"
"06/01/2017","16.4","16.4","16.4","16.4","16.4","0.0000","      ","2017-01-06"
"07/01/2017","16.2","16.4","16.4","16.4","16.4","0.0000","      ","2017-01-07"
"09/01/2017","16.4","16.4","16.4","16.4","16.4","0.0000","      ","2017-01-09"
"10/01/2017","16.2","16.2","16.2","16.2","16.2","0.0000","      ","2017-01-10"
"11/01/2017","16.2","16.2","16.2","16.2","16.2","0.0000","      ","2017-01-11"
"12/01/2017","16.2","16.2","16.2","16.2","16.2","0.0000","      ","2017-01-12"
"13/01/2017","16.2","16.2","16.2","16.2","16.2","0.0000","      ","2017-01-13"
"14/01/2017","16.2","16.2","16.2","16.2","16.2","0.0000","      ","2017-01-14"
"16/01/2017","16.2","16.2","16.2","16.2","16.2","0.0000","      ","2017-01-16"
"17/01/2017","16.2","16.2","16.2","16.2","16.2","0.0000","      ","2017-01-17"
"18/01/2017","16.2","16.2","16.2","16.2","16.2","0.0000","      ","2017-01-18"
"19/01/2017","16.2","16.2","16.2","16.2","16.2","0.0000","      ","2017-01-19"
"20/01/2017","16.2","16.2","16.2","16.2","16.2","0.0000","      ","2017-01-20"
"21/01/2017","16.2","16.2","16.2","16.2","16.2","0.0000","      ","2017-01-21"
"23/01/2017","16.3","16.3","16.3","16.3","16.3","0.0000","      ","2017-01-23"
"24/01/2017","16.3","16.3","16.3","16.3","16.3","0.0000","      ","2017-01-24"
"25/01/2017","16.3","16.3","16.3","16.3","16.3","0.0000","      ","2017-01-25"
"26/01/2017","16.3","16.3","16.3","16.3","16.3","0.0000","      ","2017-01-26"
"27/01/2017","16.3","16.3","16.3","16.3","16.3","0.0000","      ","2017-01-27"
"28/01/2017","16.3","16.3","16.3","16.3","16.3","0.0000","      ","2017-01-28"
"30/01/2017","16.3","16.3","16.3","16.3","16.3","0.0000","      ","2017-01-30"
"31/01/2017","16.3","16.3","16.3","16.3","16.3","0.0000","      ","2017-01-31"
"01/02/2017","16.3","16.3","16.3","16.3","16.3","0.0000","      ","2017-02-01"
"02/02/2017","16.3","16.3","16.3","16.3","16.3","0.0000","      ","2017-02-02"
"03/02/2017","16.2","16.2","16.2","16.2","16.2","0.0000","      ","2017-02-03"
"06/02/2017","16.1","16.1","16.1","16.1","16.1","0.0000","      ","2017-02-06"
"07/02/2017","16.2","16.2","16.2","16.2","16.2","0.0000","      ","2017-02-07"
"08/02/2017","16.2","16.2","16.2","16.2","16.2","0.0000","      ","2017-02-08"
"09/02/2017","16","16","16","16","16","0.0000","      ","2017-02-09"
"10/02/2017","16.1","16.1","16.1","16.1","16.1","0.0000","      ","2017-02-10"
"13/02/2017","16.1","16.1","16.1","16.1","16.1","0.0000","      ","2017-02-13"
"14/02/2017","16.1","16.1","16.1","16.1","16.1","0.0000","      ","2017-02-14"
"15/02/2017","16.1","16.1","16.1","16.1","16.1","0.0000","      ","2017-02-15"
"16/02/2017","16","16","16","16","16","0.0000","      ","2017-02-16"
"17/02/2017","16","16","16","16","16","0.0000","      ","2017-02-17"
"20/02/2017","16.2","16.2","16.2","16.2","16.2","0.0000","      ","2017-02-20"
"21/02/2017","16.2","16.2","16.2","16.2","16.2","0.0000","      ","2017-02-21"
"22/02/2017","16.2","16.2","16.2","16.2","16.2","0.0000","      ","2017-02-22"
"23/02/2017","16.1","16.1","16.1","16.1","16.1","0.0000","      ","2017-02-23"
"24/02/2017","16.1","16.1","16.1","16.1","16.1","0.0000","      ","2017-02-24"
"01/03/2017","16","16","16","16","16","0.0000","      ","2017-03-01"
"02/03/2017","16","16","16","16","16","0.0000","      ","2017-03-02"
"03/03/2017","16","16","16","16","16","0.0000","      ","2017-03-03"
"06/03/2017","16","16","16","16","16","0.0000","      ","2017-03-06"
"07/03/2017","16","16","16","16","16","0.0000","      ","2017-03-07"
"08/03/2017","16","16","16","16","16","0.0000","      ","2017-03-08"
"09/03/2017","16","16","16","16","16","0.0000","      ","2017-03-09"
"10/03/2017","16","16","16","16","16","0.0000","      ","2017-03-10"
"11/03/2017","16","16","16","16","16","0.0000","      ","2017-03-11"
"13/03/2017","16","16","16","16","16","0.0000","      ","2017-03-13"
"14/03/2017","16","16","16","16","16","0.0000","      ","2017-03-14"
"15/03/2017","16","16","16","16","16","0.0000","      ","2017-03-15"
"16/03/2017","16","16","16","16","16","0.0000","      ","2017-03-16"
"17/03/2017","16","16","16","16","16","0.0000","      ","2017-03-17"
"20/03/2017","16","16","16","16","16","0.0000","      ","2017-03-20"
"21/03/2017","16","16","16","16","16","0.0000","      ","2017-03-21"
"22/03/2017","16","16","16","16","16","0.0000","      ","2017-03-22"
"23/03/2017","16","16","16","16","16","0.0000","      ","2017-03-23"
"27/03/2017","16","16","16","16","16","0.0000","      ","2017-03-27"
"28/03/2017","16","16","16","16","16","0.0000","      ","2017-03-28"
"29/03/2017","16","16","16","16","16","0.0000","      ","2017-03-29"
"30/03/2017","16","16","16","16","16","0.0000","      ","2017-03-30"
"31/03/2017","16","16","16","16","16","0.0000","      ","2017-03-31"
"03/04/2017","16","16","16","16","16","0.0000","      ","2017-04-03"
"04/04/2017","16","16","16","16","16","0.0000","      ","2017-04-04"
"05/04/2017","16","16","16","16","16","0.0000","      ","2017-04-05"
"06/04/2017","16","16","16","16","16","0.0000","      ","2017-04-06"
"07/04/2017","16","16","16","16","16","0.0000","      ","2017-04-07"
"10/04/2017","16","16","16","16","16","0.0000","      ","2017-04-10"
"11/04/2017","16","16","16","16","16","0.0000","      ","2017-04-11"
"12/04/2017","16","16","16","16","16","0.0000","      ","2017-04-12"
"13/04/2017","16","16","16","16","16","0.0000","      ","2017-04-13"
"17/04/2017","16","16","16","16","16","0.0000","      ","2017-04-17"
"18/04/2017","16","16","16","16","16","0.0000","      ","2017-04-18"
"19/04/2017","16","16","16","16","16","0.0000","      ","2017-04-19"
"20/04/2017","16","16","16","16","16","0.0000","      ","2017-04-20"
"21/04/2017","16","16","16","16","16","0.0000","      ","2017-04-21"
"22/04/2017","16","16","16","16","16","0.0000","      ","2017-04-22"
"24/04/2017","16","16","16","16","16","0.0000","      ","2017-04-24"
"25/04/2017","16","16","16","16","16","0.0000","      ","2017-04-25"
"26/04/2017","16","16","16","16","16","0.0000","      ","2017-04-26"
"27/04/2017","16","16","16","16","16","0.0000","      ","2017-04-27"
"28/04/2017","16","16","16","16","16","0.0000","      ","2017-04-28"
"02/05/2017","16","16","16","16","16","0.0000","      ","2017-05-02"
"03/05/2017","16","16","16","16","16","0.0000","      ","2017-05-03"
"04/05/2017","16","16","16","16","16","0.0000","      ","2017-05-04"
"05/05/2017","16","16","16","16","16","0.0000","      ","2017-05-05"
"08/05/2017","16","16","16","16","16","0.0000","      ","2017-05-08"
"09/05/2017","16","16","16","16","16","0.0000","      ","2017-05-09"
"10/05/2017","16","16","16","16","16","0.0000","      ","2017-05-10"
"11/05/2017","16","16","16","16","16","0.0000","      ","2017-05-11"
"12/05/2017","16","16","16","16","16","0.0000","      ","2017-05-12"
"13/05/2017","16","16","16","16","16","0.0000","      ","2017-05-13"
"15/05/2017","16","16","16","16","16","0.0000","      ","2017-05-15"
"16/05/2017","16","16","16","16","16","0.0000","      ","2017-05-16"
"17/05/2017","16","16","16","16","16","0.0000","      ","2017-05-17"
"18/05/2017","16","16","16","16","16","0.0000","      ","2017-05-18"
"19/05/2017","16.5","16.5","16.5","16.5","16.5","0.0000","      ","2017-05-19"
"22/05/2017","16.5","16.5","16.5","16.5","16.5","0.0000","      ","2017-05-22"
"23/05/2017","16.7","16.7","16.7","16.7","16.7","0.0000","      ","2017-05-23"
"24/05/2017","16.6","16.6","16.6","16.6","16.6","0.0000","      ","2017-05-24"
"26/05/2017","16.6","16.6","16.6","16.6","16.6","0.0000","      ","2017-05-26"
"29/05/2017","16.5","16.5","16.5","16.5","16.5","0.0000","      ","2017-05-29"
"30/05/2017","16.5","16.5","16.5","16.5","16.5","0.0000","      ","2017-05-30"
"31/05/2017","16.5","16.5","16.5","16.5","16.5","0.0000","      ","2017-05-31"
"01/06/2017","16.6","16.6","16.6","16.6","16.6","0.0000","      ","2017-06-01"
"02/06/2017","16.6","16.6","16.6","16.6","16.6","0.0000","      ","2017-06-02"
"05/06/2017","16.6","16.6","16.6","16.6","16.6","0.0000","      ","2017-06-05"
"06/06/2017","16.5","16.5","16.5","16.5","16.5","0.0000","      ","2017-06-06"
"07/06/2017","16.5","16.5","16.5","16.5","16.5","0.0000","      ","2017-06-07"
"08/06/2017","16.5","16.5","16.5","16.5","16.5","0.0000","      ","2017-06-08"
"09/06/2017","16.5","16.5","16.5","16.5","16.5","0.0000","      ","2017-06-09"
"12/06/2017","16.5","16.5","16.5","16.5","16.5","0.0000","      ","2017-06-12"
"13/06/2017","16.5","16.5","16.5","16.5","16.5","0.0000","      ","2017-06-13"
"14/06/2017","16.5","16.5","16.5","16.5","16.5","0.0000","      ","2017-06-14"
"15/06/2017","16.5","16.5","16.5","16.5","16.5","0.0000","      ","2017-06-15"
"16/06/2017","16.5","16.5","16.5","16.5","16.5","0.0000","      ","2017-06-16"
"17/06/2017","16.5","16.5","16.5","16.5","16.5","0.0000","      ","2017-06-17"
"19/06/2017","16.5","16.5","16.5","16.5","16.5","0.0000","      ","2017-06-19"
"21/06/2017","16.5","16.5","16.5","16.5","16.5","0.0000","      ","2017-06-21"
"22/06/2017","16.7","16.7","16.7","16.7","16.7","0.0000","      ","2017-06-22"
"23/06/2017","16.7","16.7","16.7","16.7","16.7","0.0000","      ","2017-06-23"
"26/06/2017","16.6","16.6","16.6","16.6","16.6","0.0000","      ","2017-06-26"
"27/06/2017","16.7","16.7","16.7","16.7","16.7","0.0000","      ","2017-06-27"
"28/06/2017","16.7","16.7","16.7","16.7","16.7","0.0000","      ","2017-06-28"
"29/06/2017","16.7","16.7","16.7","16.7","16.7","0.0000","      ","2017-06-29"
"30/06/2017","16.9","16.9","16.9","16.9","16.9","0.0000","      ","2017-06-30"
"03/07/2017","17","17","17","17","17","0.0000","      ","2017-07-03"
"04/07/2017","17.1","17.1","17.1","17.1","17.1","0.0000","      ","2017-07-04"
"05/07/2017","17.3","17.3","17.3","17.3","17.3","0.0000","      ","2017-07-05"
"06/07/2017","17.5","17.5","17.5","17.5","17.5","0.0000","      ","2017-07-06"
"07/07/2017","17.5","17.5","17.5","17.5","17.5","0.0000","      ","2017-07-07"
"08/07/2017","17.5","17.5","17.5","17.5","17.5","0.0000","      ","2017-07-08"
"10/07/2017","17.5","17.5","17.5","17.5","17.5","0.0000","      ","2017-07-10"
"11/07/2017","17.5","17.5","17.5","17.5","17.5","0.0000","      ","2017-07-11"
"12/07/2017","17.5","17.5","17.5","17.5","17.5","0.0000","      ","2017-07-12"
"13/07/2017","17.5","17.5","17.5","17.5","17.5","0.0000","      ","2017-07-13"
"14/07/2017","17.5","17.5","17.5","17.5","17.5","0.0000","      ","2017-07-14"
"17/07/2017","17.3","17.3","17.3","17.3","17.3","0.0000","      ","2017-07-17"
"18/07/2017","17.3","17.3","17.3","17.3","17.3","0.0000","      ","2017-07-18"
"19/07/2017","17.6","17.6","17.6","17.6","17.6","0.0000","      ","2017-07-19"
"20/07/2017","17.5","17.5","17.5","17.5","17.5","0.0000","      ","2017-07-20"
"21/07/2017","17.5","17.5","17.5","17.5","17.5","0.0000","      ","2017-07-21"
"22/07/2017","17.5","17.5","17.5","17.5","17.5","0.0000","      ","2017-07-22"
"24/07/2017","17.8","17.8","17.8","17.8","17.8","0.0000","      ","2017-07-24"
"25/07/2017","17.9","17.9","17.9","17.9","17.9","0.0000","      ","2017-07-25"
"26/07/2017","17.8","17.8","17.8","17.8","17.8","0.0000","      ","2017-07-26"
"27/07/2017","17.9","17.9","17.9","17.9","17.9","0.0000","      ","2017-07-27"
"28/07/2017","17.95","17.95","17.95","17.95","17.95","0.0000","      ","2017-07-28"
"31/07/2017","18.1","18.1","18.1","18.1","18.1","0.0000","      ","2017-07-31"
"01/08/2017","17.95","17.95","17.95","17.95","17.95","0.0000","      ","2017-08-01"
"02/08/2017","17.8","17.9","17.9","17.9","17.9","0.0000","      ","2017-08-02"
"03/08/2017","17.9","17.9","17.9","17.9","17.9","0.0000","      ","2017-08-03"
"04/08/2017","17.95","17.95","17.95","17.95","17.95","0.0000","      ","2017-08-04"
"07/08/2017","17.95","17.95","17.95","17.95","17.95","0.0000","      ","2017-08-07"
"08/08/2017","17.95","17.95","17.95","17.95","17.95","0.0000","      ","2017-08-08"
"09/08/2017","18","18","18","18","18","0.0000","      ","2017-08-09"
"10/08/2017","18","18","18","18","18","0.0000","      ","2017-08-10"
"11/08/2017","18","18","18","18","18","0.0000","      ","2017-08-11"
"14/08/2017","18","18","18","18","18","0.0000","      ","2017-08-14"
"15/08/2017","17.6","17.6","17.6","17.6","17.6","0.0000","      ","2017-08-15"
"16/08/2017","17.5","17.5","17.5","17.5","17.5","0.0000","      ","2017-08-16"
"17/08/2017","17.5","17.5","17.5","17.5","17.5","0.0000","      ","2017-08-17"
"18/08/2017","17.7","17.7","17.7","17.7","17.7","0.0000","      ","2017-08-18"
"19/08/2017","17.7","17.7","17.7","17.7","17.7","0.0000","      ","2017-08-19"
"22/08/2017","17.7","17.7","17.7","17.7","17.7","0.0000","      ","2017-08-22"
"23/08/2017","17.5","17.5","17.5","17.5","17.5","0.0000","      ","2017-08-23"
"24/08/2017","17.55","17.55","17.55","17.55","17.55","0.0000","      ","2017-08-24"
"25/08/2017","17.5","17.5","17.5","17.5","17.5","0.0000","      ","2017-08-25"
"26/08/2017","17.5","17.5","17.5","17.5","17.5","0.0000","      ","2017-08-26"
"28/08/2017","17.5","17.5","17.5","17.5","17.5","0.0000","      ","2017-08-28"
"29/08/2017","17.55","17.55","17.55","17.55","17.55","0.0000","      ","2017-08-29"
"30/08/2017","17.7","17.7","17.7","17.7","17.7","0.0000","      ","2017-08-30"
"31/08/2017","17.7","17.7","17.7","17.7","17.7","0.0000","      ","2017-08-31"
"01/09/2017","17.6","17.6","17.6","17.6","17.6","0.0000","      ","2017-09-01"
"04/09/2017","17.6","17.5","17.5","17.5","17.5","0.0000","      ","2017-09-04"
"05/09/2017","17.6","17.5","17.5","17.5","17.5","0.0000","      ","2017-09-05"
"06/09/2017","17.6","17.6","17.6","17.6","17.6","0.0000","      ","2017-09-06"
"07/09/2017","17.6","17.6","17.6","17.6","17.6","0.0000","      ","2017-09-07"
"08/09/2017","17.6","17.6","17.6","17.6","17.6","0.0000","      ","2017-09-08"
"09/09/2017","17.6","17.6","17.6","17.6","17.6","0.0000","      ","2017-09-09"
"11/09/2017","17.6","17.6","17.6","17.6","17.6","0.0000","      ","2017-09-11"
"12/09/2017","17.6","17.6","17.6","17.6","17.6","0.0000","      ","2017-09-12"
"13/09/2017","17.6","17.6","17.6","17.6","17.6","0.0000","      ","2017-09-13"
"14/09/2017","17.6","17.6","17.6","17.6","17.6","0.0000","      ","2017-09-14"
"15/09/2017","17.5","17.5","17.5","17.5","17.5","0.0000","      ","2017-09-15"
"18/09/2017","17.5","17.5","17.5","17.5","17.5","0.0000","      ","2017-09-18"
"19/09/2017","17.5","17.5","17.5","17.5","17.5","0.0000","      ","2017-09-19"
"20/09/2017","17.35","17.5","17.5","17.5","17.5","0.0000","      ","2017-09-20"
"21/09/2017","17.5","17.5","17.5","17.5","17.5","0.0000","      ","2017-09-21"
"22/09/2017","17.7","17.7","17.7","17.7","17.7","0.0000","      ","2017-09-22"
"23/09/2017","17.7","17.7","17.7","17.7","17.7","0.0000","      ","2017-09-23"
"25/09/2017","17.7","17.7","17.7","17.7","17.7","0.0000","      ","2017-09-25"
"26/09/2017","17.9","17.9","17.9","17.9","17.9","0.0000","      ","2017-09-26"
"27/09/2017","18","18","18","18","18","0.0000","      ","2017-09-27"
"28/09/2017","18","18","18","18","18","0.0000","      ","2017-09-28"
"29/09/2017","17.9","17.9","17.9","17.9","17.9","0.0000","      ","2017-09-29"
"02/10/2017","17.7","17.7","17.7","17.7","17.7","0.0000","      ","2017-10-02"
"03/10/2017","17.8","17.8","17.8","17.8","17.8","0.0000","      ","2017-10-03"
"04/10/2017","17.8","17.8","17.8","17.8","17.8","0.0000","      ","2017-10-04"
"05/10/2017","17.8","17.8","17.8","17.8","17.8","0.0000","      ","2017-10-05"
"06/10/2017","17.8","17.8","17.8","17.8","17.8","0.0000","      ","2017-10-06"
"09/10/2017","17.8","17.8","17.8","17.8","17.8","0.0000","      ","2017-10-09"
"10/10/2017","17.9","17.9","17.9","17.9","17.9","0.0000","      ","2017-10-10"
"11/10/2017","17.8","17.8","17.8","17.8","17.8","0.0000","      ","2017-10-11"
"12/10/2017","17.8","17.8","17.8","17.8","17.8","0.0000","      ","2017-10-12"
"13/10/2017","17.8","17.8","17.8","17.8","17.8","0.0000","      ","2017-10-13"
"17/10/2017","17.8","17.8","17.8","17.8","17.8","0.0000","      ","2017-10-17"
"18/10/2017","17.8","17.8","17.8","17.8","17.8","0.0000","      ","2017-10-18"
"19/10/2017","17.8","17.8","17.8","17.8","17.8","0.0000","      ","2017-10-19"
"20/10/2017","17.8","17.8","17.8","17.8","17.8","0.0000","      ","2017-10-20"
"23/10/2017","17.8","17.8","17.8","17.8","17.8","0.0000","      ","2017-10-23"
"24/10/2017","17.8","17.8","17.8","17.8","17.8","0.0000","      ","2017-10-24"
"25/10/2017","17.8","17.8","17.8","17.8","17.8","0.0000","      ","2017-10-25"
"26/10/2017","17.8","17.8","17.8","17.8","17.8","0.0000","      ","2017-10-26"
"27/10/2017","17.95","17.95","17.95","17.95","17.95","0.0000","      ","2017-10-27"
"30/10/2017","17.95","17.95","17.95","17.95","17.95","0.0000","      ","2017-10-30"
"31/10/2017","18","18","18","18","18","0.0000","      ","2017-10-31"
"01/11/2017","17.95","17.95","17.95","17.95","17.95","0.0000","      ","2017-11-01"
"02/11/2017","17.9","17.9","17.9","17.9","17.9","0.0000","      ","2017-11-02"
"03/11/2017","17.85","17.85","17.85","17.85","17.85","0.0000","      ","2017-11-03"
"06/11/2017","17.95","17.95","17.95","17.95","17.95","0.0000","      ","2017-11-06"
"07/11/2017","17.95","17.95","17.95","17.95","17.95","0.0000","      ","2017-11-07"
"08/11/2017","17.95","17.95","17.95","17.95","17.95","0.0000","      ","2017-11-08"
"09/11/2017","17.85","17.85","17.85","17.85","17.85","0.0000","      ","2017-11-09"
"10/11/2017","17.85","17.85","17.85","17.85","17.85","0.0000","      ","2017-11-10"
"11/11/2017","17.85","17.85","17.85","17.85","17.85","0.0000","      ","2017-11-11"
"13/11/2017","17.85","17.85","17.85","17.85","17.85","0.0000","      ","2017-11-13"
"14/11/2017","17.85","17.85","17.85","17.85","17.85","0.0000","      ","2017-11-14"
"15/11/2017","17.85","17.85","17.85","17.85","17.85","0.0000","      ","2017-11-15"
"16/11/2017","17.85","17.85","17.85","17.85","17.85","0.0000","      ","2017-11-16"
"17/11/2017","17.85","17.85","17.85","17.85","17.85","0.0000","      ","2017-11-17"
"18/11/2017","17.85","17.85","17.85","17.85","17.85","0.0000","      ","2017-11-18"
"21/11/2017","17.85","17.85","17.85","17.85","17.85","0.0000","      ","2017-11-21"
"22/11/2017","17.85","17.85","17.85","17.85","17.85","0.0000","      ","2017-11-22"
"23/11/2017","17.8","17.8","17.8","17.8","17.8","0.0000","      ","2017-11-23"
"24/11/2017","17.8","17.8","17.8","17.8","17.8","0.0000","      ","2017-11-24"
"27/11/2017","17.7","17.7","17.7","17.7","17.7","0.0000","      ","2017-11-27"
"28/11/2017","17.7","17.7","17.7","17.7","17.7","0.0000","      ","2017-11-28"
"29/11/2017","17.7","17.7","17.7","17.7","17.7","0.0000","      ","2017-11-29"
"30/11/2017","17.8","17.8","17.8","17.8","17.8","0.0000","      ","2017-11-30"
"01/12/2017","17.8","17.8","17.8","17.8","17.8","0.0000","      ","2017-12-01"
"04/12/2017","17.7","17.7","17.7","17.7","17.7","0.0000","      ","2017-12-04"
"05/12/2017","17.7","17.7","17.7","17.7","17.7","0.0000","      ","2017-12-05"
"06/12/2017","17.7","17.7","17.7","17.7","17.7","0.0000","      ","2017-12-06"
"07/12/2017","17.7","17.7","17.7","17.7","17.7","0.0000","      ","2017-12-07"
"09/12/2017","17.7","17.7","17.7","17.7","17.7","0.0000","      ","2017-12-09"
"11/12/2017","17.7","17.7","17.7","17.7","17.7","0.0000","      ","2017-12-11"
"12/12/2017","17.7","17.7","17.7","17.7","17.7","0.0000","      ","2017-12-12"
"13/12/2017","17.7","17.7","17.7","17.7","17.7","0.0000","      ","2017-12-13"
"14/12/2017","17.7","17.7","17.7","17.7","17.7","0.0000","      ","2017-12-14"
"15/12/2017","17.8","17.8","17.8","17.8","17.8","0.0000","      ","2017-12-15"
"18/12/2017","17.8","17.8","17.8","17.8","17.8","0.0000","      ","2017-12-18"
"19/12/2017","17.85","17.85","17.85","17.85","17.85","0.0000","      ","2017-12-19"
"20/12/2017","18","18","18","18","18","0.0000","      ","2017-12-20"
"21/12/2017","18.05","18.05","18.05","18.05","18.05","0.0000","      ","2017-12-21"
"22/12/2017","18.2","18.2","18.2","18.2","18.2","0.0000","      ","2017-12-22"
"26/12/2017","18.5","18.5","18.5","18.5","18.5","0.0000","      ","2017-12-26"
"27/12/2017","18.65","18.65","18.65","18.65","18.65","0.0000","      ","2017-12-27"
"28/12/2017","18.8","18.8","18.8","18.8","18.8","0.0000","      ","2017-12-28"
"29/12/2017","19.6","19.6","19.6","19.6","19.6","0.0000","      ","2017-12-29"
"30/12/2017","19.6","19.6","19.6","19.6","19.6","0.0000","      ","2017-12-30"
"02/01/2018","19","19","19","19","19","0.0000","      ","2018-01-02"
"03/01/2018","18.9","18.9","18.9","18.9","18.9","0.0000","      ","2018-01-03"
"04/01/2018","18.9","18.9","18.9","18.9","18.9","0.0000","      ","2018-01-04"
"05/01/2018","19","19","19","19","19","0.0000","      ","2018-01-05"
"08/01/2018","19.2","19.2","19.2","19.2","19.2","0.0000","      ","2018-01-08"
"09/01/2018","19.5","19.5","19.5","19.5","19.5","0.0000","      ","2018-01-09"
"10/01/2018","19.4","19.4","19.4","19.4","19.4","0.0000","      ","2018-01-10"
"11/01/2018","19","19","19","19","19","0.0000","      ","2018-01-11"
"12/01/2018","19.1","19.1","19.1","19.1","19.1","0.0000","      ","2018-01-12"
"15/01/2018","19.1","19.1","19.1","19.1","19.1","0.0000","      ","2018-01-15"
"16/01/2018","19.1","19.1","19.1","19.1","19.1","0.0000","      ","2018-01-16"
"17/01/2018","19.4","19.4","19.4","19.4","19.4","0.0000","      ","2018-01-17"
"18/01/2018","19.4","19.4","19.4","19.4","19.4","0.0000","      ","2018-01-18"
"19/01/2018","19.4","19.4","19.4","19.4","19.4","0.0000","      ","2018-01-19"
"20/01/2018","19.4","19.4","19.4","19.4","19.4","0.0000","      ","2018-01-20"
"22/01/2018","19.4","19.4","19.4","19.4","19.4","0.0000","      ","2018-01-22"
"23/01/2018","19.5","19.5","19.5","19.5","19.5","0.0000","      ","2018-01-23"
"24/01/2018","19.8","19.8","19.8","19.8","19.8","0.0000","      ","2018-01-24"
"25/01/2018","19.9","19.9","19.9","19.9","19.9","0.0000","      ","2018-01-25"
"26/01/2018","20","20","20","20","20","0.0000","      ","2018-01-26"
"27/01/2018","20","20","20","20","20","0.0000","      ","2018-01-27"
"29/01/2018","20","20","20","20","20","0.0000","      ","2018-01-29"
"30/01/2018","20","20","20","20","20","0.0000","      ","2018-01-30"
"31/01/2018","20","20","20","20","20","0.0000","      ","2018-01-31"
"01/02/2018","20","20","20","20","20","0.0000","      ","2018-02-01"
"02/02/2018","19.85","19.85","19.85","19.85","19.85","0.0000","      ","2018-02-02"
"05/02/2018","19.85","19.85","19.85","19.85","19.85","0.0000","      ","2018-02-05"
"06/02/2018","20","20","20","20","20","0.0000","      ","2018-02-06"
"07/02/2018","20","20","20","20","20","0.0000","      ","2018-02-07"
"08/02/2018","20","20","20","20","20","0.0000","      ","2018-02-08"
"09/02/2018","20.5","20.5","20.5","20.5","20.5","0.0000","      ","2018-02-09"
"14/02/2018","20.5","20.5","20.5","20.5","20.5","0.0000","      ","2018-02-14"
"15/02/2018","20.35","20.35","20.35","20.35","20.35","0.0000","      ","2018-02-15"
"16/02/2018","20.1","20.1","20.1","20.1","20.1","0.0000","      ","2018-02-16"
"17/02/2018","20.1","20.1","20.1","20.1","20.1","0.0000","      ","2018-02-17"
"19/02/2018","20.15","20.15","20.15","20.15","20.15","0.0000","      ","2018-02-19"
"20/02/2018","20.3","20.3","20.3","20.3","20.3","0.0000","      ","2018-02-20"
"21/02/2018","20.3","20.3","20.3","20.3","20.3","0.0000","      ","2018-02-21"
"22/02/2018","20.3","20.3","20.3","20.3","20.3","0.0000","      ","2018-02-22"
"23/02/2018","20.3","20.3","20.3","20.3","20.3","0.0000","      ","2018-02-23"
"26/02/2018","20.4","20.4","20.4","20.4","20.4","0.0000","      ","2018-02-26"
"27/02/2018","20.6","20.6","20.6","20.6","20.6","0.0000","      ","2018-02-27"
"28/02/2018","20.6","20.6","20.6","20.6","20.6","0.0000","      ","2018-02-28"
"01/03/2018","20.5","20.5","20.5","20.5","20.5","0.0000","      ","2018-03-01"
"02/03/2018","20.6","20.6","20.6","20.6","20.6","0.0000","      ","2018-03-02"
"03/03/2018","20.6","20.6","20.6","20.6","20.6","0.0000","      ","2018-03-03"
"05/03/2018","20.6","20.6","20.6","20.6","20.6","0.0000","      ","2018-03-05"
"06/03/2018","20.6","20.6","20.6","20.6","20.6","0.0000","      ","2018-03-06"
"07/03/2018","20.7","20.7","20.7","20.7","20.7","0.0000","      ","2018-03-07"
"08/03/2018","20.8","20.8","20.8","20.8","20.8","0.0000","      ","2018-03-08"
"09/03/2018","20.8","20.8","20.8","20.8","20.8","0.0000","      ","2018-03-09"
"12/03/2018","20.7","20.7","20.7","20.7","20.7","0.0000","      ","2018-03-12"
"13/03/2018","20.7","20.7","20.7","20.7","20.7","0.0000","      ","2018-03-13"
"14/03/2018","20.6","20.6","20.6","20.6","20.6","0.0000","      ","2018-03-14"
"15/03/2018","20.6","20.6","20.6","20.6","20.6","0.0000","      ","2018-03-15"
"16/03/2018","20.8","20.8","20.8","20.8","20.8","0.0000","      ","2018-03-16"
"19/03/2018","20.7","20.7","20.7","20.7","20.7","0.0000","      ","2018-03-19"
"20/03/2018","20.7","20.7","20.7","20.7","20.7","0.0000","      ","2018-03-20"
"21/03/2018","20.8","20.8","20.8","20.8","20.8","0.0000","      ","2018-03-21"
"22/03/2018","20.8","20.8","20.8","20.8","20.8","0.0000","      ","2018-03-22"
"23/03/2018","20.8","20.8","20.8","20.8","20.8","0.0000","      ","2018-03-23"
"24/03/2018","20.8","20.8","20.8","20.8","20.8","0.0000","      ","2018-03-24"
"26/03/2018","20.7","20.7","20.7","20.7","20.7","0.0000","      ","2018-03-26"
"27/03/2018","20.7","20.7","20.7","20.7","20.7","0.0000","      ","2018-03-27"
"28/03/2018","20.7","20.7","20.7","20.7","20.7","0.0000","      ","2018-03-28"
"29/03/2018","20.7","20.7","20.7","20.7","20.7","0.0000","      ","2018-03-29"
"03/04/2018","20.6","20.6","20.6","20.6","20.6","0.0000","      ","2018-04-03"
"04/04/2018","20.6","20.6","20.6","20.6","20.6","0.0000","      ","2018-04-04"
"05/04/2018","20.6","20.6","20.6","20.6","20.6","0.0000","      ","2018-04-05"
"06/04/2018","20.6","20.6","20.6","20.6","20.6","0.0000","      ","2018-04-06"
"09/04/2018","20.6","20.6","20.6","20.6","20.6","0.0000","      ","2018-04-09"
"10/04/2018","20.6","20.6","20.6","20.6","20.6","0.0000","      ","2018-04-10"
"11/04/2018","20.6","20.6","20.6","20.6","20.6","0.0000","      ","2018-04-11"
"12/04/2018","20.6","20.6","20.6","20.6","20.6","0.0000","      ","2018-04-12"
"13/04/2018","20.6","20.6","20.6","20.6","20.6","0.0000","      ","2018-04-13"
"16/04/2018","20.6","20.6","20.6","20.6","20.6","0.0000","      ","2018-04-16"
"17/04/2018","20.6","20.6","20.6","20.6","20.6","0.0000","      ","2018-04-17"
"18/04/2018","20.6","20.6","20.6","20.6","20.6","0.0000","      ","2018-04-18"
"19/04/2018","20.6","20.6","20.6","20.6","20.6","0.0000","      ","2018-04-19"
"20/04/2018","20.6","20.6","20.6","20.6","20.6","0.0000","      ","2018-04-20"
"23/04/2018","20.6","20.6","20.6","20.6","20.6","0.0000","      ","2018-04-23"
"24/04/2018","20.7","20.7","20.7","20.7","20.7","0.0000","      ","2018-04-24"
"25/04/2018","20.7","20.7","20.7","20.7","20.7","0.0000","      ","2018-04-25"
"26/04/2018","20.7","20.7","20.7","20.7","20.7","0.0000","      ","2018-04-26"
"27/04/2018","20.7","20.7","20.7","20.7","20.7","0.0000","      ","2018-04-27"
"30/04/2018","21","21","21","21","21","0.0000","      ","2018-04-30"
"02/05/2018","21","21","21","21","21","0.0000","      ","2018-05-02"
"03/05/2018","21.8","21.8","21.8","21.8","21.8","0.0000","      ","2018-05-03"
"04/05/2018","23","23","23","23","23","0.0000","      ","2018-05-04"
"07/05/2018","22.5","22.5","22.5","22.5","22.5","0.0000","      ","2018-05-07"
"08/05/2018","22.5","22.5","22.5","22.5","22.5","0.0000","      ","2018-05-08"
"09/05/2018","23.2","23.2","23.2","23.2","23.2","0.0000","      ","2018-05-09"
"10/05/2018","23.3","23.3","23.3","23.3","23.3","0.0000","      ","2018-05-10"
"11/05/2018","23.3","23.3","23.3","23.3","23.3","0.0000","      ","2018-05-11"
"14/05/2018","25","25","25","25","25","0.0000","      ","2018-05-14"
"15/05/2018","25.3","25.3","25.3","25.3","25.3","0.0000","      ","2018-05-15"
"16/05/2018","24.9","24.9","24.9","24.9","24.9","0.0000","      ","2018-05-16"
"17/05/2018","25","25","25","25","25","0.0000","      ","2018-05-17"
"18/05/2018","25","25","25","25","25","0.0000","      ","2018-05-18"
"21/05/2018","25","25","25","25","25","0.0000","      ","2018-05-21"
"22/05/2018","25.1","25.1","25.1","25.1","25.1","0.0000","      ","2018-05-22"
"23/05/2018","25","25","25","25","25","0.0000","      ","2018-05-23"
"24/05/2018","25","25","25","25","25","0.0000","      ","2018-05-24"
"28/05/2018","25.2","25.2","25.2","25.2","25.2","0.0000","      ","2018-05-28"
"29/05/2018","25.3","25.3","25.3","25.3","25.3","0.0000","      ","2018-05-29"
"30/05/2018","25.5","25.5","25.5","25.5","25.5","0.0000","      ","2018-05-30"
"31/05/2018","25.5","25.5","25.5","25.5","25.5","0.0000","      ","2018-05-31"
"01/06/2018","25.6","25.6","25.6","25.6","25.6","0.0000","      ","2018-06-01"
"04/06/2018","25.6","25.6","25.6","25.6","25.6","0.0000","      ","2018-06-04"
"05/06/2018","25.6","25.6","25.6","25.6","25.6","0.0000","      ","2018-06-05"
"06/06/2018","25.6","25.6","25.6","25.6","25.6","0.0000","      ","2018-06-06"
"07/06/2018","25.6","25.6","25.6","25.6","25.6","0.0000","      ","2018-06-07"
"08/06/2018","25.6","25.6","25.6","25.6","25.6","0.0000","      ","2018-06-08"
"11/06/2018","26.2","26.2","26.2","26.2","26.2","0.0000","      ","2018-06-11"
"12/06/2018","26.7","26.7","26.7","26.7","26.7","0.0000","      ","2018-06-12"
"13/06/2018","26.7","26.7","26.7","26.7","26.7","0.0000","      ","2018-06-13"
"14/06/2018","26.7","26.7","26.7","26.7","26.7","0.0000","      ","2018-06-14"
"15/06/2018","28","28","28","28","28","0.0000","      ","2018-06-15"
"18/06/2018","29","29","29","29","29","0.0000","      ","2018-06-18"
"19/06/2018","28.6","28.6","28.6","28.6","28.6","0.0000","      ","2018-06-19"
"21/06/2018","28.6","28.6","28.6","28.6","28.6","0.0000","      ","2018-06-21"
"22/06/2018","28.3","28.3","28.3","28.3","28.3","0.0000","      ","2018-06-22"
"25/06/2018","27.5","27.5","27.5","27.5","27.5","0.0000","      ","2018-06-25"
"26/06/2018","27.5","27.5","27.5","27.5","27.5","0.0000","      ","2018-06-26"
"27/06/2018","27.8","27.8","27.8","27.8","27.8","0.0000","      ","2018-06-27"
"28/06/2018","28.1","28.1","28.1","28.1","28.1","0.0000","      ","2018-06-28"
"29/06/2018","29.5","29.5","29.5","29.5","29.5","0.0000","      ","2018-06-29"
"02/07/2018","29.5","29.5","29.5","29.5","29.5","0.0000","      ","2018-07-02"
"03/07/2018","29","29","29","29","29","0.0000","      ","2018-07-03"
"04/07/2018","28.5","28.5","28.5","28.5","28.5","0.0000","      ","2018-07-04"
"05/07/2018","28.95","28.95","28.95","28.95","28.95","0.0000","      ","2018-07-05"
"06/07/2018","28.95","28.95","28.95","28.95","28.95","0.0000","      ","2018-07-06"
"10/07/2018","28.95","28.95","28.95","28.95","28.95","0.0000","      ","2018-07-10"
"11/07/2018","28.2","28.2","28.2","28.2","28.2","0.0000","      ","2018-07-11"
"12/07/2018","28.2","28.2","28.2","28.2","28.2","0.0000","      ","2018-07-12"
"13/07/2018","28","28","28","28","28","0.0000","      ","2018-07-13"
"16/07/2018","28","28","28","28","28","0.0000","      ","2018-07-16"
"17/07/2018","28","28","28","28","28","0.0000","      ","2018-07-17"
"18/07/2018","28.2","28.2","28.2","28.2","28.2","0.0000","      ","2018-07-18"
"19/07/2018","28.3","28.3","28.3","28.3","28.3","0.0000","      ","2018-07-19"
"20/07/2018","28.3","28.5","28.5","28.5","28.5","0.0000","      ","2018-07-20"
"23/07/2018","28.4","28.4","28.4","28.4","28.4","0.0000","      ","2018-07-23"
"24/07/2018","28.4","28.4","28.4","28.4","28.4","0.0000","      ","2018-07-24"
"25/07/2018","28.4","28.4","28.4","28.4","28.4","0.0000","      ","2018-07-25"
"26/07/2018","28.2","28.2","28.2","28.2","28.2","0.0000","      ","2018-07-26"
"27/07/2018","28.3","28.3","28.3","28.3","28.3","0.0000","      ","2018-07-27"
"30/07/2018","28.4","28.3","28.3","28.3","28.3","0.0000","      ","2018-07-30"
"31/07/2018","28.3","28.3","28.3","28.3","28.3","0.0000","      ","2018-07-31"
"01/08/2018","28.3","28.3","28.3","28.3","28.3","0.0000","      ","2018-08-01"
"02/08/2018","28.3","28.3","28.3","28.3","28.3","0.0000","      ","2018-08-02"
"03/08/2018","28.3","28.3","28.3","28.3","28.3","0.0000","      ","2018-08-03"
"06/08/2018","28.3","28.3","28.3","28.3","28.3","0.0000","      ","2018-08-06"
"07/08/2018","28.3","28.3","28.3","28.3","28.3","0.0000","      ","2018-08-07"
"08/08/2018","28.3","28.3","28.3","28.3","28.3","0.0000","      ","2018-08-08"
"09/08/2018","28.2","28.2","28.2","28.2","28.2","0.0000","      ","2018-08-09"
"10/08/2018","29.8","29.8","29.8","29.8","29.8","0.0000","      ","2018-08-10"
"13/08/2018","30","30","30","30","30","0.0000","      ","2018-08-13"
"14/08/2018","30.7","30.7","30.7","30.7","30.7","0.0000","      ","2018-08-14"
"15/08/2018","30.5","30.5","30.5","30.5","30.5","0.0000","      ","2018-08-15"
"16/08/2018","30.5","30.5","30.5","30.5","30.5","0.0000","      ","2018-08-16"
"17/08/2018","30.5","30.5","30.5","30.5","30.5","0.0000","      ","2018-08-17"
"21/08/2018","30.5","30.5","30.5","30.5","30.5","0.0000","      ","2018-08-21"
"22/08/2018","30.8","30.8","30.8","30.8","30.8","0.0000","      ","2018-08-22"
"23/08/2018","30.95","30.95","30.95","30.95","30.95","0.0000","      ","2018-08-23"
"24/08/2018","31.2","31.2","31.2","31.2","31.2","0.0000","      ","2018-08-24"
"27/08/2018","31.6","31.6","31.6","31.6","31.6","0.0000","      ","2018-08-27"
"28/08/2018","31.7","31.7","31.7","31.7","31.7","0.0000","      ","2018-08-28"
"29/08/2018","32.4","32.4","32.4","32.4","32.4","0.0000","      ","2018-08-29"
"30/08/2018","37","37","37","37","37","0.0000","      ","2018-08-30"
"31/08/2018","39","37","37","37","37","0.0000","      ","2018-08-31"
"03/09/2018","39","39","39","39","39","0.0000","      ","2018-09-03"
"04/09/2018","40","40","40","40","40","0.0000","      ","2018-09-04"
"05/09/2018","40","40","40","40","40","0.0000","      ","2018-09-05"
"06/09/2018","40","40","40","40","40","0.0000","      ","2018-09-06"
"07/09/2018","40","40","40","40","40","0.0000","      ","2018-09-07"
"10/09/2018","38","38","38","38","38","0.0000","      ","2018-09-10"
"11/09/2018","39","39","39","39","39","0.0000","      ","2018-09-11"
"12/09/2018","39.5","39.5","39.5","39.5","39.5","0.0000","      ","2018-09-12"
"13/09/2018","39.8","39.8","39.8","39.8","39.8","0.0000","      ","2018-09-13"
"14/09/2018","41","41","41","41","41","0.0000","      ","2018-09-14"
"15/09/2018","41","41","41","41","41","0.0000","      ","2018-09-15"
"17/09/2018","41","41","41","41","41","0.0000","      ","2018-09-17"
"18/09/2018","41","41","41","41","41","0.0000","      ","2018-09-18"
"19/09/2018","41","41","41","41","41","0.0000","      ","2018-09-19"
"20/09/2018","40","40.4","40.4","40.4","40.4","0.0000","      ","2018-09-20"
"21/09/2018","38.8","39.5","39.5","39.5","39.5","0.0000","      ","2018-09-21"
"24/09/2018","38.5","38.5","38.5","38.5","38.5","0.0000","      ","2018-09-24"
"25/09/2018","38.8","38.5","38.5","38.5","38.5","0.0000","      ","2018-09-25"
"26/09/2018","38.5","40","40","40","40","0.0000","      ","2018-09-26"
"27/09/2018","41","41","41","41","41","0.0000","      ","2018-09-27"
"28/09/2018","42","42","42","42","42","0.0000","      ","2018-09-28"
"01/10/2018","42.5","42.5","42.5","42.5","42.5","0.0000","      ","2018-10-01"
"02/10/2018","40.5","40.5","40.5","40.5","40.5","0.0000","      ","2018-10-02"
"03/10/2018","40","40","40","40","40","0.0000","      ","2018-10-03"
"04/10/2018","40","40","40","40","40","0.0000","      ","2018-10-04"
"05/10/2018","39.5","40.2","40.2","40.2","40.2","0.0000","      ","2018-10-05"
"06/10/2018","39.5","40.2","40.2","40.2","40.2","0.0000","      ","2018-10-06"
"08/10/2018","39.5","38.7","38.7","38.7","38.7","0.0000","      ","2018-10-08"
"09/10/2018","38.6","38.7","38.7","38.7","38.7","0.0000","      ","2018-10-09"
"10/10/2018","39","39","39","39","39","0.0000","      ","2018-10-10"
"11/10/2018","39","39","39","39","39","0.0000","      ","2018-10-11"
"12/10/2018","37.5","39","39","39","39","0.0000","      ","2018-10-12"
"16/10/2018","38.5","38.5","38.5","38.5","38.5","0.0000","      ","2018-10-16"
"17/10/2018","37.3","37.3","37.3","37.5","37.3","0.0000","      ","2018-10-17"
"18/10/2018","37.5","37.5","37.5","37.5","37.5","0.0000","      ","2018-10-18"
"19/10/2018","38","38","38","38","38","0.0000","      ","2018-10-19"
"22/10/2018","38","38","38","38","38","0.0000","      ","2018-10-22"
"23/10/2018","37.8","37.8","37.8","37.8","37.8","0.0000","      ","2018-10-23"
"24/10/2018","37.59","38","38","38","38","0.0000","      ","2018-10-24"
"25/10/2018","38.5","38.5","38.5","38.5","38.5","0.0000","      ","2018-10-25"
"26/10/2018","38.5","38.5","38.5","38.5","38.5","0.0000","      ","2018-10-26"
"29/10/2018","38.8","38.8","38.8","38.8","38.8","0.0000","      ","2018-10-29"
"30/10/2018","38","39","39","39","39","0.0000","      ","2018-10-30"
"31/10/2018","38.5","38.5","38.5","38.5","38.5","0.0000","      ","2018-10-31"
"01/11/2018","37","37.5","37.5","37.5","37.5","0.0000","      ","2018-11-01"
"02/11/2018","37.5","37.5","37.5","37.5","37.5","0.0000","      ","2018-11-02"
"05/11/2018","37","37","37","37","37","0.0000","      ","2018-11-05"
"06/11/2018","37","37","37","37","37","0.0000","      ","2018-11-06"
"07/11/2018","37","37","37","37","37","0.0000","      ","2018-11-07"
"08/11/2018","37","37","37","37","37","0.0000","      ","2018-11-08"
"09/11/2018","37","37","37","37","37","0.0000","      ","2018-11-09"
"12/11/2018","36.6","36.6","36.6","36.6","36.6","0.0000","      ","2018-11-12"
"13/11/2018","36.8","36.8","36.8","36.8","36.8","0.0000","      ","2018-11-13"
"14/11/2018","37.2","37.2","37.2","37.2","37.2","0.0000","      ","2018-11-14"
"15/11/2018","37.3","37.3","37.3","37.3","37.3","0.0000","      ","2018-11-15"
"16/11/2018","37.2","37.2","37.2","37.2","37.2","0.0000","      ","2018-11-16"
"17/11/2018","37.2","37.2","37.2","37.2","37.2","0.0000","      ","2018-11-17"
"20/11/2018","37.2","37.2","37.2","37.2","37.2","0.0000","      ","2018-11-20"
"21/11/2018","37.5","37.5","37.5","37.5","37.5","0.0000","      ","2018-11-21"
"22/11/2018","37.5","37.5","37.5","37.5","37.5","0.0000","      ","2018-11-22"
"23/11/2018","37.9","37.9","37.9","37.9","37.9","0.0000","      ","2018-11-23"
"24/11/2018","37.9","37.9","37.9","37.9","37.9","0.0000","      ","2018-11-24"
"26/11/2018","39","39","39","39","39","0.0000","      ","2018-11-26"
"27/11/2018","41","41","41","41","41","0.0000","      ","2018-11-27"
"28/11/2018","40","40","40","40","40","0.0000","      ","2018-11-28"
"29/11/2018","40","40","40","40","40","0.0000","      ","2018-11-29"
"30/11/2018","40","40","40","40","40","0.0000","      ","2018-11-30"
"03/12/2018","39","39","39","39","39","0.0000","      ","2018-12-03"
"04/12/2018","38","38","38","38","38","0.0000","      ","2018-12-04"
"05/12/2018","39","39","39","39","39","0.0000","      ","2018-12-05"
"06/12/2018","39","39","39","39","39","0.0000","      ","2018-12-06"
"07/12/2018","39.2","39.2","39.2","39.2","39.2","0.0000","      ","2018-12-07"
"10/12/2018","39","39","39","39","39","0.0000","      ","2018-12-10"
"11/12/2018","39","39.2","39.2","39.2","39.2","0.0000","      ","2018-12-11"
"12/12/2018","39.5","39.5","39.5","39.5","39.5","0.0000","      ","2018-12-12"
"13/12/2018","39.2","39.2","39.2","39.2","39.2","0.0000","      ","2018-12-13"
"14/12/2018","39.2","39.2","39.2","39.2","39.2","0.0000","      ","2018-12-14"
"15/12/2018","39.2","39.2","39.2","39.2","39.2","0.0000","      ","2018-12-15"
"17/12/2018","40","40","40","40","40","0.0000","      ","2018-12-17"
"18/12/2018","40","40","40","40","40","0.0000","      ","2018-12-18"
"19/12/2018","40","40","40","40","40","0.0000","      ","2018-12-19"
"20/12/2018","40","40","40","40","40","0.0000","      ","2018-12-20"
"21/12/2018","39.5","39.5","39.5","39.5","39.5","0.0000","      ","2018-12-21"
"24/12/2018","39.5","39.5","39.5","39.5","39.5","0.0000","      ","2018-12-24"
"26/12/2018","39.5","39.5","39.5","39.5","39.5","0.0000","      ","2018-12-26"
"27/12/2018","40.5","40.5","40.5","40.5","40.5","0.0000","      ","2018-12-27"
"28/12/2018","40","40","40","40","40","0.0000","      ","2018-12-28"
"31/12/2018","40","40","40","40","40","0.0000","      ","2018-12-31"
"02/01/2019","39.5","39.5","39.5","39.5","39.5","0.0000","      ","2019-01-02"
"03/01/2019","39.5","39.5","39.5","39.5","39.5","0.0000","      ","2019-01-03"
"04/01/2019","39.5","39.5","39.5","39.5","39.5","0.0000","      ","2019-01-04"
"05/01/2019","39.5","39.5","39.5","39.5","39.5","0.0000","      ","2019-01-05"
"07/01/2019","38.5","39","39","39","39","0.0000","      ","2019-01-07"
"08/01/2019","39","39","39","39","39","0.0000","      ","2019-01-08"
"09/01/2019","39","39","39","39","39","0.0000","      ","2019-01-09"
"10/01/2019","39","39","39","39","39","0.0000","      ","2019-01-10"
"11/01/2019","39","39","39","39","39","0.0000","      ","2019-01-11"
"14/01/2019","39","39","39","39","39","0.0000","      ","2019-01-14"
"15/01/2019","39","39","39","39","39","0.0000","      ","2019-01-15"
"16/01/2019","38.7","38.7","38.7","38.7","38.7","0.0000","      ","2019-01-16"
"17/01/2019","39","39","39","39","39","0.0000","      ","2019-01-17"
"18/01/2019","39","39","39","39","39","0.0000","      ","2019-01-18"
"19/01/2019","39","39","39","39","39","0.0000","      ","2019-01-19"
"21/01/2019","39","39","39","39","39","0.0000","      ","2019-01-21"
"22/01/2019","39","39","39","39","39","0.0000","      ","2019-01-22"
"23/01/2019","38.8","38.8","38.8","38.8","38.8","0.0000","      ","2019-01-23"
"24/01/2019","38.8","38.8","38.8","38.8","38.8","0.0000","      ","2019-01-24"
"25/01/2019","38.5","38.5","38.5","38.5","38.5","0.0000","      ","2019-01-25"
"28/01/2019","38.5","38.5","38.5","38.5","38.5","0.0000","      ","2019-01-28"
"29/01/2019","38.5","38.5","38.5","38.5","38.5","0.0000","      ","2019-01-29"
"30/01/2019","39","39","39","39","39","0.0000","      ","2019-01-30"
"31/01/2019","39","39","39","39","39","0.0000","      ","2019-01-31"
"01/02/2019","39","39","39","39","39","0.0000","      ","2019-02-01"
"04/02/2019","38.6","38.6","38.6","38.6","38.6","0.0000","      ","2019-02-04"
"05/02/2019","38.1","38.6","38.6","38.6","38.6","0.0000","      ","2019-02-05"
"06/02/2019","38.5","38.6","38.6","38.6","38.6","0.0000","      ","2019-02-06"
"07/02/2019","38.8","38.8","38.8","38.8","38.8","0.0000","      ","2019-02-07"
"08/02/2019","38.8","38.8","38.8","38.8","38.8","0.0000","      ","2019-02-08"
"11/02/2019","39.2","39","39","39","39","0.0000","      ","2019-02-11"
"12/02/2019","39.2","39","39","39","39","0.0000","      ","2019-02-12"
"13/02/2019","39.2","39","39","39","39","0.0000","      ","2019-02-13"
"14/02/2019","39.2","39","39","39","39","0.0000","      ","2019-02-14"
"15/02/2019","39.5","39.5","39.5","39.5","39.5","0.0000","      ","2019-02-15"
"18/02/2019","40","40","40","40","40","0.0000","      ","2019-02-18"
"19/02/2019","40","40","40","40","40","0.0000","      ","2019-02-19"
"20/02/2019","41","41","41","41","41","0.0000","      ","2019-02-20"
"21/02/2019","41.2","41.2","41.2","41.2","41.2","0.0000","      ","2019-02-21"
"22/02/2019","41","41","41","41","41","0.0000","      ","2019-02-22"
"25/02/2019","41","41","41","41","41","0.0000","      ","2019-02-25"
"26/02/2019","41","41","41","41","41","0.0000","      ","2019-02-26"
"27/02/2019","41","41","41","41","41","0.0000","      ","2019-02-27"
"28/02/2019","41","41","41","41","41","0.0000","      ","2019-02-28"
"01/03/2019","41","41","41","41","41","0.0000","      ","2019-03-01"
"06/03/2019","41","41.5","41.5","41.5","41.5","0.0000","      ","2019-03-06"
"07/03/2019","44","44","44","44","44","0.0000","      ","2019-03-07"
"08/03/2019","44","44","44","44","44","0.0000","      ","2019-03-08"
"11/03/2019","43","43","43","43","43","0.0000","      ","2019-03-11"
"12/03/2019","43","43","43","43","43","0.0000","      ","2019-03-12"
"13/03/2019","43.5","43.5","43.5","43.5","43.5","0.0000","      ","2019-03-13"
"14/03/2019","43","43","43","43","43","0.0000","      ","2019-03-14"
"15/03/2019","42.5","42.5","42.5","42.5","42.5","0.0000","      ","2019-03-15"
"16/03/2019","42.5","42.5","42.5","42.5","42.5","0.0000","      ","2019-03-16"
"18/03/2019","42","42","42","42","42","0.0000","      ","2019-03-18"
"19/03/2019","42","42","42","42","42","0.0000","      ","2019-03-19"
"20/03/2019","42.5","42.5","42.5","42.5","42.5","0.0000","      ","2019-03-20"
"21/03/2019","43","43","43","43","43","0.0000","      ","2019-03-21"
"22/03/2019","43","43","43","43","43","0.0000","      ","2019-03-22"
"23/03/2019","43","43","43","43","43","0.0000","      ","2019-03-23"
"25/03/2019","44","44","44","44","44","0.0000","      ","2019-03-25"
"26/03/2019","44","44","44","44","44","0.0000","      ","2019-03-26"
"27/03/2019","44.5","44.5","44.5","44.5","44.5","0.0000","      ","2019-03-27"
"28/03/2019","45.5","45.5","45.5","45.5","45.5","0.0000","      ","2019-03-28"
"29/03/2019","46","46","46","46","46","0.0000","      ","2019-03-29"
"01/04/2019","44.5","45.5","45.5","45.5","45.5","0.0000","      ","2019-04-01"
"03/04/2019","44.5","44.5","44.5","44.5","44.5","0.0000","      ","2019-04-03"
"04/04/2019","44.5","44.5","44.5","44.5","44.5","0.0000","      ","2019-04-04"
"05/04/2019","45","45","45","45","45","0.0000","      ","2019-04-05"
"08/04/2019","45","45","45","45","45","0.0000","      ","2019-04-08"
"09/04/2019","45","45","45","45","45","0.0000","      ","2019-04-09"
"10/04/2019","45","45","45","45","45","0.0000","      ","2019-04-10"
"11/04/2019","44.5","44.5","44.5","44.5","44.5","0.0000","      ","2019-04-11"
"12/04/2019","44.5","44.5","44.5","44.5","44.5","0.0000","      ","2019-04-12"
"13/04/2019","44.5","44.5","44.5","44.5","44.5","0.0000","      ","2019-04-13"
"15/04/2019","43.7","43.7","43.7","43.7","43.7","0.0000","      ","2019-04-15"
"16/04/2019","43.5","43.5","43.5","43.5","43.5","0.0000","      ","2019-04-16"
"17/04/2019","44","44","44","44","44","0.0000","      ","2019-04-17"
"18/04/2019","43","44","44","44","44","0.0000","      ","2019-04-18"
"22/04/2019","43.5","43.5","43.5","43.5","43.5","0.0000","      ","2019-04-22"
"23/04/2019","44","44","44","44","44","0.0000","      ","2019-04-23"
"24/04/2019","44.5","44.5","44.5","44.5","44.5","0.0000","      ","2019-04-24"
"25/04/2019","47","45.5","45.5","45.5","45.5","0.0000","      ","2019-04-25"
"26/04/2019","46","47","47","47","47","0.0000","      ","2019-04-26"
"27/04/2019","46","47","47","47","47","0.0000","      ","2019-04-27"
"29/04/2019","47.5","47.5","47.5","47.5","47.5","0.0000","      ","2019-04-29"
"30/04/2019","45.5","45.5","45.5","45.5","45.5","0.0000","      ","2019-04-30"
"02/05/2019","46","46","46","46","46","0.0000","      ","2019-05-02"
"03/05/2019","46.5","46.5","46.5","46.5","46.5","0.0000","      ","2019-05-03"
"06/05/2019","46","46","46","46","46","0.0000","      ","2019-05-06"
"07/05/2019","46.5","46.5","46.5","46.5","46.5","0.0000","      ","2019-05-07"
"08/05/2019","46.8","46.8","46.8","46.8","46.8","0.0000","      ","2019-05-08"
"09/05/2019","46.6","46.5","46.5","46.5","46.5","0.0000","      ","2019-05-09"
"10/05/2019","46.5","46.9","46.9","46.9","46.9","0.0000","      ","2019-05-10"
"11/05/2019","46.5","46.9","46.9","46.9","46.9","0.0000","      ","2019-05-11"
"13/05/2019","46","46.5","46.5","46.5","46.5","0.0000","      ","2019-05-13"
"14/05/2019","46.5","46.5","46.5","46.5","46.5","0.0000","      ","2019-05-14"
"15/05/2019","46.5","46.5","46.5","46.5","46.5","0.0000","      ","2019-05-15"
"16/05/2019","46.2","46.2","46.2","46.2","46.2","0.0000","      ","2019-05-16"
"17/05/2019","46","46.2","46.2","46.2","46.2","0.0000","      ","2019-05-17"
"18/05/2019","46","46.2","46.2","46.2","46.2","0.0000","      ","2019-05-18"
"20/05/2019","46.5","46.5","46.5","46.5","46.5","0.0000","      ","2019-05-20"
"21/05/2019","46.5","46.5","46.5","46.5","46.5","0.0000","      ","2019-05-21"
"22/05/2019","46","46.2","46.2","46.2","46.2","0.0000","      ","2019-05-22"
"23/05/2019","46.2","46.2","46.2","46.2","46.2","0.0000","      ","2019-05-23"
"24/05/2019","46.5","46.5","46.5","46.5","46.5","0.0000","      ","2019-05-24"
"25/05/2019","46.5","46.5","46.5","46.5","46.5","0.0000","      ","2019-05-25"
"27/05/2019","46.2","46.2","46.2","46.2","46.2","0.0000","      ","2019-05-27"
"28/05/2019","46.2","46.2","46.2","46.2","46.2","0.0000","      ","2019-05-28"
"29/05/2019","46.2","46.2","46.2","46.2","46.2","0.0000","      ","2019-05-29"
"30/05/2019","45.7","45.7","45.7","45.7","45.7","0.0000","      ","2019-05-30"
"31/05/2019","45.7","45.7","45.7","45.7","45.7","0.0000","      ","2019-05-31"
"03/06/2019","46.2","46.2","46.2","46.2","46.2","0.0000","      ","2019-06-03"
"04/06/2019","46","46.3","46.3","46.3","46.3","0.0000","      ","2019-06-04"
"05/06/2019","46","46.3","46.3","46.3","46.3","0.0000","      ","2019-06-05"
"06/06/2019","46.2","46.2","46.2","46.2","46.2","0.0000","      ","2019-06-06"
"07/06/2019","46.2","46.2","46.2","46.2","46.2","0.0000","      ","2019-06-07"
"08/06/2019","46.2","46.2","46.2","46.2","46.2","0.0000","      ","2019-06-08"
"10/06/2019","46","46.2","46.2","46.2","46.2","0.0000","      ","2019-06-10"
"11/06/2019","46.2","46.2","46.2","46.2","46.2","0.0000","      ","2019-06-11"
"12/06/2019","46","46","46","46","46","0.0000","      ","2019-06-12"
"13/06/2019","46","45.5","45.5","45.5","45.5","0.0000","      ","2019-06-13"
"14/06/2019","45","45","45","45","45","0.0000","      ","2019-06-14"
"18/06/2019","45.5","45.5","45.5","45.5","45.5","0.0000","      ","2019-06-18"
"19/06/2019","45","45","45","45","45","0.0000","      ","2019-06-19"
"21/06/2019","45","45","45","45","45","0.0000","      ","2019-06-21"
"24/06/2019","44","45","45","45","45","0.0000","      ","2019-06-24"
"25/06/2019","44","45","45","45","45","0.0000","      ","2019-06-25"
"26/06/2019","44","45","45","45","45","0.0000","      ","2019-06-26"
"27/06/2019","44","45","45","45","45","0.0000","      ","2019-06-27"
"28/06/2019","44","45","45","45","45","0.0000","      ","2019-06-28"
"29/06/2019","44","45","45","45","45","0.0000","      ","2019-06-29"
"01/07/2019","44","45","45","45","45","0.0000","      ","2019-07-01"
"02/07/2019","44","44","44","44","44","0.0000","      ","2019-07-02"
"03/07/2019","43.6","43.6","43.6","43.6","43.6","0.0000","      ","2019-07-03"
"04/07/2019","43.5","43.5","43.5","43.5","43.5","0.0000","      ","2019-07-04"
"05/07/2019","43.5","43.5","43.5","43.5","43.5","0.0000","      ","2019-07-05"
"08/07/2019","43.5","43.5","43.5","43.5","43.5","0.0000","      ","2019-07-08"
"10/07/2019","43.5","43.5","43.5","43.5","43.5","0.0000","      ","2019-07-10"
"11/07/2019","43.5","43.5","43.5","43.5","43.5","0.0000","      ","2019-07-11"
"12/07/2019","43.5","43.5","43.5","43.5","43.5","0.0000","      ","2019-07-12"
"15/07/2019","43","43","43","43","43","0.0000","      ","2019-07-15"
"16/07/2019","43.5","43.7","43.7","43.7","43.7","0.0000","      ","2019-07-16"
"17/07/2019","44","44","44","44","44","0.0000","      ","2019-07-17"
"18/07/2019","44","44","44","44","44","0.0000","      ","2019-07-18"
"19/07/2019","43.5","44","44","44","44","0.0000","      ","2019-07-19"
"22/07/2019","44","44","44","44","44","0.0000","      ","2019-07-22"
"23/07/2019","44","44","44","44","44","0.0000","      ","2019-07-23"
"24/07/2019","44","44","44","44","44","0.0000","      ","2019-07-24"
"25/07/2019","44","44.5","44.5","44.5","44.5","0.0000","      ","2019-07-25"
"26/07/2019","45","45","45","45","45","0.0000","      ","2019-07-26"
"29/07/2019","44","45","45","45","45","0.0000","      ","2019-07-29"
"30/07/2019","45.5","45.5","45.5","45.5","45.5","0.0000","      ","2019-07-30"
"31/07/2019","44.8","45.5","45.5","45.5","45.5","0.0000","      ","2019-07-31"
"01/08/2019","45.5","45.5","45.5","45.5","45.5","0.0000","      ","2019-08-01"
"02/08/2019","46","46","46","46","46","0.0000","      ","2019-08-02"
"03/08/2019","46","46","46","46","46","0.0000","      ","2019-08-03"
"05/08/2019","46.5","46.5","46.5","46.5","46.5","0.0000","      ","2019-08-05"
"06/08/2019","47","47","47","47","47","0.0000","      ","2019-08-06"
"07/08/2019","47","47","47","47","47","0.0000","      ","2019-08-07"
"08/08/2019","46.5","47","47","47","47","0.0000","      ","2019-08-08"
"09/08/2019","46.6","46.6","46.6","46.6","46.6","0.0000","      ","2019-08-09"
"12/08/2019","56","56","56","56","56","0.0000","      ","2019-08-12"
"13/08/2019","60","60","60","60","60","0.0000","      ","2019-08-13"
"14/08/2019","60","60","60","60","60","0.0000","      ","2019-08-14"
"15/08/2019","60","60","60","60","60","0.0000","      ","2019-08-15"
"16/08/2019","59","60","60","60","60","0.0000","      ","2019-08-16"
"19/08/2019","59","60","60","60","60","0.0000","      ","2019-08-19"
"20/08/2019","59","60","60","60","60","0.0000","      ","2019-08-20"
"21/08/2019","57","58","58","58","58","0.0000","      ","2019-08-21"
"22/08/2019","58","58","58","58","58","0.0000","      ","2019-08-22"
"23/08/2019","58","58","58","58","58","0.0000","      ","2019-08-23"
"26/08/2019","58","58","58","58","58","0.0000","      ","2019-08-26"
"27/08/2019","58","58","58","58","58","0.0000","      ","2019-08-27"
"28/08/2019","60","60","60","60","60","0.0000","      ","2019-08-28"
"29/08/2019","61","60","60","60","60","0.0000","      ","2019-08-29"
"30/08/2019","62","60","60","60","60","0.0000","      ","2019-08-30"
"02/09/2019","61","60","60","60","60","0.0000","      ","2019-09-02"
"03/09/2019","60","60","60","60","60","0.0000","      ","2019-09-03"
"04/09/2019","60","60","60","60","60","0.0000","      ","2019-09-04"
"05/09/2019","60","60","60","60","60","0.0000","      ","2019-09-05"
"06/09/2019","60","60","60","60","60","0.0000","      ","2019-09-06"
"07/09/2019","60","60","60","60","60","0.0000","      ","2019-09-07"
"09/09/2019","60","60","60","60","60","0.0000","      ","2019-09-09"
"10/09/2019","60","60","60","60","60","0.0000","      ","2019-09-10"
"11/09/2019","58","60","60","60","60","0.0000","      ","2019-09-11"
"12/09/2019","60","60","60","60","60","0.0000","      ","2019-09-12"
"13/09/2019","60","60","60","60","60","0.0000","      ","2019-09-13"
"16/09/2019","60","60","60","60","60","0.0000","      ","2019-09-16"
"17/09/2019","60","60","60","60","60","0.0000","      ","2019-09-17"
"18/09/2019","60","60","60","60","60","0.0000","      ","2019-09-18"
"19/09/2019","60","60","60","60","60","0.0000","      ","2019-09-19"
"20/09/2019","60","60","60","60","60","0.0000","      ","2019-09-20"
"23/09/2019","60","60","60","60","60","0.0000","      ","2019-09-23"
"24/09/2019","60","60","60","60","60","0.0000","      ","2019-09-24"
"25/09/2019","60","60","60","60","60","0.0000","      ","2019-09-25"
"26/09/2019","60","60","60","60","60","0.0000","      ","2019-09-26"
"27/09/2019","61","61","61","61","61","0.0000","      ","2019-09-27"
"28/09/2019","61","61","61","61","61","0.0000","      ","2019-09-28"
"30/09/2019","61","61","61","61","61","0.0000","      ","2019-09-30"
"01/10/2019","60","61","61","61","61","0.0000","      ","2019-10-01"
"02/10/2019","61","61","61","61","61","0.0000","      ","2019-10-02"
"03/10/2019","61","61","61","61","61","0.0000","      ","2019-10-03"
"04/10/2019","61","61","61","61","61","0.0000","      ","2019-10-04"
"07/10/2019","61","61","61","61","61","0.0000","      ","2019-10-07"
"08/10/2019","61","61","61","61","61","0.0000","      ","2019-10-08"
"09/10/2019","61","61","61","61","61","0.0000","      ","2019-10-09"
"10/10/2019","61","61","61","61","61","0.0000","      ","2019-10-10"
"11/10/2019","61","61","61","61","61","0.0000","      ","2019-10-11"
"12/10/2019","61","61","61","61","61","0.0000","      ","2019-10-12"
"14/10/2019","61","61","61","61","61","0.0000","      ","2019-10-14"
"15/10/2019","61","61","61","61","61","0.0000","      ","2019-10-15"
"16/10/2019","61","61","61","61","61","0.0000","      ","2019-10-16"
"17/10/2019","61","61","61","61","61","0.0000","      ","2019-10-17"
"18/10/2019","61","61","61","61","61","0.0000","      ","2019-10-18"
"21/10/2019","61","61","61","61","61","0.0000","      ","2019-10-21"
"22/10/2019","62","62","62","62","62","0.0000","      ","2019-10-22"
"23/10/2019","62.5","62.5","62.5","62.5","62.5","0.0000","      ","2019-10-23"
"24/10/2019","63","63","63","63","63","0.0000","      ","2019-10-24"
"25/10/2019","64","64","64","64","64","0.0000","      ","2019-10-25"
"26/10/2019","64","64","64","64","64","0.0000","      ","2019-10-26"
"28/10/2019","65","64","64","64","64","0.0000","      ","2019-10-28"
"29/10/2019","65","64","64","64","64","0.0000","      ","2019-10-29"
"30/10/2019","65","64","64","64","64","0.0000","      ","2019-10-30"
"31/10/2019","65","65","65","65","65","0.0000","      ","2019-10-31"
"01/11/2019","65","65","65","65","65","0.0000","      ","2019-11-01"
"04/11/2019","65","65","65","65","65","0.0000","      ","2019-11-04"
"05/11/2019","65","65","65","65","65","0.0000","      ","2019-11-05"
"06/11/2019","65","65","65","65","65","0.0000","      ","2019-11-06"
"07/11/2019","65","65","65","65","65","0.0000","      ","2019-11-07"
"08/11/2019","64","64","64","64","64","0.0000","      ","2019-11-08"
"11/11/2019","64","64","64","64","64","0.0000","      ","2019-11-11"
"12/11/2019","64","64","64","64","64","0.0000","      ","2019-11-12"
"13/11/2019","64","64","64","64","64","0.0000","      ","2019-11-13"
"14/11/2019","64","64","64","64","64","0.0000","      ","2019-11-14"
"15/11/2019","64","64","64","64","64","0.0000","      ","2019-11-15"
"19/11/2019","64","64","64","64","64","0.0000","      ","2019-11-19"
"20/11/2019","64","64","64","64","64","0.0000","      ","2019-11-20"
"21/11/2019","64","64","64","64","64","0.0000","      ","2019-11-21"
"22/11/2019","64","64","64","64","64","0.0000","      ","2019-11-22"
"25/11/2019","64","64","64","64","64","0.0000","      ","2019-11-25"
"26/11/2019","64","64","64","64","64","0.0000","      ","2019-11-26"
"27/11/2019","64","64","64","64","64","0.0000","      ","2019-11-27"
"28/11/2019","64","64","64","64","64","0.0000","      ","2019-11-28"
"29/11/2019","64","64","64","64","64","0.0000","      ","2019-11-29"
"30/11/2019","64","64","64","64","64","0.0000","      ","2019-11-30"
"02/12/2019","62.5","63","63","63","63","0.0000","      ","2019-12-02"
"03/12/2019","63","64","64","64","64","0.0000","      ","2019-12-03"
"04/12/2019","64","64","64","64","64","0.0000","      ","2019-12-04"
"05/12/2019","64","64","64","64","64","0.0000","      ","2019-12-05"
"06/12/2019","64","64","64","64","64","0.0000","      ","2019-12-06"
"09/12/2019","64","64","64","64","64","0.0000","      ","2019-12-09"
"10/12/2019","64","64","64","64","64","0.0000","      ","2019-12-10"
"11/12/2019","64","64","64","64","64","0.0000","      ","2019-12-11"
"12/12/2019","64","64","64","64","64","0.0000","      ","2019-12-12"
"13/12/2019","64","64","64","64","64","0.0000","      ","2019-12-13"
"16/12/2019","64","64","64","64","64","0.0000","      ","2019-12-16"
"17/12/2019","64","64","64","64","64","0.0000","      ","2019-12-17"
"18/12/2019","64","64","64","64","64","0.0000","      ","2019-12-18"
"19/12/2019","64","64","64","64","64","0.0000","      ","2019-12-19"
"20/12/2019","64","64","64","64","64","0.0000","      ","2019-12-20"
"23/12/2019","64","64","64","64","64","0.0000","      ","2019-12-23"
"24/12/2019","64","64","64","64","64","0.0000","      ","2019-12-24"
"26/12/2019","64","64","64","64","64","0.0000","      ","2019-12-26"
"27/12/2019","64","64","64","64","64","0.0000","      ","2019-12-27"
"30/12/2019","64","64","64","64","64","0.0000","      ","2019-12-30"
"31/12/2019","64","64","64","64","64","0.0000","      ","2019-12-31"
"02/01/2020","64","64","64","64","64","0.0000","      ","2020-01-02"
"03/01/2020","64","64","64","64","64","0.0000","      ","2020-01-03"
"06/01/2020","64","64","64","64","64","0.0000","      ","2020-01-06"
"07/01/2020","64","64","64","64","64","0.0000","      ","2020-01-07"
"08/01/2020","64","64","64","64","64","0.0000","      ","2020-01-08"
"09/01/2020","64","64","64","64","64","0.0000","      ","2020-01-09"
"10/01/2020","64","64","64","64","64","0.0000","      ","2020-01-10"
"13/01/2020","64","64","64","64","64","0.0000","      ","2020-01-13"
"14/01/2020","64","64","64","64","64","0.0000","      ","2020-01-14"
"15/01/2020","64","64","64","64","64","0.0000","      ","2020-01-15"
"16/01/2020","64","64","64","64","64","0.0000","      ","2020-01-16"
"17/01/2020","64","64","64","64","64","0.0000","      ","2020-01-17"
"20/01/2020","64","64","64","64","64","0.0000","      ","2020-01-20"
"21/01/2020","64","64","64","64","64","0.0000","      ","2020-01-21"
"22/01/2020","64","64","64","64","64","0.0000","      ","2020-01-22"
"23/01/2020","64","64","64","64","64","0.0000","      ","2020-01-23"
"24/01/2020","64","64","64","64","64","0.0000","      ","2020-01-24"
"27/01/2020","64","64","64","64","64","0.0000","      ","2020-01-27"
"28/01/2020","64","64","64","64","64","0.0000","      ","2020-01-28"
"29/01/2020","64","64","64","64","64","0.0000","      ","2020-01-29"
"30/01/2020","64","64","64","64","64","0.0000","      ","2020-01-30"
"31/01/2020","64","64","64","64","64","0.0000","      ","2020-01-31"
"03/02/2020","64","64","64","64","64","0.0000","      ","2020-02-03"
"04/02/2020","64","64","64","64","64","0.0000","      ","2020-02-04"
"05/02/2020","64","64","64","64","64","0.0000","      ","2020-02-05"
"06/02/2020","64","64","64","64","64","0.0000","      ","2020-02-06"
"07/02/2020","64","64","64","64","64","0.0000","      ","2020-02-07"
"10/02/2020","64","64","64","64","64","0.0000","      ","2020-02-10"
"11/02/2020","64","64","64","64","64","0.0000","      ","2020-02-11"
"12/02/2020","64","64","64","64","64","0.0000","      ","2020-02-12"
"13/02/2020","64","64","64","64","64","0.0000","      ","2020-02-13"
"14/02/2020","64","64","64","64","64","0.0000","      ","2020-02-14"
"17/02/2020","64","64","64","64","64","0.0000","      ","2020-02-17"
"18/02/2020","64","64","64","64","64","0.0000","      ","2020-02-18"
"19/02/2020","64","64","64","64","64","0.0000","      ","2020-02-19"
"20/02/2020","64","64","64","64","64","0.0000","      ","2020-02-20"
"21/02/2020","64","64","64","64","64","0.0000","      ","2020-02-21"
"26/02/2020","64","64","64","64","64","0.0000","      ","2020-02-26"
"27/02/2020","64","64","64","64","64","0.0000","      ","2020-02-27"
"28/02/2020","64","64","64","64","64","0.0000","      ","2020-02-28"
"02/03/2020","65","65","65","65","65","0.0000","      ","2020-03-02"
"03/03/2020","65","65","65","65","65","0.0000","      ","2020-03-03"
"04/03/2020","65","65","65","65","65","0.0000","      ","2020-03-04"
"05/03/2020","65","65","65","65","65","0.0000","      ","2020-03-05"
"06/03/2020","65","65","65","65","65","0.0000","      ","2020-03-06"
"09/03/2020","65","65","65","65","65","0.0000","      ","2020-03-09"
"10/03/2020","65","65","65","65","65","0.0000","      ","2020-03-10"
"11/03/2020","65","65","65","65","65","0.0000","      ","2020-03-11"
"12/03/2020","65","65","65","65","65","0.0000","      ","2020-03-12"
"13/03/2020","65.5","65.5","65.5","65.5","65.5","0.0000","      ","2020-03-13"
"16/03/2020","65.5","65.5","65.5","65.5","65.5","0.0000","      ","2020-03-16"
"17/03/2020","65.5","65.5","65.5","65.5","65.5","0.0000","      ","2020-03-17"
"18/03/2020","65.5","65.5","65.5","65.5","65.5","0.0000","      ","2020-03-18"
"19/03/2020","65.5","65.5","65.5","65.5","65.5","0.0000","      ","2020-03-19"
"02/04/2020","65.5","65.5","65.5","65.5","65.5","0.0000","      ","2020-04-02"
"13/04/2020","65.5","65.5","65.5","65.5","65.5","0.0000","      ","2020-04-13"
"15/04/2020","67","67","67","67","67","0.0000","      ","2020-04-15"
"16/04/2020","67","67","67","67","67","0.0000","      ","2020-04-16"
"17/04/2020","67","67","67","67","67","0.0000","      ","2020-04-17"
"21/04/2020","68","68","68","68","68","0.0000","      ","2020-04-21"
"24/04/2020","68","68","68","68","68","0.0000","      ","2020-04-24"
"25/04/2020","68","68","68","68","68","0.0000","      ","2020-04-25"
"27/04/2020","68","68","68","68","68","0.0000","      ","2020-04-27"
"28/04/2020","69","69","69","69","69","0.0000","      ","2020-04-28"
"29/04/2020","69","69","69","69","69","0.0000","      ","2020-04-29"
"30/04/2020","70","70","70","70","70","0.0000","      ","2020-04-30"
"02/05/2020","70","70","70","70","70","0.0000","      ","2020-05-02"
"04/05/2020","70","70","70","70","70","0.0000","      ","2020-05-04"
"05/05/2020","70","70","70","70","70","0.0000","      ","2020-05-05"
"06/05/2020","70","70","70","70","70","0.0000","      ","2020-05-06"
"07/05/2020","70","70","70","70","70","0.0000","      ","2020-05-07"
"08/05/2020","70","70","70","70","70","0.0000","      ","2020-05-08"
"09/05/2020","70","70","70","70","70","0.0000","      ","2020-05-09"
"11/05/2020","70","70","70","70","70","0.0000","      ","2020-05-11"
"12/05/2020","70","70","70","70","70","0.0000","      ","2020-05-12"
"13/05/2020","70","70","70","70","70","0.0000","      ","2020-05-13"
"14/05/2020","70","70","70","70","70","0.0000","      ","2020-05-14"
"15/05/2020","70","70","70","70","70","0.0000","      ","2020-05-15"
"18/05/2020","70","70","70","70","70","0.0000","      ","2020-05-18"
"20/05/2020","70","70","70","70","70","0.0000","      ","2020-05-20"
"21/05/2020","70","70","70","70","70","0.0000","      ","2020-05-21"
"22/05/2020","70","70","70","70","70","0.0000","      ","2020-05-22"
"26/05/2020","70","70","70","70","70","0.0000","      ","2020-05-26"
"27/05/2020","70.5","70.5","70.5","70.5","70.5","0.0000","      ","2020-05-27"
"28/05/2020","70.5","70.5","70.5","70.5","70.5","0.0000","      ","2020-05-28"
"29/05/2020","70.5","70.5","70.5","70.5","70.5","0.0000","      ","2020-05-29"
"01/06/2020","70.75","70.75","70.75","70.75","70.75","0.0000","      ","2020-06-01"
"02/06/2020","70.75","70.75","70.75","70.75","70.75","0.0000","      ","2020-06-02"
"03/06/2020","70.75","70.75","70.75","70.75","70.75","0.0000","      ","2020-06-03"
"04/06/2020","70.75","70.75","70.75","70.75","70.75","0.0000","      ","2020-06-04"
"05/06/2020","71","71","71","71","71","0.0000","      ","2020-06-05"
"08/06/2020","71","71","71","71","71","0.0000","      ","2020-06-08"
"09/06/2020","71","71","71","71","71","0.0000","      ","2020-06-09"
"10/06/2020","72","72","72","72","72","0.0000","      ","2020-06-10"
"11/06/2020","72","72","72","72","72","0.0000","      ","2020-06-11"
"12/06/2020","72","72","72","72","72","0.0000","      ","2020-06-12"
"16/06/2020","72","72","72","72","72","0.0000","      ","2020-06-16"
"17/06/2020","73","73","73","73","73","0.0000","      ","2020-06-17"
"18/06/2020","73","73","73","73","73","0.0000","      ","2020-06-18"
"19/06/2020","73","73","73","73","73","0.0000","      ","2020-06-19"
"22/06/2020","73","73","73","73","73","0.0000","      ","2020-06-22"
"23/06/2020","73","73","73","73","73","0.0000","      ","2020-06-23"
"24/06/2020","74","74","74","74","74","0.0000","      ","2020-06-24"
"25/06/2020","74","74","74","74","74","0.0000","      ","2020-06-25"
"26/06/2020","72","74","74","74","74","0.0000","      ","2020-06-26"
"29/06/2020","72","74","74","74","74","0.0000","      ","2020-06-29"
"30/06/2020","74","74","74","74","74","0.0000","      ","2020-06-30"
"01/07/2020","74","74","74","74","74","0.0000","      ","2020-07-01"
"02/07/2020","74","74","74","74","74","0.0000","      ","2020-07-02"
"03/07/2020","74","74","74","74","74","0.0000","      ","2020-07-03"
"04/07/2020","74","74","74","74","74","0.0000","      ","2020-07-04"
"06/07/2020","74","74","74","74","74","0.0000","      ","2020-07-06"
"07/07/2020","75","75","75","75","75","0.0000","      ","2020-07-07"
"08/07/2020","75","75","75","75","75","0.0000","      ","2020-07-08"
"09/07/2020","75","75","75","75","75","0.0000","      ","2020-07-09"
"10/07/2020","75","75","75","75","75","0.0000","      ","2020-07-10"
"13/07/2020","75","75","75","75","75","0.0000","      ","2020-07-13"
"14/07/2020","75","75","75","75","75","0.0000","      ","2020-07-14"
"15/07/2020","75","75","75","75","75","0.0000","      ","2020-07-15"
"16/07/2020","75.5","75.5","75.5","75.5","75.5","0.0000","      ","2020-07-16"
"17/07/2020","75.5","75.5","75.5","75.5","75.5","0.0000","      ","2020-07-17"
"20/07/2020","76","76","76","76","76","0.0000","      ","2020-07-20"
"21/07/2020","76","76","76","76","76","0.0000","      ","2020-07-21"
"22/07/2020","76","76","76","76","76","0.0000","      ","2020-07-22"
"23/07/2020","76","76","76","76","76","0.0000","      ","2020-07-23"
"24/07/2020","76","76","76","76","76","0.0000","      ","2020-07-24"
"27/07/2020","76","76","76","76","76","0.0000","      ","2020-07-27"
"28/07/2020","76","76","76","76","76","0.0000","      ","2020-07-28"
"29/07/2020","76","76.5","76.5","76.5","76.5","0.0000","      ","2020-07-29"
"30/07/2020","76","76.5","76.5","76.5","76.5","0.0000","      ","2020-07-30"
"31/07/2020","76.5","76.5","76.5","76.5","76.5","0.0000","      ","2020-07-31"
"01/08/2020","76.5","76.5","76.5","76.5","76.5","0.0000","      ","2020-08-01"
"02/08/2020","76.5","76.5","76.5","76.5","76.5","0.0000","      ","2020-08-02"
"03/08/2020","76.5","76.5","76.5","76.5","76.5","0.0000","      ","2020-08-03"
"04/08/2020","77","76.5","76.5","76.5","76.5","0.0000","      ","2020-08-04"
"05/08/2020","77","77","77","77","77","0.0000","      ","2020-08-05"
"06/08/2020","77","77","77","77","77","0.0000","      ","2020-08-06"
"07/08/2020","77","77","77","77","77","0.0000","      ","2020-08-07"
"09/08/2020","77","77","77","77","77","0.0000","      ","2020-08-09"
"10/08/2020","77","77","77","77","77","0.0000","      ","2020-08-10"
"11/08/2020","77.5","77.5","77.5","77.5","77.5","0.0000","      ","2020-08-11"
"12/08/2020","77.5","77.5","77.5","77.5","77.5","0.0000","      ","2020-08-12"
"13/08/2020","77.5","77.5","77.5","77.5","77.5","0.0000","      ","2020-08-13"
"14/08/2020","77.5","77.5","77.5","77.5","77.5","0.0000","      ","2020-08-14"
"17/08/2020","77.5","77.5","77.5","77.5","77.5","0.0000","      ","2020-08-17"
"18/08/2020","77.5","77.5","77.5","77.5","77.5","0.0000","      ","2020-08-18"
"19/08/2020","78","78","78","78","78","0.0000","      ","2020-08-19"
"20/08/2020","78","78","78","78","78","0.0000","      ","2020-08-20"
"21/08/2020","78","78","78","78","78","0.0000","      ","2020-08-21"
"22/08/2020","78","78","78","78","78","0.0000","      ","2020-08-22"
"24/08/2020","78","78","78","78","78","0.0000","      ","2020-08-24"
"25/08/2020","78","78","78","78","78","0.0000","      ","2020-08-25"
"26/08/2020","78","78","78","78","78","0.0000","      ","2020-08-26"
"27/08/2020","78","78","78","78","78","0.0000","      ","2020-08-27"
"28/08/2020","78","78","78","78","78","0.0000","      ","2020-08-28"
"31/08/2020","78","78","78","78","78","0.0000","      ","2020-08-31"
"01/09/2020","78.5","78.5","78.5","78.5","78.5","0.0000","      ","2020-09-01"
"02/09/2020","78.5","78.5","78.5","78.5","78.5","0.0000","      ","2020-09-02"
"03/09/2020","78.5","78.5","78.5","78.5","78.5","0.0000","      ","2020-09-03"
"04/09/2020","78.5","78.5","78.5","78.5","78.5","0.0000","      ","2020-09-04"
"07/09/2020","79","79","79","79","79","0.0000","      ","2020-09-07"
"08/09/2020","79","79","79","79","79","0.0000","      ","2020-09-08"
"09/09/2020","79","79","79","79","79","0.0000","      ","2020-09-09"
"10/09/2020","79","79","79","79","79","0.0000","      ","2020-09-10"
"11/09/2020","79.5","79.5","79.5","79.5","79.5","0.0000","      ","2020-09-11"
"14/09/2020","79.5","79.5","79.5","79.5","79.5","0.0000","      ","2020-09-14"
"15/09/2020","79.5","79.5","79.5","79.5","79.5","0.0000","      ","2020-09-15"
"16/09/2020","80","80","80","80","80","0.0000","      ","2020-09-16"
"17/09/2020","80","80","80","80","80","0.0000","      ","2020-09-17"
"18/09/2020","80","80","80","80","80","0.0000","      ","2020-09-18"
"21/09/2020","80","80","80","80","80","0.0000","      ","2020-09-21"
"22/09/2020","80","80","80","80","80","0.0000","      ","2020-09-22"
"23/09/2020","80","80","80","80","80","0.0000","      ","2020-09-23"
"24/09/2020","80","80","80","80","80","0.0000","      ","2020-09-24"
"25/09/2020","80","80","80","80","80","0.0000","      ","2020-09-25"
"28/09/2020","80","80","80","80","80","0.0000","      ","2020-09-28"
"29/09/2020","80","80","80","80","80","0.0000","      ","2020-09-29"
"30/09/2020","80.5","80.5","80.5","80.5","80.5","0.0000","      ","2020-09-30"
"01/10/2020","80.5","80.5","80.5","80.5","80.5","0.0000","      ","2020-10-01"
"02/10/2020","80.5","80.5","80.5","80.5","80.5","0.0000","      ","2020-10-02"
"05/10/2020","82","82","82","82","82","0.0000","      ","2020-10-05"
"06/10/2020","82","82","82","82","82","0.0000","      ","2020-10-06"
"07/10/2020","82.5","82.5","82.5","82.5","82.5","0.0000","      ","2020-10-07"
"08/10/2020","82.5","82.5","82.5","82.5","82.5","0.0000","      ","2020-10-08"
"09/10/2020","83","83","83","83","83","0.0000","      ","2020-10-09"
"10/10/2020","83","83","83","83","83","0.0000","      ","2020-10-10"
"13/10/2020","83","83","83","83","83","0.0000","      ","2020-10-13"
"14/10/2020","83.25","83.25","83.25","83.25","83.25","0.0000","      ","2020-10-14"
"15/10/2020","83.25","83.25","83.25","83.25","83.25","0.0000","      ","2020-10-15"
"16/10/2020","83.5","83.5","83.5","83.5","83.5","0.0000","      ","2020-10-16"
"17/10/2020","83.5","83.5","83.5","83.5","83.5","0.0000","      ","2020-10-17"
"19/10/2020","83.5","83.5","83.5","83.5","83.5","0.0000","      ","2020-10-19"
"20/10/2020","83.5","83.5","83.5","83.5","83.5","0.0000","      ","2020-10-20"
"21/10/2020","83.75","83.75","83.75","83.75","83.75","0.0000","      ","2020-10-21"
"22/10/2020","84","84","84","84","84","0.0000","      ","2020-10-22"
"23/10/2020","84.25","84.25","84.25","84.25","84.25","0.0000","      ","2020-10-23"
"26/10/2020","84.5","84.5","84.5","84.5","84.5","0.0000","      ","2020-10-26"
"27/10/2020","84.5","84.5","84.5","84.5","84.5","0.0000","      ","2020-10-27"
"28/10/2020","84.5","84.5","84.5","84.5","84.5","0.0000","      ","2020-10-28"
"29/10/2020","84.5","84.5","84.5","84.5","84.5","0.0000","      ","2020-10-29"
"30/10/2020","84.5","84.5","84.5","84.5","84.5","0.0000","      ","2020-10-30"
"02/11/2020","84.5","84.5","84.5","84.5","84.5","0.0000","      ","2020-11-02"
"03/11/2020","84.75","84.75","84.75","84.75","84.75","0.0000","      ","2020-11-03"
"04/11/2020","85","85","85","85","85","0.0000","      ","2020-11-04"
"05/11/2020","85.25","85.25","85.25","85.25","85.25","0.0000","      ","2020-11-05"
"06/11/2020","85.25","85.25","85.25","85.25","85.25","0.0000","      ","2020-11-06"
"09/11/2020","85.25","85.25","85.25","85.25","85.25","0.0000","      ","2020-11-09"
"10/11/2020","85.5","85.5","85.5","85.5","85.5","0.0000","      ","2020-11-10"
"11/11/2020","85.75","85.75","85.75","85.75","85.75","0.0000","      ","2020-11-11"
"12/11/2020","85.75","85.75","85.75","85.75","85.75","0.0000","      ","2020-11-12"
"13/11/2020","86","86","86","86","86","0.0000","      ","2020-11-13"
"16/11/2020","86","86","86","86","86","0.0000","      ","2020-11-16"
"17/11/2020","86.25","86.25","86.25","86.25","86.25","0.0000","      ","2020-11-17"
"18/11/2020","86.25","86.25","86.25","86.25","86.25","0.0000","      ","2020-11-18"
"19/11/2020","86.25","86.25","86.25","86.25","86.25","0.0000","      ","2020-11-19"
"20/11/2020","86.5","86.5","86.5","86.5","86.5","0.0000","      ","2020-11-20"
"24/11/2020","86.5","86.5","86.5","86.5","86.5","0.0000","      ","2020-11-24"
"25/11/2020","86.75","86.75","86.75","86.75","86.75","0.0000","      ","2020-11-25"
"26/11/2020","86.75","86.75","86.75","86.75","86.75","0.0000","      ","2020-11-26"
"27/11/2020","87","87","87","87","87","0.0000","      ","2020-11-27"
"30/11/2020","87.25","87.25","87.25","87.25","87.25","0.0000","      ","2020-11-30"
"01/12/2020","87.5","87.5","87.5","87.5","87.5","0.0000","      ","2020-12-01"
"02/12/2020","87.5","87.5","87.5","87.5","87.5","0.0000","      ","2020-12-02"
"03/12/2020","87.5","87.5","87.5","87.5","87.5","0.0000","      ","2020-12-03"
"04/12/2020","87.75","87.75","87.75","87.75","87.75","0.0000","      ","2020-12-04"
"09/12/2020","87.75","87.75","87.75","87.75","87.75","0.0000","      ","2020-12-09"
"10/12/2020","88.25","88.25","88.25","88.25","88.25","0.0000","      ","2020-12-10"
"11/12/2020","88.5","88.5","88.5","88.5","88.5","0.0000","      ","2020-12-11"
"14/12/2020","88.5","88.5","88.5","88.5","88.5","0.0000","      ","2020-12-14"
"15/12/2020","88.5","88.5","88.5","88.5","88.5","0.0000","      ","2020-12-15"
"16/12/2020","88.75","88.75","88.75","88.75","88.75","0.0000","      ","2020-12-16"
"17/12/2020","88.75","88.75","88.75","88.75","88.75","0.0000","      ","2020-12-17"
"18/12/2020","88.75","88.75","88.75","88.75","88.75","0.0000","      ","2020-12-18"
"21/12/2020","89","89","89","89","89","0.0000","      ","2020-12-21"
"22/12/2020","89.25","89.25","89.25","89.25","89.25","0.0000","      ","2020-12-22"
"23/12/2020","89.25","89.25","89.25","89.25","89.25","0.0000","      ","2020-12-23"
"24/12/2020","89.5","89.5","89.5","89.5","89.5","0.0000","      ","2020-12-24"
"28/12/2020","89.5","89.5","89.5","89.5","89.5","0.0000","      ","2020-12-28"
"29/12/2020","89.75","89.75","89.75","89.75","89.75","0.0000","      ","2020-12-29"
"30/12/2020","90","90","90","90","90","0.0000","      ","2020-12-30"
"31/12/2020","90","90","90","90","90","0.0000","      ","2020-12-31"
"04/01/2021","90.25","90.25","90.25","90.25","90.25","0.0000","      ","2021-01-04"
"05/01/2021","90.5","90.5","90.5","90.5","90.5","0.0000","      ","2021-01-05"
"06/01/2021","90.75","90.75","90.75","90.75","90.75","0.0000","      ","2021-01-06"
"07/01/2021","90.75","90.75","90.75","90.75","90.75","0.0000","      ","2021-01-07"
"08/01/2021","91","91","91","91","91","0.0000","      ","2021-01-08"
"11/01/2021","106","106","106","106","106","0.0000","      ","2021-11-01"
"12/01/2021","107","107","107","107","107","0.0000","      ","2021-12-01"
"13/01/2021","91.5","91.5","91.5","91.5","91.5","0.0000","      ","2021-01-13"
"14/01/2021","91.5","91.5","91.5","91.5","91.5","0.0000","      ","2021-01-14"
"15/01/2021","91.75","91.75","91.75","91.75","91.75","0.0000","      ","2021-01-15"
"18/01/2021","91.75","91.75","91.75","91.75","91.75","0.0000","      ","2021-01-18"
"19/01/2021","92","92","92","92","92","0.0000","      ","2021-01-19"
"20/01/2021","92.25","92.25","92.25","92.25","92.25","0.0000","      ","2021-01-20"
"21/01/2021","92.25","92.25","92.25","92.25","92.25","0.0000","      ","2021-01-21"
"22/01/2021","92.5","92.5","92.5","92.5","92.5","0.0000","      ","2021-01-22"
"25/01/2021","92.75","92.75","92.75","92.75","92.75","0.0000","      ","2021-01-25"
"26/01/2021","93","93","93","93","93","0.0000","      ","2021-01-26"
"27/01/2021","93","93","93","93","93","0.0000","      ","2021-01-27"
"28/01/2021","93","93","93","93","93","0.0000","      ","2021-01-28"
"29/01/2021","93.5","93.5","93.5","93.5","93.5","0.0000","      ","2021-01-29"
"01/02/2021","93.25","93.25","93.25","93.25","93.25","0.0000","      ","2021-02-01"
"02/02/2021","93.5","93.5","93.5","93.5","93.5","0.0000","      ","2021-02-02"
"03/02/2021","92.5","93.5","93.5","93.5","93.5","0.0000","      ","2021-02-03"
"04/02/2021","93.5","93.5","93.5","93.5","93.5","0.0000","      ","2021-02-04"
"05/02/2021","93.75","93.75","93.75","93.75","93.75","0.0000","      ","2021-02-05"
"08/02/2021","94","94","94","94","94","0.0000","      ","2021-02-08"
"09/02/2021","94.25","94.25","94.25","94.25","94.25","0.0000","      ","2021-02-09"
"10/02/2021","94.25","94.25","94.25","94.25","94.25","0.0000","      ","2021-02-10"
"11/02/2021","106","106","106","106","106","0.0000","      ","2021-11-02"
"12/02/2021","107.25","107.25","107.25","107.25","107.25","0.0000","      ","2021-12-02"
"17/02/2021","94.5","94.5","94.5","94.5","94.5","0.0000","      ","2021-02-17"
"18/02/2021","94.5","94.5","94.5","94.5","94.5","0.0000","      ","2021-02-18"
"19/02/2021","94.5","94.5","94.5","94.5","94.5","0.0000","      ","2021-02-19"
"22/02/2021","94.5","94.5","94.5","94.5","94.5","0.0000","      ","2021-02-22"
"23/02/2021","94.75","94.75","94.75","94.75","94.75","0.0000","      ","2021-02-23"
"24/02/2021","95","95","95","95","95","0.0000","      ","2021-02-24"
"25/02/2021","95","95","95","95","95","0.0000","      ","2021-02-25"
"26/02/2021","95","95","95","95","95","0.0000","      ","2021-02-26"
"01/03/2021","95.5","95.5","95.5","95.5","95.5","0.0000","      ","2021-03-01"
"28/02/2021","95","95","95","95","95","0.0000","      ","2021-02-28"
"02/03/2021","95.75","95.75","95.75","95.75","95.75","0.0000","      ","2021-03-02"
"03/03/2021","95.75","95.75","95.75","95.75","95.75","0.0000","      ","2021-03-03"
"04/03/2021","96","96","96","96","96","0.0000","      ","2021-03-04"
"05/03/2021","96","96","96","96","96","0.0000","      ","2021-03-05"
"08/03/2021","96","96","96","96","96","0.0000","      ","2021-03-08"
"09/03/2021","96.25","96.25","96.25","96.25","96.25","0.0000","      ","2021-03-09"
"10/03/2021","96.5","96.5","96.5","96.5","96.5","0.0000","      ","2021-03-10"
"11/03/2021","106","106","106","106","106","0.0000","      ","2021-11-03"
"12/03/2021","107.25","107.25","107.25","107.25","107.25","0.0000","      ","2021-12-03"
"15/03/2021","96.75","96.75","96.75","96.75","96.75","0.0000","      ","2021-03-15"
"16/03/2021","97","97","97","97","97","0.0000","      ","2021-03-16"
"17/03/2021","97.25","97.25","97.25","97.25","97.25","0.0000","      ","2021-03-17"
"18/03/2021","97.25","97.25","97.25","97.25","97.25","0.0000","      ","2021-03-18"
"19/03/2021","97.5","97.5","97.5","97.5","97.5","0.0000","      ","2021-03-19"
"22/03/2021","97.5","97.5","97.5","97.5","97.5","0.0000","      ","2021-03-22"
"23/03/2021","97.75","97.75","97.75","97.75","97.75","0.0000","      ","2021-03-23"
"25/03/2021","98","98","98","98","98","0.0000","      ","2021-03-25"
"26/03/2021","98","98","98","98","98","0.0000","      ","2021-03-26"
"27/03/2021","98","98","98","98","98","0.0000","      ","2021-03-27"
"29/03/2021","98.25","98.25","98.25","98.25","98.25","0.0000","      ","2021-03-29"
"30/03/2021","98.25","98.25","98.25","98.25","98.25","0.0000","      ","2021-03-30"
"31/03/2021","98.25","98.25","98.25","98.25","98.25","0.0000","      ","2021-03-31"
"01/04/2021","98.25","98.25","98.25","98.25","98.25","0.0000","      ","2021-04-01"
"05/04/2021","98.25","98.25","98.25","98.25","98.25","0.0000","      ","2021-04-05"
"06/04/2021","98.75","98.75","98.75","98.75","98.75","0.0000","      ","2021-04-06"
"07/04/2021","98.75","98.75","98.75","98.75","98.75","0.0000","      ","2021-04-07"
"08/04/2021","99","99","99","99","99","0.0000","      ","2021-04-08"
"09/04/2021","99","99","99","99","99","0.0000","      ","2021-04-09"
"12/04/2021","99","99","99","99","99","0.0000","      ","2021-04-12"
"13/04/2021","99","99","99","99","99","0.0000","      ","2021-04-13"
"14/04/2021","99","99","99","99","99","0.0000","      ","2021-04-14"
"15/04/2021","99.25","99.25","99.25","99.25","99.25","0.0000","      ","2021-04-15"
"16/04/2021","99.25","99.25","99.25","99.25","99.25","0.0000","      ","2021-04-16"
"19/04/2021","99.25","99.25","99.25","99.25","99.25","0.0000","      ","2021-04-19"
"20/04/2021","99.25","99.25","99.25","99.25","99.25","0.0000","      ","2021-04-20"
"21/04/2021","99.25","99.25","99.25","99.25","99.25","0.0000","      ","2021-04-21"
"22/04/2021","99.25","99.25","99.25","99.25","99.25","0.0000","      ","2021-04-22"
"23/04/2021","99.25","99.25","99.25","99.25","99.25","0.0000","      ","2021-04-23"
"26/04/2021","99.25","99.25","99.25","99.25","99.25","0.0000","      ","2021-04-26"
"27/04/2021","99.5","99.5","99.5","99.5","99.5","0.0000","      ","2021-04-27"
"28/04/2021","99.5","99.5","99.5","99.5","99.5","0.0000","      ","2021-04-28"
"29/04/2021","99.5","99.5","99.5","99.5","99.5","0.0000","      ","2021-04-29"
"30/04/2021","99.5","99.5","99.5","99.5","99.5","0.0000","      ","2021-04-30"
"03/05/2021","99","99.5","99.5","99.5","99.5","0.0000","      ","2021-05-03"
"04/05/2021","99.75","99.75","99.75","99.75","99.75","0.0000","      ","2021-05-04"
"05/05/2021","99.75","99.75","99.75","99.75","99.75","0.0000","      ","2021-05-05"
"06/05/2021","99.75","99.75","99.75","99.75","99.75","0.0000","      ","2021-05-06"
"07/05/2021","99.75","99.75","99.75","99.75","99.75","0.0000","      ","2021-05-07"
"10/05/2021","105","105","105","105","105","0.0000","      ","2021-10-05"
"11/05/2021","106","106","106","106","106","0.0000","      ","2021-11-05"
"12/05/2021","100","100","100","100","100","0.0000","      ","2021-05-12"
"13/05/2021","100","100","100","100","100","0.0000","      ","2021-05-13"
"14/05/2021","100","100","100","100","100","0.0000","      ","2021-05-14"
"17/05/2021","100","100","100","100","100","0.0000","      ","2021-05-17"
"18/05/2021","100.2","100.2","100.2","100.2","100.2","0.0000","      ","2021-05-18"
"19/05/2021","100.2","100.2","100.2","100.2","100.2","0.0000","      ","2021-05-19"
"20/05/2021","100.2","100.2","100.2","100.2","100.2","0.0000","      ","2021-05-20"
"21/05/2021","100.2","100.2","100.2","100.2","100.2","0.0000","      ","2021-05-21"
"26/05/2021","100.5","100.5","100.5","100.5","100.5","0.0000","      ","2021-05-26"
"27/05/2021","100.5","100.5","100.5","100.5","100.5","0.0000","      ","2021-05-27"
"27/05/2021","99.5","100.5","100.5","100.5","100.5","0.0000","      ","2021-05-27"
"27/05/2021","100.5","100.5","100.5","100.5","100.5","0.0000","      ","2021-05-27"
"27/05/2021","100","100.5","100.5","100.5","100.5","0.0000","      ","2021-05-27"
"27/05/2021","100.5","100.5","100.5","100.5","100.5","0.0000","      ","2021-05-27"
"28/05/2021","100.5","100.5","100.5","100.5","100.5","0.0000","      ","2021-05-28"
"28/05/2021","100.75","100.75","100.75","100.75","100.75","0.0000","      ","2021-05-28"
"31/05/2021","100.75","100.75","100.75","100.75","100.75","0.0000","      ","2021-05-31"
"01/06/2021","100.75","100.75","100.75","100.75","100.75","0.0000","      ","2021-06-01"
"02/06/2021","100.75","100.75","100.75","100.75","100.75","0.0000","      ","2021-06-02"
"02/06/2021","101","101","101","101","101","0.0000","      ","2021-06-02"
"03/06/2021","101","101","101","101","101","0.0000","      ","2021-06-03"
"04/06/2021","101","101","101","101","101","0.0000","      ","2021-06-04"
"07/06/2021","101","101","101","101","101","0.0000","      ","2021-06-07"
"08/06/2021","101","101","101","101","101","0.0000","      ","2021-06-08"
"09/06/2021","101","101","101","101","101","0.0000","      ","2021-06-09"
"10/06/2021","105.25","105.25","105.25","105.25","105.25","0.0000","      ","2021-10-06"
"11/06/2021","101","101","101","101","101","0.0000","      ","2021-06-11"
"14/06/2021","101","101","101","101","101","0.0000","      ","2021-06-14"
"15/06/2021","101.25","101.25","101.25","101.25","101.25","0.0000","      ","2021-06-15"
"16/06/2021","101.25","101.25","101.25","101.25","101.25","0.0000","      ","2021-06-16"
"17/06/2021","101.25","101.25","101.25","101.25","101.25","0.0000","      ","2021-06-17"
"18/06/2021","101.25","101.25","101.25","101.25","101.25","0.0000","      ","2021-06-18"
"18/06/2021","100.25","101.25","101.25","101.25","101.25","0.0000","      ","2021-06-18"
"18/06/2021","101.25","101.25","101.25","101.25","101.25","0.0000","      ","2021-06-18"
"19/06/2021","101.25","101.25","101.25","101.25","101.25","0.0000","      ","2021-06-19"
"22/06/2021","101.25","101.25","101.25","101.25","101.25","0.0000","      ","2021-06-22"
"22/06/2021","100.25","101.25","101.25","101.25","101.25","0.0000","      ","2021-06-22"
"22/06/2021","100","101.25","101.25","101.25","101.25","0.0000","      ","2021-06-22"
"22/06/2021","100.25","101.25","101.25","101.25","101.25","0.0000","      ","2021-06-22"
"22/06/2021","101.25","101.25","101.25","101.25","101.25","0.0000","      ","2021-06-22"
"23/06/2021","101.25","101.25","101.25","101.25","101.25","0.0000","      ","2021-06-23"
"24/06/2021","101.25","101.25","101.25","101.25","101.25","0.0000","      ","2021-06-24"
"24/06/2021","101.5","101.5","101.5","101.5","101.5","0.0000","      ","2021-06-24"
"25/06/2021","101.5","101.5","101.5","101.5","101.5","0.0000","      ","2021-06-25"
"28/06/2021","101.5","101.5","101.5","101.5","101.5","0.0000","      ","2021-06-28"
"29/06/2021","101.5","101.5","101.5","101.5","101.5","0.0000","      ","2021-06-29"
"30/06/2021","101.5","101.5","101.5","101.5","101.5","0.0000","      ","2021-06-30"
"30/06/2021","101.75","101.75","101.75","101.75","101.75","0.0000","      ","2021-06-30"
"30/06/2021","101.75","101.75","101.75","101.75","101.75","0.0000","      ","2021-06-30"
"01/07/2021","101.75","101.75","101.75","101.75","101.75","0.0000","      ","2021-07-01"
"01/07/2021","101.5","101.75","101.75","101.75","101.75","0.0000","      ","2021-07-01"
"01/07/2021","101.75","101.75","101.75","101.75","101.75","0.0000","      ","2021-07-01"
"02/07/2021","101.75","101.75","101.75","101.75","101.75","0.0000","      ","2021-07-02"
"02/07/2021","101.75","101.75","101.75","101.75","101.75","0.0000","      ","2021-07-02"
"05/07/2021","101.75","101.75","101.75","101.75","101.75","0.0000","      ","2021-07-05"
"05/07/2021","101","101.75","101.75","101.75","101.75","0.0000","      ","2021-07-05"
"05/07/2021","100.75","101.75","101.75","101.75","101.75","0.0000","      ","2021-07-05"
"05/07/2021","101.75","101.75","101.75","101.75","101.75","0.0000","      ","2021-07-05"
"05/07/2021","100.75","101.75","101.75","101.75","101.75","0.0000","      ","2021-07-05"
"06/07/2021","101.75","101.75","101.75","101.75","101.75","0.0000","      ","2021-07-06"
"06/07/2021","102","102","102","102","102","0.0000","      ","2021-07-06"
"06/07/2021","101","102","102","102","102","0.0000","      ","2021-07-06"
"06/07/2021","102","102","102","102","102","0.0000","      ","2021-07-06"
"06/07/2021","102","102","102","102","102","0.0000","      ","2021-07-06"
"06/07/2021","102","102","102","102","102","0.0000","      ","2021-07-06"
"06/07/2021","101","102","102","102","102","0.0000","      ","2021-07-06"
"07/07/2021","101","102","102","102","102","0.0000","      ","2021-07-07"
"07/07/2021","102","102","102","102","102","0.0000","      ","2021-07-07"
"07/07/2021","102","102","102","102","102","0.0000","      ","2021-07-07"
"07/07/2021","102","102","102","102","102","0.0000","      ","2021-07-07"
"07/07/2021","102","102","102","102","102","0.0000","      ","2021-07-07"
"08/07/2021","102","102","102","102","102","0.0000","      ","2021-07-08"
"12/07/2021","102","102","102","102","102","0.0000","      ","2021-07-12"
"12/07/2021","102","102","102","102","102","0.0000","      ","2021-07-12"
"12/07/2021","101","102","102","102","102","0.0000","      ","2021-07-12"
"13/07/2021","101","102","102","102","102","0.0000","      ","2021-07-13"
"13/07/2021","102","102","102","102","102","0.0000","      ","2021-07-13"
"13/07/2021","102","102","102","102","102","0.0000","      ","2021-07-13"
"14/07/2021","102","102","102","102","102","0.0000","      ","2021-07-14"
"14/07/2021","102.25","102.25","102.25","102.25","102.25","0.0000","      ","2021-07-14"
"14/07/2021","101.25","102.25","102.25","102.25","102.25","0.0000","      ","2021-07-14"
"14/07/2021","102.25","102.25","102.25","102.25","102.25","0.0000","      ","2021-07-14"
"15/07/2021","102.25","102.25","102.25","102.25","102.25","0.0000","      ","2021-07-15"
"15/07/2021","102.25","102.25","102.25","102.25","102.25","0.0000","      ","2021-07-15"
"15/07/2021","102","102.25","102.25","102.25","102.25","0.0000","      ","2021-07-15"
"16/07/2021","102","102.25","102.25","102.25","102.25","0.0000","      ","2021-07-16"
"19/07/2021","102","102.25","102.25","102.25","102.25","0.0000","      ","2021-07-19"
"19/07/2021","102.25","102.25","102.25","102.25","102.25","0.0000","      ","2021-07-19"
"20/07/2021","102.25","102.25","102.25","102.25","102.25","0.0000","      ","2021-07-20"
"20/07/2021","102.5","102.5","102.5","102.5","102.5","0.0000","      ","2021-07-20"
"20/07/2021","102","102.5","102.5","102.5","102.5","0.0000","      ","2021-07-20"
"20/07/2021","102.5","102.5","102.5","102.5","102.5","0.0000","      ","2021-07-20"
"21/07/2021","102.5","102.5","102.5","102.5","102.5","0.0000","      ","2021-07-21"
"21/07/2021","102.5","102.5","102.5","102.5","102.5","0.0000","      ","2021-07-21"
"22/07/2021","102.5","102.5","102.5","102.5","102.5","0.0000","      ","2021-07-22"
"22/07/2021","101.5","102.5","102.5","102.5","102.5","0.0000","      ","2021-07-22"
"22/07/2021","102.5","102.5","102.5","102.5","102.5","0.0000","      ","2021-07-22"
"23/07/2021","102.5","102.5","102.5","102.5","102.5","0.0000","      ","2021-07-23"
"26/07/2021","102.5","102.5","102.5","102.5","102.5","0.0000","      ","2021-07-26"
"27/07/2021","102.5","102.5","102.5","102.5","102.5","0.0000","      ","2021-07-27"
"27/07/2021","102.5","102.5","102.5","102.5","102.5","0.0000","      ","2021-07-27"
"28/07/2021","102.5","102.5","102.5","102.5","102.5","0.0000","      ","2021-07-28"
"28/07/2021","102.75","102.75","102.75","102.75","102.75","0.0000","      ","2021-07-28"
"29/07/2021","102.75","102.75","102.75","102.75","102.75","0.0000","      ","2021-07-29"
"30/07/2021","102.75","102.75","102.75","102.75","102.75","0.0000","      ","2021-07-30"
"02/08/2021","102.75","102.75","102.75","102.75","102.75","0.0000","      ","2021-08-02"
"02/08/2021","102.75","102.75","102.75","102.75","102.75","0.0000","      ","2021-08-02"
"03/08/2021","102.75","102.75","102.75","102.75","102.75","0.0000","      ","2021-08-03"
"03/08/2021","101.75","102.75","102.75","102.75","102.75","0.0000","      ","2021-08-03"
"03/08/2021","102.75","102.75","102.75","102.75","102.75","0.0000","      ","2021-08-03"
"04/08/2021","102.75","102.75","102.75","102.75","102.75","0.0000","      ","2021-08-04"
"04/08/2021","103","103","103","103","103","0.0000","      ","2021-08-04"
"04/08/2021","101.75","103","103","103","103","0.0000","      ","2021-08-04"
"04/08/2021","103","103","103","103","103","0.0000","      ","2021-08-04"
"04/08/2021","103","103","103","103","103","0.0000","      ","2021-08-04"
"04/08/2021","102","103","103","103","103","0.0000","      ","2021-08-04"
"04/08/2021","103","103","103","103","103","0.0000","      ","2021-08-04"
"05/08/2021","103","103","103","103","103","0.0000","      ","2021-08-05"
"06/08/2021","103","103","103","103","103","0.0000","      ","2021-08-06"
"06/08/2021","102","103","103","103","103","0.0000","      ","2021-08-06"
"06/08/2021","103","103","103","103","103","0.0000","      ","2021-08-06"
"09/08/2021","103","103","103","103","103","0.0000","      ","2021-08-09"
"09/08/2021","103","103","103","103","103","0.0000","      ","2021-08-09"
"09/08/2021","102","103","103","103","103","0.0000","      ","2021-08-09"
"09/08/2021","102","103","103","103","103","0.0000","      ","2021-08-09"
"09/08/2021","102.5","103","103","103","103","0.0000","      ","2021-08-09"
"09/08/2021","103","103","103","103","103","0.0000","      ","2021-08-09"
"10/08/2021","103","103","103","103","103","0.0000","      ","2021-08-10"
"10/08/2021","103","103","103","103","103","0.0000","      ","2021-08-10"
"11/08/2021","106.25","106.25","106.25","106.25","106.25","0.0000","      ","2021-11-08"
"11/08/2021","102","103","103","103","103","0.0000","      ","2021-08-11"
"11/08/2021","103","103","103","103","103","0.0000","      ","2021-08-11"
"11/08/2021","103","103","103","103","103","0.0000","      ","2021-08-11"
"12/08/2021","103","103","103","103","103","0.0000","      ","2021-08-12"
"12/08/2021","102","103","103","103","103","0.0000","      ","2021-08-12"
"12/08/2021","103","103","103","103","103","0.0000","      ","2021-08-12"
"12/08/2021","103","103","103","103","103","0.0000","      ","2021-08-12"
"12/08/2021","102","103","103","103","103","0.0000","      ","2021-08-12"
"12/08/2021","103","103","103","103","103","0.0000","      ","2021-08-12"
"13/08/2021","103","103","103","103","103","0.0000","      ","2021-08-13"
"17/08/2021","103","103","103","103","103","0.0000","      ","2021-08-17"
"17/08/2021","103.5","103.5","103.5","103.5","103.5","0.0000","      ","2021-08-17"
"17/08/2021","103.5","103.5","103.5","103.5","103.5","0.0000","      ","2021-08-17"
"17/08/2021","103.5","103.5","103.5","103.5","103.5","0.0000","      ","2021-08-17"
"17/08/2021","102.5","103.5","103.5","103.5","103.5","0.0000","      ","2021-08-17"
"17/08/2021","103.5","103.5","103.5","103.5","103.5","0.0000","      ","2021-08-17"
"17/08/2021","103.5","103.5","103.5","103.5","103.5","0.0000","      ","2021-08-17"
"18/08/2021","103.5","103.5","103.5","103.5","103.5","0.0000","      ","2021-08-18"
"18/08/2021","103.25","103.25","103.25","103.25","103.25","0.0000","      ","2021-08-18"
"18/08/2021","103.25","103.25","103.25","103.25","103.25","0.0000","      ","2021-08-18"
"19/08/2021","103.25","103.25","103.25","103.25","103.25","0.0000","      ","2021-08-19"
"19/08/2021","103.25","103.25","103.25","103.25","103.25","0.0000","      ","2021-08-19"
"20/08/2021","103.25","103.25","103.25","103.25","103.25","0.0000","      ","2021-08-20"
"20/08/2021","103.5","103.5","103.5","103.5","103.5","0.0000","      ","2021-08-20"
"20/08/2021","102.5","103.5","103.5","103.5","103.5","0.0000","      ","2021-08-20"
"20/08/2021","103.5","103.5","103.5","103.5","103.5","0.0000","      ","2021-08-20"
"23/08/2021","103.5","103.5","103.5","103.5","103.5","0.0000","      ","2021-08-23"
"24/08/2021","103.5","103.5","103.5","103.5","103.5","0.0000","      ","2021-08-24"
"25/08/2021","103.5","103.5","103.5","103.5","103.5","0.0000","      ","2021-08-25"
"26/08/2021","103.5","103.5","103.5","103.5","103.5","0.0000","      ","2021-08-26"
"27/08/2021","103.5","103.5","103.5","103.5","103.5","0.0000","      ","2021-08-27"
"30/08/2021","103.5","103.5","103.5","103.5","103.5","0.0000","      ","2021-08-30"
"30/08/2021","103.75","103.75","103.75","103.75","103.75","0.0000","      ","2021-08-30"
"30/08/2021","103.75","103.75","103.75","103.75","103.75","0.0000","      ","2021-08-30"
"31/08/2021","103.75","103.75","103.75","103.75","103.75","0.0000","      ","2021-08-31"
"01/09/2021","103.75","103.75","103.75","103.75","103.75","0.0000","      ","2021-09-01"
"02/09/2021","103.75","103.75","103.75","103.75","103.75","0.0000","      ","2021-09-02"
"02/09/2021","104","104","104","104","104","0.0000","      ","2021-09-02"
"02/09/2021","104","104","104","104","104","0.0000","      ","2021-09-02"
"02/09/2021","104","104","104","104","104","0.0000","      ","2021-09-02"
"02/09/2021","104","104","104","104","104","0.0000","      ","2021-09-02"
"02/09/2021","104","104","104","104","104","0.0000","      ","2021-09-02"
"02/09/2021","104","104","104","104","104","0.0000","      ","2021-09-02"
"02/09/2021","104","104","104","104","104","0.0000","      ","2021-09-02"
"02/09/2021","104","104","104","104","104","0.0000","      ","2021-09-02"
"02/09/2021","104","104","104","104","104","0.0000","      ","2021-09-02"
"03/09/2021","104","104","104","104","104","0.0000","      ","2021-09-03"
"03/09/2021","104","104","104","104","104","0.0000","      ","2021-09-03"
"06/09/2021","104","104","104","104","104","0.0000","      ","2021-09-06"
"06/09/2021","104","104","104","104","104","0.0000","      ","2021-09-06"
"06/09/2021","104","104","104","104","104","0.0000","      ","2021-09-06"
"06/09/2021","104","104","104","104","104","0.0000","      ","2021-09-06"
"06/09/2021","104","104","104","104","104","0.0000","      ","2021-09-06"
"07/09/2021","104","104","104","104","104","0.0000","      ","2021-09-07"
"08/09/2021","104","104","104","104","104","0.0000","      ","2021-09-08"
"08/09/2021","103","104","104","104","104","0.0000","      ","2021-09-08"
"08/09/2021","104","104","104","104","104","0.0000","      ","2021-09-08"
"08/09/2021","103","104","104","104","104","0.0000","      ","2021-09-08"
"09/09/2021","103","104","104","104","104","0.0000","      ","2021-09-09"
"09/09/2021","104.25","104.25","104.25","104.25","104.25","0.0000","      ","2021-09-09"
"09/09/2021","104.25","104.25","104.25","104.25","104.25","0.0000","      ","2021-09-09"
"09/09/2021","104.25","104.25","104.25","104.25","104.25","0.0000","      ","2021-09-09"
"09/09/2021","104.25","104.25","104.25","104.25","104.25","0.0000","      ","2021-09-09"
"09/09/2021","103.25","104.25","104.25","104.25","104.25","0.0000","      ","2021-09-09"
"09/09/2021","104.25","104.25","104.25","104.25","104.25","0.0000","      ","2021-09-09"
"09/09/2021","104.25","104.25","104.25","104.25","104.25","0.0000","      ","2021-09-09"
"10/09/2021","104.25","104.25","104.25","104.25","104.25","0.0000","      ","2021-09-10"
"10/09/2021","104.25","104.25","104.25","104.25","104.25","0.0000","      ","2021-09-10"
"13/09/2021","104.25","104.25","104.25","104.25","104.25","0.0000","      ","2021-09-13"
"13/09/2021","104.25","104.25","104.25","104.25","104.25","0.0000","      ","2021-09-13"
"14/09/2021","104.25","104.25","104.25","104.25","104.25","0.0000","      ","2021-09-14"
"14/09/2021","104.25","104.25","104.25","104.25","104.25","0.0000","      ","2021-09-14"
"15/09/2021","104.25","104.25","104.25","104.25","104.25","0.0000","      ","2021-09-15"
"15/09/2021","104.25","104.25","104.25","104.25","104.25","0.0000","      ","2021-09-15"
"15/09/2021","104.25","104.25","104.25","104.25","104.25","0.0000","      ","2021-09-15"
"15/09/2021","104.25","104.25","104.25","104.25","104.25","0.0000","      ","2021-09-15"
"16/09/2021","104.25","104.25","104.25","104.25","104.25","0.0000","      ","2021-09-16"
"16/09/2021","104.5","104.5","104.5","104.5","104.5","0.0000","      ","2021-09-16"
"16/09/2021","104.5","104.5","104.5","104.5","104.5","0.0000","      ","2021-09-16"
"16/09/2021","104.5","104.5","104.5","104.5","104.5","0.0000","      ","2021-09-16"
"16/09/2021","104","104.5","104.5","104.5","104.5","0.0000","      ","2021-09-16"
"16/09/2021","104.5","104.5","104.5","104.5","104.5","0.0000","      ","2021-09-16"
"16/09/2021","104.5","104.5","104.5","104.5","104.5","0.0000","      ","2021-09-16"
"16/09/2021","104.5","104.5","104.5","104.5","104.5","0.0000","      ","2021-09-16"
"16/09/2021","104.5","104.5","104.5","104.5","104.5","0.0000","      ","2021-09-16"
"16/09/2021","104.5","104.5","104.5","104.5","104.5","0.0000","      ","2021-09-16"
"16/09/2021","104.5","104.5","104.5","104.5","104.5","0.0000","      ","2021-09-16"
"16/09/2021","103.5","104.5","104.5","104.5","104.5","0.0000","      ","2021-09-16"
"16/09/2021","104.5","104.5","104.5","104.5","104.5","0.0000","      ","2021-09-16"
"17/09/2021","104.5","104.5","104.5","104.5","104.5","0.0000","      ","2021-09-17"
"17/09/2021","104.5","104.5","104.5","104.5","104.5","0.0000","      ","2021-09-17"
"17/09/2021","104.5","104.5","104.5","104.5","104.5","0.0000","      ","2021-09-17"
"17/09/2021","104.5","104.5","104.5","104.5","104.5","0.0000","      ","2021-09-17"
"17/09/2021","104.5","104.5","104.5","104.5","104.5","0.0000","      ","2021-09-17"
"17/09/2021","104.5","104.5","104.5","104.5","104.5","0.0000","      ","2021-09-17"
"20/09/2021","104.5","104.5","104.5","104.5","104.5","0.0000","      ","2021-09-20"
"20/09/2021","104.5","104.5","104.5","104.5","104.5","0.0000","      ","2021-09-20"
"20/09/2021","104.5","104.5","104.5","104.5","104.5","0.0000","      ","2021-09-20"
"20/09/2021","104","104.5","104.5","104.5","104.5","0.0000","      ","2021-09-20"
"20/09/2021","104.5","104.5","104.5","104.5","104.5","0.0000","      ","2021-09-20"
"20/09/2021","104.5","104.5","104.5","104.5","104.5","0.0000","      ","2021-09-20"
"20/09/2021","104.5","104.5","104.5","104.5","104.5","0.0000","      ","2021-09-20"
"20/09/2021","104.5","104.5","104.5","104.5","104.5","0.0000","      ","2021-09-20"
"20/09/2021","104.5","104.5","104.5","104.5","104.5","0.0000","      ","2021-09-20"
"21/09/2021","104.5","104.5","104.5","104.5","104.5","0.0000","      ","2021-09-21"
"21/09/2021","104.75","104.75","104.75","104.75","104.75","0.0000","      ","2021-09-21"
"21/09/2021","104.75","104.75","104.75","104.75","104.75","0.0000","      ","2021-09-21"
"21/09/2021","104.75","104.75","104.75","104.75","104.75","0.0000","      ","2021-09-21"
"21/09/2021","104.75","104.75","104.75","104.75","104.75","0.0000","      ","2021-09-21"
"21/09/2021","104.75","104.75","104.75","104.75","104.75","0.0000","      ","2021-09-21"
"22/09/2021","104.75","104.75","104.75","104.75","104.75","0.0000","      ","2021-09-22"
"22/09/2021","104.75","104.75","104.75","104.75","104.75","0.0000","      ","2021-09-22"
"22/09/2021","104.75","104.75","104.75","104.75","104.75","0.0000","      ","2021-09-22"
"23/09/2021","104.75","104.75","104.75","104.75","104.75","0.0000","      ","2021-09-23"
"23/09/2021","104.75","104.75","104.75","104.75","104.75","0.0000","      ","2021-09-23"
"23/09/2021","104.75","104.75","104.75","104.75","104.75","0.0000","      ","2021-09-23"
"23/09/2021","104.75","104.75","104.75","104.75","104.75","0.0000","      ","2021-09-23"
"24/09/2021","104.75","104.75","104.75","104.75","104.75","0.0000","      ","2021-09-24"
"24/09/2021","104.75","104.75","104.75","104.75","104.75","0.0000","      ","2021-09-24"
"27/09/2021","104.75","104.75","104.75","104.75","104.75","0.0000","      ","2021-09-27"
"28/09/2021","104.75","104.75","104.75","104.75","104.75","0.0000","      ","2021-09-28"
"29/09/2021","104.75","104.75","104.75","104.75","104.75","0.0000","      ","2021-09-29"
"30/09/2021","104.75","104.75","104.75","104.75","104.75","0.0000","      ","2021-09-30"
"01/10/2021","104.75","104.75","104.75","104.75","104.75","0.0000","      ","2021-10-01"
"01/10/2021","105","105","105","105","105","0.0000","      ","2021-10-01"
"04/10/2021","105","105","105","105","105","0.0000","      ","2021-10-04"
"04/10/2021","1","105","105","105","105","0.0000","      ","2021-10-04"
"04/10/2021","105","105","105","105","105","0.0000","      ","2021-10-04"
"04/10/2021","1","105","105","105","105","0.0000","      ","2021-10-04"
"04/10/2021","105","105","105","105","105","0.0000","      ","2021-10-04"
"04/10/2021","105","105","105","105","105","0.0000","      ","2021-10-04"
"04/10/2021","1","105","105","105","105","0.0000","      ","2021-10-04"
"04/10/2021","105","105","105","105","105","0.0000","      ","2021-10-04"
"04/10/2021","105","105","105","105","105","0.0000","      ","2021-10-04"
"07/10/2021","105.25","105.25","105.25","105.25","105.25","0.0000","      ","2021-10-07"
"07/10/2021","105.25","105.25","105.25","105.25","105.25","0.0000","      ","2021-10-07"
"07/10/2021","105.25","105.25","105.25","105.25","105.25","0.0000","      ","2021-10-07"
"12/10/2021","105.25","105.25","105.25","105.25","105.25","0.0000","      ","2021-10-12"
"12/10/2021","105.25","105.25","105.25","105.25","105.25","0.0000","      ","2021-10-12"
"13/10/2021","105.25","105.25","105.25","105.25","105.25","0.0000","      ","2021-10-13"
"14/10/2021","105.25","105.25","105.25","105.25","105.25","0.0000","      ","2021-10-14"
"15/10/2021","105.25","105.25","105.25","105.25","105.25","0.0000","      ","2021-10-15"
"18/10/2021","105.5","105.5","105.5","105.5","105.5","0.0000","      ","2021-10-18"
"19/10/2021","105.5","105.5","105.5","105.5","105.5","0.0000","      ","2021-10-19"
"20/10/2021","105.75","105.75","105.75","105.75","105.75","0.0000","      ","2021-10-20"
"21/10/2021","105.75","105.75","105.75","105.75","105.75","0.0000","      ","2021-10-21"
"22/10/2021","105.75","105.75","105.75","105.75","105.75","0.0000","      ","2021-10-22"
"25/10/2021","105.75","105.75","105.75","105.75","105.75","0.0000","      ","2021-10-25"
"26/10/2021","105.75","105.75","105.75","105.75","105.75","0.0000","      ","2021-10-26"
"27/10/2021","105.75","105.75","105.75","105.75","105.75","0.0000","      ","2021-10-27"
"28/10/2021","106","106","106","106","106","0.0000","      ","2021-10-28"
"29/10/2021","106","106","106","106","106","0.0000","      ","2021-10-29"
"04/11/2021","106","106","106","106","106","0.0000","      ","2021-11-04"
"04/11/2021","106","106","106","106","106","0.0000","      ","2021-11-04"
"09/11/2021","106.25","106.25","106.25","106.25","106.25","0.0000","      ","2021-11-09"
"09/11/2021","106.25","106.25","106.25","106.25","106.25","0.0000","      ","2021-11-09"
"10/11/2021","106.25","106.25","106.25","106.25","106.25","0.0000","      ","2021-11-10"
"10/11/2021","106.25","106.25","106.25","106.25","106.25","0.0000","      ","2021-11-10"
"11/11/2021","106.25","106.25","106.25","106.25","106.25","0.0000","      ","2021-11-11"
"12/11/2021","106.25","106.25","106.25","106.25","106.25","0.0000","      ","2021-11-12"
"15/11/2021","106.25","106.25","106.25","106.25","106.25","0.0000","      ","2021-11-15"
"16/11/2021","106.5","106.5","106.5","106.5","106.5","0.0000","      ","2021-11-16"
"17/11/2021","106.5","106.5","106.5","106.5","106.5","0.0000","      ","2021-11-17"
"18/11/2021","106.5","106.5","106.5","106.5","106.5","0.0000","      ","2021-11-18"
"19/11/2021","106.5","106.5","106.5","106.5","106.5","0.0000","      ","2021-11-19"
"23/11/2021","106.5","106.5","106.5","106.5","106.5","0.0000","      ","2021-11-23"
"24/11/2021","106.75","106.75","106.75","106.75","106.75","0.0000","      ","2021-11-24"
"25/11/2021","106.75","106.75","106.75","106.75","106.75","0.0000","      ","2021-11-25"
"26/11/2021","106.75","106.75","106.75","106.75","106.75","0.0000","      ","2021-11-26"
"29/11/2021","106.75","106.75","106.75","106.75","106.75","0.0000","      ","2021-11-29"
"30/11/2021","106.75","106.75","106.75","106.75","106.75","0.0000","      ","2021-11-30"
"03/12/2021","107.25","107.25","107.25","107.25","107.25","0.0000","      ","2021-12-03"
"06/12/2021","107.25","107.25","107.25","107.25","107.25","0.0000","      ","2021-12-06"
"07/12/2021","107.25","107.25","107.25","107.25","107.25","0.0000","      ","2021-12-07"
"09/12/2021","107.5","107.5","107.5","107.5","107.5","0.0000","      ","2021-12-09"
"10/12/2021","107.75","107.75","107.75","107.75","107.75","0.0000","      ","2021-12-10"
"13/12/2021","107.75","107.75","107.75","107.75","107.75","0.0000","      ","2021-12-13"
"14/12/2021","107.75","107.75","107.75","107.75","107.75","0.0000","      ","2021-12-14"
"15/12/2021","108","108","108","108","108","0.0000","      ","2021-12-15"
"16/12/2021","108","108","108","108","108","0.0000","      ","2021-12-16"
"17/12/2021","108","108","108","108","108","0.0000","      ","2021-12-17"
"20/12/2021","108","108","108","108","108","0.0000","      ","2021-12-20"
"21/12/2021","108","108","108","108","108","0.0000","      ","2021-12-21"
"22/12/2021","108","108","108","108","108","0.0000","      ","2021-12-22"
"23/12/2021","108.25","108.25","108.25","108.25","108.25","0.0000","      ","2021-12-23"
"24/12/2021","107.25","108.25","108.25","108.25","108.25","0.0000","      ","2021-12-24"
"27/12/2021","108.25","108.25","108.25","108.25","108.25","0.0000","      ","2021-12-27"
"28/12/2021","108.5","108.5","108.5","108.5","108.5","0.0000","      ","2021-12-28"
"29/12/2021","108.5","108.5","108.5","108.5","108.5","0.0000","      ","2021-12-29"
"30/12/2021","108.5","108.5","108.5","108.5","108.5","0.0000","      ","2021-12-30"
"31/12/2021","108.5","108.5","108.5","108.5","108.5","0.0000","      ","2021-12-31"
"03/01/2022","108.5","108.5","108.5","108.5","108.5","0.0000","      ","2022-01-03"
"04/01/2022","109","109","109","109","109","0.0000","      ","2022-01-04"
"05/01/2022","109","109","109","109","109","0.0000","      ","2022-01-05"
"06/01/2022","109","109","109","109","109","0.0000","      ","2022-01-06"
"07/01/2022","109.25","109.25","109.25","109.25","109.25","0.0000","      ","2022-01-07"
"10/01/2022","109.5","109.5","109.5","109.5","109.5","0.0000","      ","2022-01-10"
"11/01/2022","109.5","109.5","109.5","109.5","109.5","0.0000","      ","2022-01-11"
"12/01/2022","109.5","109.5","109.5","109.5","109.5","0.0000","      ","2022-01-12"
"13/01/2022","109.75","109.75","109.75","109.75","109.75","0.0000","      ","2022-01-13"
"14/01/2022","109.75","109.75","109.75","109.75","109.75","0.0000","      ","2022-01-14"
"17/01/2022","109.75","109.75","109.75","109.75","109.75","0.0000","      ","2022-01-17"
"18/01/2022","109.75","109.75","109.75","109.75","109.75","0.0000","      ","2022-01-18"
"19/01/2022","109.75","109.75","109.75","109.75","109.75","0.0000","      ","2022-01-19"
"20/01/2022","109.75","109.75","109.75","109.75","109.75","0.0000","      ","2022-01-20"
"21/01/2022","109.75","109.75","109.75","109.75","109.75","0.0000","      ","2022-01-21"
"24/01/2022","109.75","109.75","109.75","109.75","109.75","0.0000","      ","2022-01-24"
"25/01/2022","109.75","109.75","109.75","109.75","109.75","0.0000","      ","2022-01-25"
"26/01/2022","110","110","110","110","110","0.0000","      ","2022-01-26"
"27/01/2022","110","110","110","110","110","0.0000","      ","2022-01-27"
"28/01/2022","110.5","110.5","110.5","110.5","110.5","0.0000","      ","2022-01-28"
"31/01/2022","111.25","111.25","111.25","111.25","111.25","0.0000","      ","2022-01-31"
"01/02/2022","111.25","111.25","111.25","111.25","111.25","0.0000","      ","2022-02-01"
"02/02/2022","111.25","111.25","111.25","111.25","111.25","0.0000","      ","2022-02-02"
"03/02/2022","111.25","111.25","111.25","111.25","111.25","0.0000","      ","2022-02-03"
"04/02/2022","111.5","111.5","111.5","111.5","111.5","0.0000","      ","2022-02-04"
"07/02/2022","111.75","111.75","111.75","111.75","111.75","0.0000","      ","2022-02-07"
"08/02/2022","112","112","112","112","112","0.0000","      ","2022-02-08"
"09/02/2022","112","112","112","112","112","0.0000","      ","2022-02-09"
"10/02/2022","112","112","112","112","112","0.0000","      ","2022-02-10"
"11/02/2022","112.25","112.25","112.25","112.25","112.25","0.0000","      ","2022-02-11"
"14/02/2022","112.25","112.25","112.25","112.25","112.25","0.0000","      ","2022-02-14"
"15/02/2022","112.75","112.75","112.75","112.75","112.75","0.0000","      ","2022-02-15"
"16/02/2022","113","113","113","113","113","0.0000","      ","2022-02-16"
"17/02/2022","113","113","113","113","113","0.0000","      ","2022-02-17"
"18/02/2022","113","113","113","113","113","0.0000","      ","2022-02-18"
"21/02/2022","113","113","113","113","113","0.0000","      ","2022-02-21"
"22/02/2022","113","113","113","113","113","0.0000","      ","2022-02-22"
"23/02/2022","113.5","113.5","113.5","113.5","113.5","0.0000","      ","2022-02-23"
"24/02/2022","113.5","113.5","113.5","113.5","113.5","0.0000","      ","2022-02-24"
"25/02/2022","113.5","113.5","113.5","113.5","113.5","0.0000","      ","2022-02-25"
"02/03/2022","113.5","113.5","113.5","113.5","113.5","0.0000","      ","2022-03-02"
"03/03/2022","114","114","114","114","114","0.0000","      ","2022-03-03"
"04/03/2022","114.25","114.25","114.25","114.25","114.25","0.0000","      ","2022-03-04"
"07/03/2022","114.25","114.25","114.25","114.25","114.25","0.0000","      ","2022-03-07"
"08/03/2022","114.75","114.75","114.75","114.75","114.75","0.0000","      ","2022-03-08"
"09/03/2022","114.75","114.75","114.75","114.75","114.75","0.0000","      ","2022-03-09"
"10/03/2022","114.75","114.75","114.75","114.75","114.75","0.0000","      ","2022-03-10"
"11/03/2022","114.75","114.75","114.75","114.75","114.75","0.0000","      ","2022-03-11"
"14/03/2022","115","115","115","115","115","0.0000","      ","2022-03-14"
"15/03/2022","115.25","115.25","115.25","115.25","115.25","0.0000","      ","2022-03-15"
"16/03/2022","115.5","115.5","115.5","115.5","115.5","0.0000","      ","2022-03-16"
"17/03/2022","115.5","115.5","115.5","115.5","115.5","0.0000","      ","2022-03-17"
"18/03/2022","115.5","115.5","115.5","115.5","115.5","0.0000","      ","2022-03-18"
"21/03/2022","116","115.75","115.75","115.75","115.75","0.0000","      ","2022-03-21"
"22/03/2022","116","115.75","115.75","115.75","115.75","0.0000","      ","2022-03-22"
"23/03/2022","116.25","116.25","116.25","116.25","116.25","0.0000","      ","2022-03-23"
"25/03/2022","116.5","116.5","116.5","116.5","116.5","0.0000","      ","2022-03-25"
"28/03/2022","116.5","116.5","116.5","116.5","116.5","0.0000","      ","2022-03-28"
"29/03/2022","116.75","116.75","116.75","116.75","116.75","0.0000","      ","2022-03-29"
"30/03/2022","116.75","116.75","116.75","116.75","116.75","0.0000","      ","2022-03-30"
"31/03/2022","117","117","117","117","117","0.0000","      ","2022-03-31"
"01/04/2022","117","117","117","117","117","0.0000","      ","2022-04-01"
"04/04/2022","117.25","117.25","117.25","117.25","117.25","0.0000","      ","2022-04-04"
"05/04/2022","117.75","117.75","117.75","117.75","117.75","0.0000","      ","2022-04-05"
"06/04/2022","117.75","117.75","117.75","117.75","117.75","0.0000","      ","2022-04-06"
"07/04/2022","118","118","118","118","118","0.0000","      ","2022-04-07"
"08/04/2022","118.25","118.25","118.25","118.25","118.25","0.0000","      ","2022-04-08"
"11/04/2022","118.25","118.25","118.25","118.25","118.25","0.0000","      ","2022-04-11"
"12/04/2022","118.75","118.75","118.75","118.75","118.75","0.0000","      ","2022-04-12"
"13/04/2022","118","118.75","118.75","118.75","118.75","0.0000","      ","2022-04-13"
"18/04/2022","119","119","119","119","119","0.0000","      ","2022-04-18"
"19/04/2022","119.5","119.5","119.5","119.5","119.5","0.0000","      ","2022-04-19"
"20/04/2022","119.75","119.75","119.75","119.75","119.75","0.0000","      ","2022-04-20"
"21/04/2022","120","120","120","120","120","0.0000","      ","2022-04-21"
"22/04/2022","120.25","120.25","120.25","120.25","120.25","0.0000","      ","2022-04-22"
"25/04/2022","120.5","120.5","120.5","120.5","120.5","0.0000","      ","2022-04-25"
"26/04/2022","120.5","120.5","120.5","120.5","120.5","0.0000","      ","2022-04-26"
"27/04/2022","120.75","120.75","120.75","120.75","120.75","0.0000","      ","2022-04-27"
"28/04/2022","120.75","120.75","120.75","120.75","120.75","0.0000","      ","2022-04-28"
"29/04/2022","120.75","120.75","120.75","120.75","120.75","0.0000","      ","2022-04-29"
"02/05/2022","121.25","121.25","121.25","121.25","121.25","0.0000","      ","2022-05-02"
"03/05/2022","121.5","121.5","121.5","121.5","121.5","0.0000","      ","2022-05-03"
"04/05/2022","122","122","122","122","122","0.0000","      ","2022-05-04"
"05/05/2022","122.25","122.25","122.25","122.25","122.25","0.0000","      ","2022-05-05"
"06/05/2022","122.25","122.25","122.25","122.25","122.25","0.0000","      ","2022-05-06"
"09/05/2022","121.75","122.75","122.75","122.75","122.75","0.0000","      ","2022-05-09"
"10/05/2022","122.75","122.75","122.75","122.75","122.75","0.0000","      ","2022-05-10"
"11/05/2022","123","123","123","123","123","0.0000","      ","2022-05-11"
"12/05/2022","123.25","123.25","123.25","123.25","123.25","0.0000","      ","2022-05-12"
"13/05/2022","123.25","123.25","123.25","123.25","123.25","0.0000","      ","2022-05-13"
"16/05/2022","123.25","123.25","123.25","123.25","123.25","0.0000","      ","2022-05-16"
"17/05/2022","123.5","123.5","123.5","123.5","123.5","0.0000","      ","2022-05-17"
"19/05/2022","124.25","124.25","124.25","124.25","124.25","0.0000","      ","2022-05-19"
"20/05/2022","124.5","124.5","124.5","124.5","124.5","0.0000","      ","2022-05-20"
"23/05/2022","124.75","124.75","124.75","124.75","124.75","0.0000","      ","2022-05-23"
"24/05/2022","125","125","125","125","125","0.0000","      ","2022-05-24"
"26/05/2022","125.25","125.25","125.25","125.25","125.25","0.0000","      ","2022-05-26"
"27/05/2022","125.25","125.25","125.25","125.25","125.25","0.0000","      ","2022-05-27"
"30/05/2022","125.5","125.5","125.5","125.5","125.5","0.0000","      ","2022-05-30"
"31/05/2022","126","126","126","126","126","0.0000","      ","2022-05-31"
"01/06/2022","126.25","126.25","126.25","126.25","126.25","0.0000","      ","2022-06-01"
"02/06/2022","126.25","126.25","126.25","126.25","126.25","0.0000","      ","2022-06-02"
"03/06/2022","126.5","126.5","126.5","126.5","126.5","0.0000","      ","2022-06-03"
"06/06/2022","127","127","127","127","127","0.0000","      ","2022-06-06"
"07/06/2022","127.25","127.25","127.25","127.25","127.25","0.0000","      ","2022-06-07"
"08/06/2022","127.25","127.25","127.25","127.25","127.25","0.0000","      ","2022-06-08"
"09/06/2022","127.5","127.5","127.5","127.5","127.5","0.0000","      ","2022-06-09"
"10/06/2022","127.75","127.75","127.75","127.75","127.75","0.0000","      ","2022-06-10"
"13/06/2022","127","128","128","128","128","0.0000","      ","2022-06-13"
"14/06/2022","128.25","128.25","128.25","128.25","128.25","0.0000","      ","2022-06-14"
"15/06/2022","128.5","128.5","128.5","128.5","128.5","0.0000","      ","2022-06-15"
"16/06/2022","128.75","128.75","128.75","128.75","128.75","0.0000","      ","2022-06-16"
"21/06/2022","128.75","128.75","128.75","128.75","128.75","0.0000","      ","2022-06-21"
"22/06/2022","129.5","129.5","129.5","129.5","129.5","0.0000","      ","2022-06-22"
"23/06/2022","129.5","129.5","129.5","129.5","129.5","0.0000","      ","2022-06-23"
"24/06/2022","129.75","129.75","129.75","129.75","129.75","0.0000","      ","2022-06-24"
"27/06/2022","129.75","129.75","129.75","129.75","129.75","0.0000","      ","2022-06-27"
"28/06/2022","130.75","130.75","130.75","130.75","130.75","0.0000","      ","2022-06-28"
"29/06/2022","130.75","130.75","130.75","130.75","130.75","0.0000","      ","2022-06-29"
"30/06/2022","130.75","130.75","130.75","130.75","130.75","0.0000","      ","2022-06-30"
"01/07/2022","131","131","131","131","131","0.0000","      ","2022-07-01"
"04/07/2022","132","132","132","132","132","0.0000","      ","2022-07-04"
"05/07/2022","132","132","132","132","132","0.0000","      ","2022-07-05"
"06/07/2022","135","133","133","133","133","0.0000","      ","2022-07-06"
"07/07/2022","133","133","133","133","133","0.0000","      ","2022-07-07"
"08/07/2022","134","134","134","134","134","0.0000","      ","2022-07-08"
"11/07/2022","135","135","135","135","135","0.0000","      ","2022-07-11"
"12/07/2022","136","136","136","136","136","0.0000","      ","2022-07-12"
"13/07/2022","135","136","136","136","136","0.0000","      ","2022-07-13"
"14/07/2022","136","136","136","136","136","0.0000","      ","2022-07-14"
"15/07/2022","136","136","136","136","136","0.0000","      ","2022-07-15"
"18/07/2022","136","136","136","136","136","0.0000","      ","2022-07-18"
"19/07/2022","136.25","136.25","136.25","136.25","136.25","0.0000","      ","2022-07-19"
"20/07/2022","136.75","136.75","136.75","136.75","136.75","0.0000","      ","2022-07-20"
"21/07/2022","136.75","136.75","136.75","136.75","136.75","0.0000","      ","2022-07-21"
"22/07/2022","136.75","136.75","136.75","136.75","136.75","0.0000","      ","2022-07-22"
"25/07/2022","200","140","140","140","140","0.0000","      ","2022-07-25"
"26/07/2022","140","140","140","140","140","0.0000","      ","2022-07-26"
"27/07/2022","140","140","140","140","140","0.0000","      ","2022-07-27"
"28/07/2022","140","140","140","140","140","0.0000","      ","2022-07-28"
"29/07/2022","1","140","140","140","140","0.0000","      ","2022-07-29"
"01/08/2022","140","140","140","140","140","0.0000","      ","2022-08-01"
"02/08/2022","140","140","140","140","140","0.0000","      ","2022-08-02"
"03/08/2022","140","140","140","140","140","0.0000","      ","2022-08-03"
"04/08/2022","140","140","140","140","140","0.0000","      ","2022-08-04"
"05/08/2022","140","140","140","140","140","0.0000","      ","2022-08-05"
"08/08/2022","140","141","141","141","141","0.0000","      ","2022-08-08"
"09/08/2022","141","141","141","141","141","0.0000","      ","2022-08-09"
"10/08/2022","140","141","141","141","141","0.0000","      ","2022-08-10"
"11/08/2022","141","141","141","141","141","0.0000","      ","2022-08-11"
"12/08/2022","142","142","142","142","142","0.0000","      ","2022-08-12"
"16/08/2022","142","142","142","142","142","0.0000","      ","2022-08-16"
"17/08/2022","142.75","142.75","142.75","142.75","142.75","0.0000","      ","2022-08-17"
"18/08/2022","143","143","143","143","143","0.0000","      ","2022-08-18"
"19/08/2022","143.25","143.25","143.25","143.25","143.25","0.0000","      ","2022-08-19"
"22/08/2022","143.25","143.25","143.25","143.25","143.25","0.0000","      ","2022-08-22"
"23/08/2022","144","144","144","144","144","0.0000","      ","2022-08-23"
"24/08/2022","145","145","145","145","145","0.0000","      ","2022-08-24"
"25/08/2022","145","145","145","145","145","0.0000","      ","2022-08-25"
"26/08/2022","145","145","145","145","145","0.0000","      ","2022-08-26"
"29/08/2022","145.25","145.25","145.25","145.25","145.25","0.0000","      ","2022-08-29"
"30/08/2022","146","146","146","146","146","0.0000","      ","2022-08-30"
"31/08/2022","159.27","146","146","146","146","0.0000","      ","2022-08-31"
"01/09/2022","146","146","146","146","146","0.0000","      ","2022-09-01"
"02/09/2022","146","146","146","146","146","0.0000","      ","2022-09-02"
"05/09/2022","146","146","146","146","146","0.0000","      ","2022-09-05"
"06/09/2022","147","147","147","147","147","0.0000","      ","2022-09-06"
"07/09/2022","147.5","147.5","147.5","147.5","147.5","0.0000","      ","2022-09-07"
"08/09/2022","148","148","148","148","148","0.0000","      ","2022-09-08"
"09/09/2022","148.5","148.5","148.5","148.5","148.5","0.0000","      ","2022-09-09"
"12/09/2022","148.5","148.5","148.5","148.5","148.5","0.0000","      ","2022-09-12"
"13/09/2022","149.75","149.75","149.75","149.75","149.75","0.0000","      ","2022-09-13"
"14/09/2022","150","150","150","150","150","0.0000","      ","2022-09-14"
"15/09/2022","150","150","150","150","150","0.0000","      ","2022-09-15"
"16/09/2022","150","150","150","150","150","0.0000","      ","2022-09-16"
"19/09/2022","150","150","150","150","150","0.0000","      ","2022-09-19"
"20/09/2022","151","151","151","151","151","0.0000","      ","2022-09-20"
"21/09/2022","152","151.5","151.5","151.5","151.5","0.0000","      ","2022-09-21"
"22/09/2022","152","151.75","151.75","151.75","151.75","0.0000","      ","2022-09-22"
"23/09/2022","152","152","152","152","152","0.0000","      ","2022-09-23"
"26/09/2022","152.25","152.25","152.25","152.25","152.25","0.0000","      ","2022-09-26"
"27/09/2022","153.25","153.25","153.25","153.25","153.25","0.0000","      ","2022-09-27"
"28/09/2022","153.75","153.75","153.75","153.75","153.75","0.0000","      ","2022-09-28"
"29/09/2022","154","154","154","154","154","0.0000","      ","2022-09-29"
"30/09/2022","154","154","154","154","154","0.0000","      ","2022-09-30"
"03/10/2022","154.25","154.25","154.25","154.25","154.25","0.0000","      ","2022-10-03"
"04/10/2022","155.25","155.25","155.25","155.25","155.25","0.0000","      ","2022-10-04"
"05/10/2022","156","156","156","156","156","0.0000","      ","2022-10-05"
"06/10/2022","156.25","156.25","156.25","156.25","156.25","0.0000","      ","2022-10-06"
"11/10/2022","156.25","156.25","156.25","156.25","156.25","0.0000","      ","2022-10-11"
"12/10/2022","158","158","158","158","158","0.0000","      ","2022-10-12"
"13/10/2022","157.25","158.25","158.25","158.25","158.25","0.0000","      ","2022-10-13"
"14/10/2022","158.25","158.25","158.25","158.25","158.25","0.0000","      ","2022-10-14"
"17/10/2022","158.25","158.25","158.25","158.25","158.25","0.0000","      ","2022-10-17"
"18/10/2022","159.75","159.75","159.75","159.75","159.75","0.0000","      ","2022-10-18"
"19/10/2022","160","160","160","160","160","0.0000","      ","2022-10-19"
"20/10/2022","160","160","160","160","160","0.0000","      ","2022-10-20"
"21/10/2022","160.5","160.5","160.5","160.5","160.5","0.0000","      ","2022-10-21"
"24/10/2022","160.5","160.5","160.5","160.5","160.5","0.0000","      ","2022-10-24"
"25/10/2022","162","162","162","162","162","0.0000","      ","2022-10-25"
"26/10/2022","162.5","162.5","162.5","162.5","162.5","0.0000","      ","2022-10-26"
"27/10/2022","162.5","162.5","162.5","162.5","162.5","0.0000","      ","2022-10-27"
"28/10/2022","162.5","162.5","162.5","162.5","162.5","0.0000","      ","2022-10-28"
"31/10/2022","163.5","163.5","163.5","163.5","163.5","0.0000","      ","2022-10-31"
"01/11/2022","163.5","163.5","163.5","163.5","163.5","0.0000","      ","2022-11-01"
"02/11/2022","164","164","164","164","164","0.0000","      ","2022-11-02"
"03/11/2022","165","165","165","165","165","0.0000","      ","2022-11-03"
"04/11/2022","165","165","165","165","165","0.0000","      ","2022-11-04"
"07/11/2022","166","166","166","166","166","0.0000","      ","2022-11-07"
"08/11/2022","166.5","166.5","166.5","166.5","166.5","0.0000","      ","2022-11-08"
"09/11/2022","166.5","167","167","167","167","0.0000","      ","2022-11-09"
"10/11/2022","167.5","167.5","167.5","167.5","167.5","0.0000","      ","2022-11-10"
"11/11/2022","168","168","168","168","168","0.0000","      ","2022-11-11"
"14/11/2022","168","168","168","168","168","0.0000","      ","2022-11-14"
"15/11/2022","169.5","169.5","169.5","169.5","169.5","0.0000","      ","2022-11-15"
"16/11/2022","169.5","169.5","169.5","169.5","169.5","0.0000","      ","2022-11-16"
"17/11/2022","170","170","170","170","170","0.0000","      ","2022-11-17"
"18/11/2022","170.25","170.25","170.25","170.25","170.25","0.0000","      ","2022-11-18"
"22/11/2022","170.75","170.75","170.75","170.75","170.75","0.0000","      ","2022-11-22"
"23/11/2022","171.25","171.25","171.25","171.25","171.25","0.0000","      ","2022-11-23"
"24/11/2022","173","172.25","172.25","172.25","172.25","0.0000","      ","2022-11-24"
"25/11/2022","173","173","173","173","173","0.0000","      ","2022-11-25"
"28/11/2022","173","173","173","173","173","0.0000","      ","2022-11-28"
"29/11/2022","173.75","173.75","173.75","173.75","173.75","0.0000","      ","2022-11-29"
"30/11/2022","174.75","174.75","174.75","174.75","174.75","0.0000","      ","2022-11-30"
"01/12/2022","175.25","175.25","175.25","175.25","175.25","0.0000","      ","2022-12-01"
"02/12/2022","175.25","175.25","175.25","175.25","175.25","0.0000","      ","2022-12-02"
"05/12/2022","176.75","176.75","176.75","176.75","176.75","0.0000","      ","2022-12-05"
"06/12/2022","176.75","176.75","176.75","176.75","176.75","0.0000","      ","2022-12-06"
"07/12/2022","177","177","177","177","177","0.0000","      ","2022-12-07"
"12/12/2022","178.5","178.5","178.5","178.5","178.5","0.0000","      ","2022-12-12"
"13/12/2022","180","180","180","180","180","0.0000","      ","2022-12-13"
"14/12/2022","180","180","180","180","180","0.0000","      ","2022-12-14"
"15/12/2022","180","180","180","180","180","0.0000","      ","2022-12-15"
"16/12/2022","180","180","180","180","180","0.0000","      ","2022-12-16"
"19/12/2022","180","180","180","180","180","0.0000","      ","2022-12-19"
"21/12/2022","181","181","181","181","181","0.0000","      ","2022-12-21"
"22/12/2022","181.5","181.5","181.5","181.5","181.5","0.0000","      ","2022-12-22"
"23/12/2022","181.5","181.5","181.5","181.5","181.5","0.0000","      ","2022-12-23"
"26/12/2022","182","182","182","182","182","0.0000","      ","2022-12-26"
"27/12/2022","184","184","184","184","184","0.0000","      ","2022-12-27"
"28/12/2022","184","184","184","184","184","0.0000","      ","2022-12-28"
"29/12/2022","184","184","184","184","184","0.0000","      ","2022-12-29"
"30/12/2022","184.25","184.25","184.25","184.25","184.25","0.0000","      ","2022-12-30"
"02/01/2023","184.25","184.25","184.25","184.25","184.25","0.0000","      ","2023-01-02"
"03/01/2023","185.75","185.75","185.75","185.75","185.75","0.0000","      ","2023-01-03"
"04/01/2023","186.75","186.75","186.75","186.75","186.75","0.0000","      ","2023-01-04"
"05/01/2023","186.75","186.75","186.75","186.75","186.75","0.0000","      ","2023-01-05"
"06/01/2023","186.75","186.75","186.75","186.75","186.75","0.0000","      ","2023-01-06"
"09/01/2023","188.25","188.25","188.25","188.25","188.25","0.0000","      ","2023-01-09"
"10/01/2023","188.25","188.25","188.25","188.25","188.25","0.0000","      ","2023-01-10"
"11/01/2023","188.75","188.75","188.75","188.75","188.75","0.0000","      ","2023-01-11"
"12/01/2023","188.75","188.75","188.75","188.75","188.75","0.0000","      ","2023-01-12"
"13/01/2023","188.75","188.75","188.75","188.75","188.75","0.0000","      ","2023-01-13"
"16/01/2023","189","189","189","189","189","0.0000","      ","2023-01-16"
"17/01/2023","190","190","190","190","190","0.0000","      ","2023-01-17"
"18/01/2023","190","190","190","190","190","0.0000","      ","2023-01-18"
"19/01/2023","190","190","190","190","190","0.0000","      ","2023-01-19"
"20/01/2023","190","190","190","190","190","0.0000","      ","2023-01-20"
"23/01/2023","191","191","191","191","191","0.0000","      ","2023-01-23"
"24/01/2023","192","192","192","192","192","0.0000","      ","2023-01-24"
"25/01/2023","192","192","192","192","192","0.0000","      ","2023-01-25"
"26/01/2023","192.5","192.5","192.5","192.5","192.5","0.0000","      ","2023-01-26"
"27/01/2023","193","193","193","193","193","0.0000","      ","2023-01-27"
"30/01/2023","193.25","193.25","193.25","193.25","193.25","0.0000","      ","2023-01-30"
"31/01/2023","194.25","194.25","194.25","194.25","194.25","0.0000","      ","2023-01-31"
"01/02/2023","195","195","195","195","195","0.0000","      ","2023-02-01"
"02/02/2023","195.5","195.5","195.5","195.5","195.5","0.0000","      ","2023-02-02"
"03/02/2023","195.5","195.5","195.5","195.5","195.5","0.0000","      ","2023-02-03"
"06/02/2023","196","196","196","196","196","0.0000","      ","2023-02-06"
"07/02/2023","197","197","197","197","197","0.0000","      ","2023-02-07"
"08/02/2023","197.25","197.25","197.25","197.25","197.25","0.0000","      ","2023-02-08"
"09/02/2023","197.25","197.25","197.25","197.25","197.25","0.0000","      ","2023-02-09"
"10/02/2023","198.25","198.25","198.25","198.25","198.25","0.0000","      ","2023-02-10"
"13/02/2023","198.25","198.25","198.25","198.25","198.25","0.0000","      ","2023-02-13"
"14/02/2023","198.75","198.75","198.75","198.75","198.75","0.0000","      ","2023-02-14"
"15/02/2023","199","199","199","199","199","0.0000","      ","2023-02-15"
"16/02/2023","198.5","199.25","199.25","199.25","199.25","0.0000","      ","2023-02-16"
"17/02/2023","199.5","199.5","199.5","199.5","199.5","0.0000","      ","2023-02-17"
"22/02/2023","200.25","200.25","200.25","200.25","200.25","0.0000","      ","2023-02-22"
"23/02/2023","201.5","201.5","201.5","201.5","201.5","0.0000","      ","2023-02-23"
"24/02/2023","203","203","203","203","203","0.0000","      ","2023-02-24"
"27/02/2023","203.25","203.25","203.25","203.25","203.25","0.0000","      ","2023-02-27"
"28/02/2023","204.5","204.5","204.5","204.5","204.5","0.0000","      ","2023-02-28"
"01/03/2023","205","205","205","205","205","0.0000","      ","2023-03-01"
"02/03/2023","205","205","205","205","205","0.0000","      ","2023-03-02"
"03/03/2023","206","206","206","206","206","0.0000","      ","2023-03-03"
"06/03/2023","206.5","206.5","206.5","206.5","206.5","0.0000","      ","2023-03-06"
"07/03/2023","207.25","207.25","207.25","207.25","207.25","0.0000","      ","2023-03-07"
"08/03/2023","207.25","207.25","207.25","207.25","207.25","0.0000","      ","2023-03-08"
"09/03/2023","207.75","207.75","207.75","207.75","207.75","0.0000","      ","2023-03-09"
"10/03/2023","207.75","207.75","207.75","207.75","207.75","0.0000","      ","2023-03-10"
"13/03/2023","208","208","208","208","208","0.0000","      ","2023-03-13"
"14/03/2023","209.25","209.25","209.25","209.25","209.25","0.0000","      ","2023-03-14"
"15/03/2023","209.75","209.75","209.75","209.75","209.75","0.0000","      ","2023-03-15"
"16/03/2023","210","210","210","210","210","0.0000","      ","2023-03-16"
"17/03/2023","210.5","210.5","210.5","210.5","210.5","0.0000","      ","2023-03-17"
"20/03/2023","211","211","211","211","211","0.0000","      ","2023-03-20"
"21/03/2023","212","212","212","212","212","0.0000","      ","2023-03-21"
"22/03/2023","212","212","212","212","212","0.0000","      ","2023-03-22"
"23/03/2023","213","213","213","213","213","0.0000","      ","2023-03-23"
"27/03/2023","213.5","213.5","213.5","213.5","213.5","0.0000","      ","2023-03-27"
"28/03/2023","214.5","214.5","214.5","214.5","214.5","0.0000","      ","2023-03-28"
"29/03/2023","215.5","215.5","215.5","215.5","215.5","0.0000","      ","2023-03-29"
"30/03/2023","216","216","216","216","216","0.0000","      ","2023-03-30"
"31/03/2023","216.5","216.5","216.5","216.5","216.5","0.0000","      ","2023-03-31"
"03/04/2023","216.5","216.5","216.5","216.5","216.5","0.0000","      ","2023-04-03"
"04/04/2023","217.5","217.5","217.5","217.5","217.5","0.0000","      ","2023-04-04"
"05/04/2023","218.5","218.5","218.5","218.5","218.5","0.0000","      ","2023-04-05"
"10/04/2023","219.5","219.5","219.5","219.5","219.5","0.0000","      ","2023-04-10"
"11/04/2023","221.25","221.25","221.25","221.25","221.25","0.0000","      ","2023-04-11"
"12/04/2023","221.75","221.75","221.75","221.75","221.75","0.0000","      ","2023-04-12"
"13/04/2023","221.75","221.75","221.75","221.75","221.75","0.0000","      ","2023-04-13"
"14/04/2023","221.75","221.75","221.75","221.75","221.75","0.0000","      ","2023-04-14"
"17/04/2023","222","222","222","222","222","0.0000","      ","2023-04-17"
"18/04/2023","223.5","223.5","223.5","223.5","223.5","0.0000","      ","2023-04-18"
"19/04/2023","224","224","224","224","224","0.0000","      ","2023-04-19"
"20/04/2023","225","225","225","225","225","0.0000","      ","2023-04-20"
"21/04/2023","226","226","226","226","226","0.0000","      ","2023-04-21"
"24/04/2023","226","226","226","226","226","0.0000","      ","2023-04-24"
"25/04/2023","227","227","227","227","227","0.0000","      ","2023-04-25"
"26/04/2023","229","229","229","229","229","0.0000","      ","2023-04-26"
"27/04/2023","228.5","228.5","228.5","228.5","228.5","0.0000","      ","2023-04-27"
"28/04/2023","229","229","229","229","229","0.0000","      ","2023-04-28"
"02/05/2023","232","232","232","232","232","0.0000","      ","2023-05-02"
"03/05/2023","233","233","233","233","233","0.0000","      ","2023-05-03"
"04/05/2023","233","233","233","233","233","0.0000","      ","2023-05-04"
"05/05/2023","234","234","234","234","234","0.0000","      ","2023-05-05"
"08/05/2023","235","235","235","235","235","0.0000","      ","2023-05-08"
"09/05/2023","237","237","237","237","237","0.0000","      ","2023-05-09"
"10/05/2023","238","238","238","238","238","0.0000","      ","2023-05-10"
"11/05/2023","238.5","238.5","238.5","238.5","238.5","0.0000","      ","2023-05-11"
"12/05/2023","239","239","239","239","239","0.0000","      ","2023-05-12"
"15/05/2023","239.5","239.5","239.5","239.5","239.5","0.0000","      ","2023-05-15"
"16/05/2023","241","241","241","241","241","0.0000","      ","2023-05-16"
"17/05/2023","241.5","241.5","241.5","241.5","241.5","0.0000","      ","2023-05-17"
"18/05/2023","242","242","242","242","242","0.0000","      ","2023-05-18"
"19/05/2023","242.5","242.5","242.5","242.5","242.5","0.0000","      ","2023-05-19"
"22/05/2023","243","243","243","243","243","0.0000","      ","2023-05-22"
"23/05/2023","244.5","244.5","244.5","244.5","244.5","0.0000","      ","2023-05-23"
"24/05/2023","245","245","245","245","245","0.0000","      ","2023-05-24"
"29/05/2023","248","248","248","248","248","0.0000","      ","2023-05-29"
"30/05/2023","250","250","250","250","250","0.0000","      ","2023-05-30"
"31/05/2023","250","250","250","250","250","0.0000","      ","2023-05-31"
"01/06/2023","250","250","250","250","250","0.0000","      ","2023-06-01"
"02/06/2023","250.5","250.5","250.5","250.5","250.5","0.0000","      ","2023-06-02"
"05/06/2023","251.5","251.5","251.5","251.5","251.5","0.0000","      ","2023-06-05"
"06/06/2023","251.5","251.5","251.5","251.5","251.5","0.0000","      ","2023-06-06"
"07/06/2023","253.5","253.5","253.5","253.5","253.5","0.0000","      ","2023-06-07"
"08/06/2023","253.5","253.5","253.5","253.5","253.5","0.0000","      ","2023-06-08"
"09/06/2023","255","255","255","255","255","0.0000","      ","2023-06-09"
"12/06/2023","255.5","255.5","255.5","255.5","255.5","0.0000","      ","2023-06-12"
"13/06/2023","257","257","257","257","257","0.0000","      ","2023-06-13"
"14/06/2023","257","257","257","257","257","0.0000","      ","2023-06-14"
"15/06/2023","258","258","258","258","258","0.0000","      ","2023-06-15"
"16/06/2023","259","259","259","259","259","0.0000","      ","2023-06-16"
"21/06/2023","262.5","262.5","262.5","262.5","262.5","0.0000","      ","2023-06-21"
"22/06/2023","263.5","263.5","263.5","263.5","263.5","0.0000","      ","2023-06-22"
"23/06/2023","264.5","264.5","264.5","264.5","264.5","0.0000","      ","2023-06-23"
"26/06/2023","265.5","265.5","265.5","265.5","265.5","0.0000","      ","2023-06-26"
"27/06/2023","266.5","266.5","266.5","266.5","266.5","0.0000","      ","2023-06-27"
"28/06/2023","267","267","267","267","267","0.0000","      ","2023-06-28"
"29/06/2023","268","268","268","268","268","0.0000","      ","2023-06-29"
"30/06/2023","268","268","268","268","268","0.0000","      ","2023-06-30"
"03/07/2023","270","270","270","270","270","0.0000","      ","2023-07-03"
"04/07/2023","271","271","271","271","271","0.0000","      ","2023-07-04"
"05/07/2023","271.5","271.5","271.5","271.5","271.5","0.0000","      ","2023-07-05"
"06/07/2023","272.5","272.5","272.5","272.5","272.5","0.0000","      ","2023-07-06"
"07/07/2023","274","274","274","274","274","0.0000","      ","2023-07-07"
"10/07/2023","274","274","274","274","274","0.0000","      ","2023-07-10"
"11/07/2023","275.5","275.5","275.5","275.5","275.5","0.0000","      ","2023-07-11"
"12/07/2023","276","276","276","276","276","0.0000","      ","2023-07-12"
"13/07/2023","277.5","277.5","277.5","277.5","277.5","0.0000","      ","2023-07-13"
"14/07/2023","278","278","278","278","278","0.0000","      ","2023-07-14"
"17/07/2023","278","278","278","278","278","0.0000","      ","2023-07-17"
"18/07/2023","280","280","280","280","280","0.0000","      ","2023-07-18"
"19/07/2023","280","280","280","280","280","0.0000","      ","2023-07-19"
"20/07/2023","280","280","280","280","280","0.0000","      ","2023-07-20"
"21/07/2023","281","281","281","281","281","0.0000","      ","2023-07-21"
"24/07/2023","284","284","284","284","284","0.0000","      ","2023-07-24"
"25/07/2023","290","290","290","290","290","0.0000","      ","2023-07-25"
"26/07/2023","284","290","290","290","290","0.0000","      ","2023-07-26"
"27/07/2023","285","285","285","285","285","0.0000","      ","2023-07-27"
"28/07/2023","285","285","285","285","285","0.0000","      ","2023-07-28"
"31/07/2023","286","286","286","286","286","0.0000","      ","2023-07-31"
"01/08/2023","288.5","288.5","288.5","288.5","288.5","0.0000","      ","2023-08-01"
"02/08/2023","288.5","288.5","288.5","288.5","288.5","0.0000","      ","2023-08-02"
"03/08/2023","289.5","289.5","289.5","289.5","289.5","0.0000","      ","2023-08-03"
"04/08/2023","292","292","292","292","292","0.0000","      ","2023-08-04"
"07/08/2023","295","295","295","295","295","0.0000","      ","2023-08-07"
"08/08/2023","295","295","295","295","295","0.0000","      ","2023-08-08"
"09/08/2023","296","296","296","296","296","0.0000","      ","2023-08-09"
"10/08/2023","297","297","297","297","297","0.0000","      ","2023-08-10"
"11/08/2023","297","297","297","297","297","0.0000","      ","2023-08-11"
"14/08/2023","365.5","365.5","365.5","365.5","365.5","0.0000","      ","2023-08-14"
"15/08/2023","365.5","365.5","365.5","365.5","365.5","0.0000","      ","2023-08-15"
"16/08/2023","365.5","365.5","365.5","365.5","365.5","0.0000","      ","2023-08-16"
"17/08/2023","365.5","365.5","365.5","365.5","365.5","0.0000","      ","2023-08-17"
"18/08/2023","365.5","365.5","365.5","365.5","365.5","0.0000","      ","2023-08-18"
"23/08/2023","365.5","365.5","365.5","365.5","365.5","0.0000","      ","2023-08-23"
"24/08/2023","365.5","365.5","365.5","365.5","365.5","0.0000","      ","2023-08-24"
"25/08/2023","365.5","365.5","365.5","365.5","365.5","0.0000","      ","2023-08-25"
"28/08/2023","365.5","365.5","365.5","365.5","365.5","0.0000","      ","2023-08-28"
"29/08/2023","365.5","365.5","365.5","365.5","365.5","0.0000","      ","2023-08-29"
"30/08/2023","365.5","365.5","365.5","365.5","365.5","0.0000","      ","2023-08-30"
"31/08/2023","365.5","365.5","365.5","365.5","365.5","0.0000","      ","2023-08-31"
"01/09/2023","365.5","365.5","365.5","365.5","365.5","0.0000","      ","2023-09-01"
"04/09/2023","365.5","365.5","365.5","365.5","365.5","0.0000","      ","2023-09-04"
"05/09/2023","365.5","365.5","365.5","365.5","365.5","0.0000","      ","2023-09-05"
"06/09/2023","365.5","365.5","365.5","365.5","365.5","0.0000","      ","2023-09-06"
"07/09/2023","365.5","365.5","365.5","365.5","365.5","0.0000","      ","2023-09-07"
"08/09/2023","365.5","365.5","365.5","365.5","365.5","0.0000","      ","2023-09-08"
"11/09/2023","365.5","365.5","365.5","365.5","365.5","0.0000","      ","2023-09-11"
"12/09/2023","365.5","365.5","365.5","365.5","365.5","0.0000","      ","2023-09-12"
"13/09/2023","365.5","365.5","365.5","365.5","365.5","0.0000","      ","2023-09-13"
"14/09/2023","365.5","365.5","365.5","365.5","365.5","0.0000","      ","2023-09-14"
"15/09/2023","365.5","365.5","365.5","365.5","365.5","0.0000","      ","2023-09-15"
"18/09/2023","365.5","365.5","365.5","365.5","365.5","0.0000","      ","2023-09-18"
"19/09/2023","365.5","365.5","365.5","365.5","365.5","0.0000","      ","2023-09-19"
"20/09/2023","365.5","365.5","365.5","365.5","365.5","0.0000","      ","2023-09-20"
"21/09/2023","365.5","365.5","365.5","365.5","365.5","0.0000","      ","2023-09-21"
"22/09/2023","365.5","365.5","365.5","365.5","365.5","0.0000","      ","2023-09-22"
"25/09/2023","365.5","365.5","365.5","365.5","365.5","0.0000","      ","2023-09-25"
"26/09/2023","365.5","365.5","365.5","365.5","365.5","0.0000","      ","2023-09-26"
"27/09/2023","365.5","365.5","365.5","365.5","365.5","0.0000","      ","2023-09-27"
"28/09/2023","365.5","365.5","365.5","365.5","365.5","0.0000","      ","2023-09-28"
"29/09/2023","365.5","365.5","365.5","365.5","365.5","0.0000","      ","2023-09-29"
"02/10/2023","365.5","365.5","365.5","365.5","365.5","0.0000","      ","2023-10-02"
"03/10/2023","365.5","365.5","365.5","365.5","365.5","0.0000","      ","2023-10-03"
"04/10/2023","365.5","365.5","365.5","365.5","365.5","0.0000","      ","2023-10-04"
"05/10/2023","365.5","365.5","365.5","365.5","365.5","0.0000","      ","2023-10-05"
"06/10/2023","365.5","365.5","365.5","365.5","365.5","0.0000","      ","2023-10-06"
"08/10/2023","365.5","365.5","365.5","365.5","365.5","0.0000","      ","2023-10-09"
"09/10/2023","365.5","365.5","365.5","365.5","365.5","0.0000","      ","2023-10-09"
"10/10/2023","365.5","365.5","365.5","365.5","365.5","0.0000","      ","2023-10-10"
"11/10/2023","365.5","365.5","365.5","365.5","365.5","0.0000","      ","2023-10-11"
"12/10/2023","365.5","365.5","365.5","365.5","365.5","0.0000","      ","2023-10-12"
"17/10/2023","365.5","365.5","365.5","365.5","365.5","0.0000","      ","2023-10-17"
"18/10/2023","365.5","365.5","365.5","365.5","365.5","0.0000","      ","2023-10-18"
"19/10/2023","365.5","365.5","365.5","365.5","365.5","0.0000","      ","2023-10-19"
"20/10/2023","365.5","365.5","365.5","365.5","365.5","0.0000","      ","2023-10-20"
"23/10/2023","365.5","365.5","365.5","365.5","365.5","0.0000","      ","2023-10-23"
"24/10/2023","365.5","365.5","365.5","365.5","365.5","0.0000","      ","2023-10-24"
"25/10/2023","500","500","500","500","500","0.0000","      ","2023-10-25"
"26/10/2023","500","500","500","500","500","0.0000","      ","2023-10-26"
"27/10/2023","500","500","500","500","500","0.0000","      ","2023-10-27"
"30/10/2023","500","500","500","500","500","0.0000","      ","2023-10-30"
"31/10/2023","500","500","500","500","500","0.0000","      ","2023-10-31"
"01/11/2023","500","500","500","500","500","0.0000","      ","2023-11-01"
"02/11/2023","500","500","500","500","500","0.0000","      ","2023-11-02"
"03/11/2023","500","500","500","500","500","0.0000","      ","2023-11-03"
"06/11/2023","500","500","500","500","500","0.0000","      ","2023-11-06"
"07/11/2023","500","500","500","500","500","0.0000","      ","2023-11-07"
"08/11/2023","500","500","500","500","500","0.0000","      ","2023-11-08"
"09/11/2023","500","500","500","500","500","0.0000","      ","2023-11-09"
"10/11/2023","500","500","500","500","500","0.0000","      ","2023-11-10"
"13/11/2023","500","500","500","500","500","0.0000","      ","2023-11-13"
"14/11/2023","500","500","500","500","500","0.0000","      ","2023-11-14"
"15/11/2023","500","500","500","500","500","0.0000","      ","2023-11-15"
"16/11/2023","500","500","500","500","500","0.0000","      ","2023-11-16"
"17/11/2023","500","500","500","500","500","0.0000","      ","2023-11-17"
"21/11/2023","550","550","550","550","550","0.0000","      ","2023-11-21"
"22/11/2023","500","550","550","550","550","0.0000","      ","2023-11-22"
"23/11/2023","500","550","550","550","550","0.0000","      ","2023-11-23"
"24/11/2023","600","550","550","550","550","0.0000","      ","2023-11-24"
"27/11/2023","600","550","550","550","550","0.0000","      ","2023-11-27"
"28/11/2023","600","550","550","550","550","0.0000","      ","2023-11-28"
"29/11/2023","600","600","600","600","600","0.0000","      ","2023-11-29"
"30/11/2023","600","600","600","600","600","0.0000","      ","2023-11-30"
"01/12/2023","750","800","800","800","800","0.0000","      ","2023-12-01"
"04/12/2023","800","800","800","800","800","0.0000","      ","2023-12-04"
"05/12/2023","800","750","750","750","750","0.0000","      ","2023-12-05"
"06/12/2023","750","750","750","750","750","0.0000","      ","2023-12-06"
"07/12/2023","750","750","750","750","750","0.0000","      ","2023-12-07"
"11/12/2023","750","800","800","800","800","0.0000","      ","2023-12-11"
"12/12/2023","800","800","800","800","800","0.0000","      ","2023-12-12"
"13/12/2023","820","800","800","800","800","0.0000","      ","2023-12-13"
"14/12/2023","820","820","820","820","820","0.0000","      ","2023-12-14"
"15/12/2023","968","820","820","820","820","0.0000","      ","2023-12-15"
"18/12/2023","966.44","820","820","820","820","0.0000","      ","2023-12-18"
"19/12/2023","823","823","823","823","823","0.0000","      ","2023-12-19"
"20/12/2023","823.5","823.5","823.5","823.5","823.5","0.0000","      ","2023-12-20"
"21/12/2023","824","824","824","824","824","0.0000","      ","2023-12-21"
"22/12/2023","824.5","824.5","824.5","824.5","824.5","0.0000","      ","2023-12-22"
"26/12/2023","826.75","826.75","826.75","826.75","826.75","0.0000","      ","2023-12-26"
"27/12/2023","827.25","827.25","827.25","827.25","827.25","0.0000","      ","2023-12-27"
"28/12/2023","827.75","827.25","827.25","827.25","827.25","0.0000","      ","2023-12-28"
"29/12/2023","828.25","827.25","827.25","827.25","827.25","0.0000","      ","2023-12-29"
"02/01/2024","830.25","830.25","830.25","830.25","830.25","0.0000","      ","2024-01-02"
"03/01/2024","831","831","831","831","831","0.0000","      ","2024-01-03"
"04/01/2024","831.5","831","831","831","831","0.0000","      ","2024-01-04"
"05/01/2024","832","832","832","832","832","0.0000","      ","2024-01-05"
"08/01/2024","833.5","833.5","833.5","833.5","833.5","0.0000","      ","2024-01-08"
"09/01/2024","840","833.5","833.5","833.5","833.5","0.0000","      ","2024-01-09"
"10/01/2024","834.5","834.5","834.5","834.5","834.5","0.0000","      ","2024-01-10"
"11/01/2024","835","835","835","835","835","0.0000","      ","2024-01-11"
"12/01/2024","835.5","835.5","835.5","835.5","835.5","0.0000","      ","2024-01-12"
"15/01/2024","837.25","837.25","837.25","837.25","837.25","0.0000","      ","2024-01-15"
"16/01/2024","837.75","837.75","837.75","837.75","837.75","0.0000","      ","2024-01-16"
"17/01/2024","838.25","838.25","838.25","838.25","838.25","0.0000","      ","2024-01-17"
"18/01/2024","838.75","838.75","838.75","838.75","838.75","0.0000","      ","2024-01-18"
"19/01/2024","839.25","839.25","839.25","839.25","839.25","0.0000","      ","2024-01-19"
"22/01/2024","840.75","840.75","840.75","840.75","840.75","0.0000","      ","2024-01-22"
"23/01/2024","841.25","841.25","841.25","841.25","841.25","0.0000","      ","2024-01-23"
"24/01/2024","841.75","841.75","841.75","841.75","841.75","0.0000","      ","2024-01-24"
"25/01/2024","842.25","842.25","842.25","842.25","842.25","0.0000","      ","2024-01-25"
"26/01/2024","842.75","842.75","842.75","842.75","842.75","0.0000","      ","2024-01-26"
"29/01/2024","844.5","844.5","844.5","844.5","844.5","0.0000","      ","2024-01-29"
"30/01/2024","845","845","845","845","845","0.0000","      ","2024-01-30"
"31/01/2024","845.5","845.5","845.5","845.5","845.5","0.0000","      ","2024-01-31"
"01/02/2024","846","846","846","846","846","0.0000","      ","2024-02-01"
"02/02/2024","846.5","846.5","846.5","846.5","846.5","0.0000","      ","2024-02-02"
"05/02/2024","848","848","848","848","848","0.0000","      ","2024-02-05"
"06/02/2024","848.5","848.5","848.5","848.5","848.5","0.0000","      ","2024-02-06"
"07/02/2024","849","849","849","849","849","0.0000","      ","2024-02-07"
"08/02/2024","849.5","849.5","849.5","849.5","849.5","0.0000","      ","2024-02-08"
"09/02/2024","850","850","850","850","850","0.0000","      ","2024-02-09"
"14/02/2024","853","853","853","853","853","0.0000","      ","2024-02-14"
"15/02/2024","853.5","853.5","853.5","853.5","853.5","0.0000","      ","2024-02-15"
"16/02/2024","854","854","854","854","854","0.0000","      ","2024-02-16"
"19/02/2024","855.5","855.5","855.5","855.5","855.5","0.0000","      ","2024-02-19"
"20/02/2024","856","856","856","856","856","0.0000","      ","2024-02-20"
"21/02/2024","857","857","857","857","857","0.0000","      ","2024-02-21"
"22/02/2024","857","857","857","857","857","0.0000","      ","2024-02-22"
"23/02/2024","857.5","857.5","857.5","857.5","857.5","0.0000","      ","2024-02-23"
"26/02/2024","859.5","859.5","859.5","859.5","859.5","0.0000","      ","2024-02-26"
"27/02/2024","860","860","860","860","860","0.0000","      ","2024-02-27"
"28/02/2024","860.5","860.5","860.5","860.5","860.5","0.0000","      ","2024-02-28"
"29/02/2024","861","861","861","861","861","0.0000","      ","2024-02-29"
"01/03/2024","861.5","861.5","861.5","861.5","861.5","0.0000","      ","2024-03-01"
"04/03/2024","863","863","863","863","863","0.0000","      ","2024-03-04"
"05/03/2024","863.5","863.5","863.5","863.5","863.5","0.0000","      ","2024-03-05"
"06/03/2024","864.5","864.5","864.5","864.5","864.5","0.0000","      ","2024-03-06"
"07/03/2024","865","864","865","865","865","0.0000","      ","2024-03-07"
"08/03/2024","865","864","865","865","865","0.0000","      ","2024-03-08"
"11/03/2024","867","867","867","867","867","0.0000","      ","2024-03-11"
"12/03/2024","867.5","867.5","867.5","867.5","867.5","0.0000","      ","2024-03-12"
"13/03/2024","868","868","868","868","868","0.0000","      ","2024-03-13"
"14/03/2024","868.5","868.5","868.5","868.5","868.5","0.0000","      ","2024-03-14"
"15/03/2024","869.5","869.5","869.5","869.5","869.5","0.0000","      ","2024-03-15"
"18/03/2024","871","871","871","871","871","0.0000","      ","2024-03-18"
"19/03/2024","871.5","871.5","871.5","871.5","871.5","0.0000","      ","2024-03-19"
"20/03/2024","872","872","872","872","872","0.0000","      ","2024-03-20"
"21/03/2024","872.5","872.5","872.5","872.5","872.5","0.0000","      ","2024-03-21"
"22/03/2024","873.5","873.5","873.5","873.5","873.5","0.0000","      ","2024-03-22"
"25/03/2024","875","875","875","875","875","0.0000","      ","2024-03-25"
"26/03/2024","875.5","875.5","875.5","875.5","875.5","0.0000","      ","2024-03-26"
"27/03/2024","876","876","876","876","876","0.0000","      ","2024-03-27"
"03/04/2024","880","880","880","880","880","0.0000","      ","2024-04-03"
"04/04/2024","880.5","880.5","880.5","880.5","880.5","0.0000","      ","2024-04-04"
"05/04/2024","881","881","881","881","881","0.0000","      ","2024-04-05"
"08/04/2024","883","883","883","883","883","0.0000","      ","2024-04-08"
"09/04/2024","883.5","883.5","883.5","883.5","883.5","0.0000","      ","2024-04-09"
"10/04/2024","884","884","884","884","884","0.0000","      ","2024-04-10"
"11/04/2024","884.5","884.5","884.5","884.5","884.5","0.0000","      ","2024-04-11"
"12/04/2024","885","885","885","885","885","0.0000","      ","2024-04-12"
"15/04/2024","887","887","887","887","887","0.0000","      ","2024-04-15"
"16/04/2024","887.5","887.5","887.5","887.5","887.5","0.0000","      ","2024-04-16"
"17/04/2024","888","888","888","888","888","0.0000","      ","2024-04-17"
"18/04/2024","888.5","888","888","888","888","0.0000","      ","2024-04-18"
"19/04/2024","889","889","889","889","889","0.0000","      ","2024-04-19"
"22/04/2024","892","892","892","892","892","0.0000","      ","2024-04-22"
"23/04/2024","892","892","892","892","892","0.0000","      ","2024-04-23"
"24/04/2024","892.5","892.5","892.5","892.5","892.5","0.0000","      ","2024-04-24"
"25/04/2024","893","893","893","893","893","0.0000","      ","2024-04-25"
"26/04/2024","893","893","893","893","893","0.0000","      ","2024-04-26"
"29/04/2024","895.5","895.5","895.5","895.5","895.5","0.0000","      ","2024-04-29"
"30/04/2024","896","896","896","896","896","0.0000","      ","2024-04-30"
"02/05/2024","897","897","897","897","897","0.0000","      ","2024-05-02"
"03/05/2024","897.5","897.5","897.5","897.5","897.5","0.0000","      ","2024-05-03"
"06/05/2024","899","899","899","899","899","0.0000","      ","2024-05-06"
"07/05/2024","899.5","899.5","899.5","899.5","899.5","0.0000","      ","2024-05-07"
"08/05/2024","900","900","900","900","900","0.0000","      ","2024-05-08"
"09/05/2024","901","900","900","900","900","0.0000","      ","2024-05-09"
"10/05/2024","901.5","901.5","901.5","901.5","901.5","0.0000","      ","2024-05-10"
"13/05/2024","903","903","903","903","903","0.0000","      ","2024-05-13"
"14/05/2024","904","904","904","904","904","0.0000","      ","2024-05-14"
"15/05/2024","904.5","904.5","904.5","904.5","904.5","0.0000","      ","2024-05-15"
"16/05/2024","905","905","905","905","905","0.0000","      ","2024-05-16"
"17/05/2024","905.5","905.5","905.5","905.5","905.5","0.0000","      ","2024-05-17"
"20/05/2024","907.5","907.5","907.5","907.5","907.5","0.0000","      ","2024-05-20"
"21/05/2024","908","908","908","908","908","0.0000","      ","2024-05-21"
"22/05/2024","908.5","908.5","908.5","908.5","908.5","0.0000","      ","2024-05-22"
"23/05/2024","909","909","909","909","909","0.0000","      ","2024-05-23"
"24/05/2024","909.5","909.5","909.5","909.5","909.5","0.0000","      ","2024-05-24"
"27/05/2024","911","911","911","911","911","0.0000","      ","2024-05-27"
"28/05/2024","912.5","912.5","912.5","912.5","912.5","0.0000","      ","2024-05-28"
"29/05/2024","913","913","913","91","913","0.0000","      ","2024-05-29"
"30/05/2024","913","913","913","91","913","0.0000","      ","2024-05-30"
"31/05/2024","913.5","913.5","913.5","913.5","913.5","0.0000","      ","2024-05-31"
"03/06/2024","916","916","916","916","916","0.0000","      ","2024-06-03"
"04/06/2024","916.5","916.5","916.5","916.5","916.5","0.0000","      ","2024-06-04"
"05/06/2024","916.5","916.5","916.5","916.5","916.5","0.0000","      ","2024-06-05"
"06/06/2024","918","918","918","918","918","0.0000","      ","2024-06-06"
"07/06/2024","918","918","918","918","918","0.0000","      ","2024-06-07"
"10/06/2024","919.5","919.5","919.5","919.5","919.5","0.0000","      ","2024-06-10"
"11/06/2024","930","921","921","921","921","0.0000","      ","2024-06-11"
"12/06/2024","921.5","921.5","921.5","921.5","921.5","0.0000","      ","2024-06-12"
"13/06/2024","921.5","921.5","921.5","921.5","921.5","0.0000","      ","2024-06-13"
"14/06/2024","922","922","922","922","922","0.0000","      ","2024-06-14"
"18/06/2024","924","924","924","924","924","0.0000","      ","2024-06-18"
"19/06/2024","924.5","924.5","924.5","924.5","924.5","0.0000","      ","2024-06-19"
"24/06/2024","927","927","927","927","927","0.0000","      ","2024-06-24"
"25/06/2024","928","927.5","927.5","927.5","927.5","0.0000","      ","2024-06-25"
"26/06/2024","929","928","928","928","928","0.0000","      ","2024-06-26"
"27/06/2024","929.5","929.5","929.5","929.5","929.5","0.0000","      ","2024-06-27"
"28/06/2024","930.5","929.5","929.5","929.5","929.5","0.0000","      ","2024-06-28"
"01/07/2024","932.5","932.5","932.5","932.5","932.5","0.0000","      ","2024-07-01"
"02/07/2024","933","933","933","933","933","0.0000","      ","2024-07-02"
"03/07/2024","933.5","933.5","933.5","933.5","933.5","0.0000","      ","2024-07-03"
"04/07/2024","934","934","934","934","934","0.0000","      ","2024-07-04"
"05/07/2024","934.5","934.5","934.5","934.5","934.5","0.0000","      ","2024-07-05"
"08/07/2024","936.5","936.5","936.5","936.5","936.5","0.0000","      ","2024-07-08"
"10/07/2024","937.5","937.5","937.5","937.5","937.5","0.0000","      ","2024-07-10"
"11/07/2024","938","938","938","938","938","0.0000","      ","2024-07-11"
"12/07/2024","940","940","940","940","940","0.0000","      ","2024-07-12"
"15/07/2024","940.5","940.5","940.5","940.5","940.5","0.0000","      ","2024-07-15"
"16/07/2024","941","941","941","941","941","0.0000","      ","2024-07-16"
"17/07/2024","941.5","941.5","941.5","941.5","941.5","0.0000","      ","2024-07-17"
"18/07/2024","942","942","942","942","942","0.0000","      ","2024-07-18"
"19/07/2024","942.5","942.5","942.5","942.5","942.5","0.0000","      ","2024-07-19"
"22/07/2024","946","946","946","946","946","0.0000","      ","2024-07-22"
"23/07/2024","946","946","946","946","946","0.0000","      ","2024-07-23"
"24/07/2024","946.5","946.5","946.5","946.5","946.5","0.0000","      ","2024-07-24"
"25/07/2024","947","947","947","947","947","0.0000","      ","2024-07-25"
"26/07/2024","949.5","949.5","949.5","949.5","949.5","0.0000","      ","2024-07-26"
"29/07/2024","950.5","950.5","950.5","950.5","950.5","0.0000","      ","2024-07-29"
"30/07/2024","951","951","951","951","951","0.0000","      ","2024-07-30"
"31/07/2024","951.5","951.5","951.5","951.5","951.5","0.0000","      ","2024-07-31"
"01/08/2024","951.5","951.5","951.5","951.5","951.5","0.0000","      ","2024-08-01"
"02/08/2024","953","953","953","953","953","0.0000","      ","2024-08-02"
"05/08/2024","954","954","954","954","954","0.0000","      ","2024-08-05"
"06/08/2024","954.5","954.5","954.5","954.5","954.5","0.0000","      ","2024-08-06"
"07/08/2024","955.5","955.5","955.5","955.5","955.5","0.0000","      ","2024-08-07"
"08/08/2024","955.5","955.5","955.5","955.5","955.5","0.0000","      ","2024-08-08"
"09/08/2024","957","957","957","957","957","0.0000","      ","2024-08-09"
"12/08/2024","958","958","958","958","958","0.0000","      ","2024-08-12"
"13/08/2024","958.5","958.5","958.5","958.5","958.5","0.0000","      ","2024-08-13"
"14/08/2024","959","959","959","959","959","0.0000","      ","2024-08-14"
"15/08/2024","960","960","960","960","960","0.0000","      ","2024-08-15"
"16/08/2024","961.5","961.5","961.5","961.5","961.5","0.0000","      ","2024-08-16"
"19/08/2024","963","963","963","963","963","0.0000","      ","2024-08-19"
"20/08/2024","963","963","963","963","963","0.0000","      ","2024-08-20"
"21/08/2024","963.5","963.5","963.5","963.5","963.5","0.0000","      ","2024-08-21"
"22/08/2024","964","964","964","964","964","0.0000","      ","2024-08-22"
"23/08/2024","966","966","966","966","966","0.0000","      ","2024-08-23"
"26/08/2024","967.5","967.5","967.5","967.5","967.5","0.0000","      ","2024-08-26"
"27/08/2024","968","968","968","968","968","0.0000","      ","2024-08-27"
"28/08/2024","969.5","969.5","969.5","969.5","969.5","0.0000","      ","2024-08-28"
"29/08/2024","969.5","969.5","969.5","969.5","969.5","0.0000","      ","2024-08-29"
"30/08/2024","972","972","972","972","972","0.0000","      ","2024-08-30"
"02/09/2024","973","973","973","973","973","0.0000","      ","2024-09-02"
"03/09/2024","973","973","973","973","973","0.0000","      ","2024-09-03"
"04/09/2024","973.5","973.5","973.5","973.5","973.5","0.0000","      ","2024-09-04"
"05/09/2024","974","974","974","974","974","0.0000","      ","2024-09-05"
"06/09/2024","975.5","975.5","975.5","975.5","975.5","0.0000","      ","2024-09-06"
"09/09/2024","977","977","977","977","977","0.0000","      ","2024-09-09"
"10/09/2024","978","978","978","978","978","0.0000","      ","2024-09-10"
"11/09/2024","978","978","978","978","978","0.0000","      ","2024-09-11"
"12/09/2024","978.5","978.5","978.5","978.5","978.5","0.0000","      ","2024-09-12"
"13/09/2024","978.5","978.5","978.5","978.5","978.5","0.0000","      ","2024-09-13"
"16/09/2024","982","982","982","982","982","0.0000","      ","2024-09-16"
"17/09/2024","982","982","982","982","982","0.0000","      ","2024-09-17"
"18/09/2024","982","982","982","982","982","0.0000","      ","2024-09-18"
"19/09/2024","983.5","983.5","983.5","983.5","983.5","0.0000","      ","2024-09-19"
"20/09/2024","984.5","984.5","984.5","984.5","984.5","0.0000","      ","2024-09-20"
"23/09/2024","985.5","985.5","985.5","985.5","985.5","0.0000","      ","2024-09-23"
"24/09/2024","986","986","986","986","986","0.0000","      ","2024-09-24"
"25/09/2024","986.5","986.5","986.5","986.5","986.5","0.0000","      ","2024-09-25"
"26/09/2024","988.5","988.5","988.5","988.5","988.5","0.0000","      ","2024-09-26"
"27/09/2024","989.5","989.5","989.5","989.5","989.5","0.0000","      ","2024-09-27"
"30/09/2024","990","990","990","990","990","0.0000","      ","2024-09-30"
"01/10/2024","992","990.5","990.5","990.5","990.5","0.0000","      ","2024-10-01"
"02/10/2024","991","991","991","991","991","0.0000","      ","2024-10-02"
"03/10/2024","991.5","991.5","991.5","991.5","991.5","0.0000","      ","2024-10-03"
"04/10/2024","994","994","994","994","994","0.0000","      ","2024-10-04"
"07/10/2024","994.5","994.5","994.5","994.5","994.5","0.0000","      ","2024-10-07"
"08/10/2024","995.5","995.5","995.5","995.5","995.5","0.0000","      ","2024-10-08"
"09/10/2024","995.5","995.5","995.5","995.5","995.5","0.0000","      ","2024-10-09"
"10/10/2024","997.5","997.5","997.5","997.5","997.5","0.0000","      ","2024-10-10"
"14/10/2024","999","999","999","999","999","0.0000","      ","2024-10-14"
"15/10/2024","1000","1000","1000","1000","1000","0.0000","      ","2024-10-15"
"16/10/2024","1000.5","1000.5","1000.5","1000.5","1000.5","0.0000","      ","2024-10-16"
"17/10/2024","1001","1001","1001","1001","1001","0.0000","      ","2024-10-17"
"18/10/2024","1002.5","1002.5","1002.5","1002.5","1002.5","0.0000","      ","2024-10-18"
"21/10/2024","1005","1005","1005","1005","1005","0.0000","      ","2024-10-21"
"22/10/2024","1005","1005","1005","1005","1005","0.0000","      ","2024-10-22"
"23/10/2024","1005","1005","1005","1005","1005","0.0000","      ","2024-10-23"
"24/10/2024","1005.5","1005.5","1005.5","1005.5","1005.5","0.0000","      ","2024-10-24"
"25/10/2024","1007","1007","1007","1007","1007","0.0000","      ","2024-10-25"
"28/10/2024","1008","1008","1008","1008","1008","0.0000","      ","2024-10-28"
"29/10/2024","1008.5","1008.5","1008.5","1008.5","1008.5","0.0000","      ","2024-10-29"
"30/10/2024","1008.5","1009","1009","1009","1009","0.0000","      ","2024-10-30"
"31/10/2024","1010","1010","1010","1010","1010","0.0000","      ","2024-10-31"
"01/11/2024","1013","1013","1013","1013","1013","0.0000","      ","2024-11-01"
"04/11/2024","1013","1013","1013","1013","1013","0.0000","      ","2024-11-04"
"05/11/2024","1014","1013","1013","1013","1013","0.0000","      ","2024-11-05"
"06/11/2024","1014","1014","1014","1014","1014","0.0000","      ","2024-11-06"
"07/11/2024","1014.5","1014.5","1014.5","1014.5","1014.5","0.0000","      ","2024-11-07"
"08/11/2024","1016","1016","1016","1016","1016","0.0000","      ","2024-11-08"
"11/11/2024","1017","1017","1017","1017","1017","0.0000","      ","2024-11-11"
"12/11/2024","1018","1018","1018","1018","1018","0.0000","      ","2024-11-12"
"13/11/2024","1018.5","1018.5","1018.5","1018.5","1018.5","0.0000","      ","2024-11-13"
"14/11/2024","1019","1019","1019","1019","1019","0.0000","      ","2024-11-14"
"15/11/2024","1021","1021","1021","1021","1021","0.0000","      ","2024-11-15"
"19/11/2024","1022.5","1022.5","1022.5","1022.5","1022.5","0.0000","      ","2024-11-19"
"20/11/2024","1023","1023","1023","1023","1023","0.0000","      ","2024-11-20"
"21/11/2024","1023.5","1023.5","1023.5","1023.5","1023.5","0.0000","      ","2024-11-21"
"22/11/2024","1026","1026","1026","1026","1026","0.0000","      ","2024-11-22"
"25/11/2024","1027","1027","1027","1027","1027","0.0000","      ","2024-11-25"
"26/11/2024","1027","1027","1027","1027","1027","0.0000","      ","2024-11-26"
"27/11/2024","1028","1028","1028","1028","1028","0.0000","      ","2024-11-27"
"28/11/2024","1028.5","1028.5","1028.5","1028.5","1028.5","0.0000","      ","2024-11-28"
"29/11/2024","1030","1030","1030","1030","1030","0.0000","      ","2024-11-29"
"02/12/2024","1031.5","1031.5","1031.5","1031.5","1031.5","0.0000","      ","2024-12-02"
"03/12/2024","1032.5","1032.5","1032.5","1032.5","1032.5","0.0000","      ","2024-12-03"
"04/12/2024","1032.5","1032.5","1032.5","1032.5","1032.5","0.0000","      ","2024-12-04"
"05/12/2024","1033","1033","1033","1033","1033","0.0000","      ","2024-12-05"
"06/12/2024","1034.5","1034.5","1034.5","1034.5","1034.5","0.0000","      ","2024-12-06"
"09/12/2024","1035.5","1035.5","1035.5","1035.5","1035.5","0.0000","      ","2024-12-09"
"10/12/2024","1036.5","1036.5","1036.5","1036.5","1036.5","0.0000","      ","2024-12-10"
"11/12/2024","1037","1037","1037","1037","1037","0.0000","      ","2024-12-11"
"12/12/2024","1037.5","1037.5","1037.5","1037.5","1037.5","0.0000","      ","2024-12-12"
"13/12/2024","1038.5","1038.5","1038.5","1038.5","1038.5","0.0000","      ","2024-12-13"
"16/12/2024","1040.5","1040.5","1040.5","1040.5","1040.5","0.0000","      ","2024-12-16"
"17/12/2024","1042.5","1042.5","1042.5","1042.5","1042.5","0.0000","      ","2024-12-17"
"18/12/2024","1042.5","1042.5","1042.5","1042.5","1042.5","0.0000","      ","2024-12-18"
"19/12/2024","1042.5","1042.5","1042.5","1042.5","1042.5","0.0000","      ","2024-12-19"
"20/12/2024","1044","1044","1044","1044","1044","0.0000","      ","2024-12-20"
"23/12/2024","1046","1046","1046","1046","1046","0.0000","      ","2024-12-23"
"24/12/2024","1048","1048","1048","1048","1048","0.0000","      ","2024-12-24"
"26/12/2024","1048.5","1048.5","1048.5","1048.5","1048.5","0.0000","      ","2024-12-26"
"27/12/2024","1050.5","1050.5","1050.5","1050.5","1050.5","0.0000","      ","2024-12-27"
"30/12/2024","1052.5","1052.5","1052.5","1052.5","1052.5","0.0000","      ","2024-12-30"
"02/01/2025","1052.5","1052.5","1052.5","1052.5","1052.5","0.0000","      ","2025-01-02"
"03/01/2025","1053.5","1053.5","1053.5","1053.5","1053.5","0.0000","      ","2025-01-03"
"06/01/2025","1055","1055","1055","1055","1055","0.0000","      ","2025-01-06"
"07/01/2025","1055.5","1055.5","1055.5","1055.5","1055.5","0.0000","      ","2025-01-07"
"08/01/2025","1056","1056","1056","1056","1056","0.0000","      ","2025-01-08"
"09/01/2025","1056.5","1056.5","1056.5","1056.5","1056.5","0.0000","      ","2025-01-09"
"10/01/2025","1058.5","1058.5","1058.5","1058.5","1058.5","0.0000","      ","2025-01-10"
"13/01/2025","1059.5","1059.5","1059.5","1059.5","1059.5","0.0000","      ","2025-01-13"
"14/01/2025","1060","1060","1060","1060","1060","0.0000","      ","2025-01-14"
"15/01/2025","1061","1061","1061","1061","1061","0.0000","      ","2025-01-15"
"16/01/2025","1062","1062","1062","1062","1062","0.0000","      ","2025-01-16"
"17/01/2025","1063","1063","1063","1063","1063","0.0000","      ","2025-01-17"
"20/01/2025","1064","1064","1064","1064","1064","0.0000","      ","2025-01-20"
"21/01/2025","1066","1066","1066","1066","1066","0.0000","      ","2025-01-21"
"22/01/2025","1067","1067","1067","1067","1067","0.0000","      ","2025-01-22"
"23/01/2025","1068","1068","1068","1068","1068","0.0000","      ","2025-01-23"
"24/01/2025","1069","1069","1069","1069","1069","0.0000","      ","2025-01-24"
"27/01/2025","1069","1069","1069","1069","1069","0.0000","      ","2025-01-27"
"28/01/2025","1070.5","1070.5","1070.5","1070.5","1070.5","0.0000","      ","2025-01-28"
"29/01/2025","1071","1071","1071","1071","1071","0.0000","      ","2025-01-29"
"30/01/2025","1072","1072","1072","1072","1072","0.0000","      ","2025-01-30"
"31/01/2025","1073.5","1073.5","1073.5","1073.5","1073.5","0.0000","      ","2025-01-31"
"03/02/2025","1074","1074","1074","1074","1074","0.0000","      ","2025-02-03"
"04/02/2025","1074.5","1074.5","1074.5","1074.5","1074.5","0.0000","      ","2025-02-04"
"05/02/2025","1074.75","1074.75","1074.75","1074.75","1074.75","0.0000","      ","2025-02-05"
"06/02/2025","1074.75","1074.75","1074.75","1074.75","1074.75","0.0000","      ","2025-02-06"
"07/02/2025","1074.75","1074.75","1074.75","1074.75","1074.75","0.0000","      ","2025-02-07"
"10/02/2025","1075.75","1075.75","1075.75","1075.75","1075.75","0.0000","      ","2025-02-10"
"11/02/2025","1076","1076","1076","1076","1076","0.0000","      ","2025-02-11"
"12/02/2025","1076.25","1076.25","1076.25","1076.25","1076.25","0.0000","      ","2025-02-12"
"13/02/2025","1076.5","1076.5","1076.5","1076.5","1076.5","0.0000","      ","2025-02-13"
"14/02/2025","1078","1078","1078","1078","1078","0.0000","      ","2025-02-14"
"17/02/2025","1078","1078","1078","1078","1078","0.0000","      ","2025-02-17"
"18/02/2025","1079","1079","1079","1079","1079","0.0000","      ","2025-02-18"
"19/02/2025","1079","1079","1079","1079","1079","0.0000","      ","2025-02-19"
"20/02/2025","1079","1079","1079","1079","1079","0.0000","      ","2025-02-20"
"21/02/2025","1080","1080","1080","1080","1080","0.0000","      ","2025-02-21"
"24/02/2025","1080","1080","1080","1080","1080","0.0000","      ","2025-02-24"
"25/02/2025","1080.75","1080.75","1080.75","1080.75","1080.75","0.0000","      ","2025-02-25"
"26/02/2025","1081.5","1081.25","1081.25","1081.25","1081.25","0.0000","      ","2025-02-26"
"27/02/2025","1081.5","1081.25","1081.25","1081.25","1081.25","0.0000","      ","2025-02-27"
"28/02/2025","1083.25","1083.25","1083.25","1083.25","1083.25","0.0000","      ","2025-02-28"
"05/03/2025","1084.5","1084.5","1084.5","1084.5","1084.5","0.0000","      ","2025-03-05"
"06/03/2025","1084.5","1084.5","1084.5","1084.5","1084.5","0.0000","      ","2025-03-06"
"07/03/2025","1084.75","1084.75","1084.75","1084.75","1084.75","0.0000","      ","2025-03-07"
"10/03/2025","1086.25","1086.25","1086.25","1086.25","1086.25","0.0000","      ","2025-03-10"
"11/03/2025","1086.25","1086.25","1086.25","1086.25","1086.25","0.0000","      ","2025-03-11"
"12/03/2025","1086.25","1086.25","1086.25","1086.25","1086.25","0.0000","      ","2025-03-12"
"13/03/2025","1086.5","1086.5","1086.5","1086.5","1086.5","0.0000","      ","2025-03-13"
"14/03/2025","1087.25","1087.25","1087.25","1087.25","1087.25","0.0000","      ","2025-03-14"
"17/03/2025","1088.25","1088.25","1088.25","1088.25","1088.25","0.0000","      ","2025-03-17"
"18/03/2025","1088.25","1088.25","1088.25","1088.25","1088.25","0.0000","      ","2025-03-18"
"19/03/2025","1090","1090","1090","1090","1090","0.0000","      ","2025-03-19"
"20/03/2025","1089.5","1089.5","1089.5","1089.5","1089.5","0.0000","      ","2025-03-20"
"21/03/2025","1090.5","1089.5","1089.5","1089.5","1089.5","0.0000","      ","2025-03-21"
"25/03/2025","1091.25","1091.25","1091.25","1091.25","1091.25","0.0000","      ","2025-03-25"
"26/03/2025","1091.5","1091.5","1091.5","1091.5","1091.5","0.0000","      ","2025-03-26"
"27/03/2025","1091.75","1091.75","1091.75","1091.75","1091.75","0.0000","      ","2025-03-27"
"28/03/2025","1092.5","1092.5","1092.5","1092.5","1092.5","0.0000","      ","2025-03-28"
"31/03/2025","1093.25","1093.25","1093.25","1093.25","1093.25","0.0000","      ","2025-03-31"
"01/04/2025","1094","1094","1094","1094","1094","0.0000","      ","2025-04-01"
"03/04/2025","1094.5","1094.5","1094.5","1094.5","1094.5","0.0000","      ","2025-04-03"
"04/04/2025","1095.25","1095.25","1095.25","1095.25","1095.25","0.0000","      ","2025-04-04"
"07/04/2025","1095.75","1095.75","1095.75","1095.75","1095.75","0.0000","      ","2025-04-07"
"08/04/2025","1095.75","1095.75","1095.75","1095.75","1095.75","0.0000","      ","2025-04-08"
"09/04/2025","1096","1096","1096","1096","1096","0.0000","      ","2025-04-09"
"10/04/2025","1096.75","1096.75","1096.75","1096.75","1096.75","0.0000","      ","2025-04-10"
"11/04/2025","1097.25","1097.25","1097.25","1097.25","1097.25","0.0000","      ","2025-04-11"
"14/04/2025","1100","1100","1100","1100","1100","0.0000","      ","2025-04-14"
"15/04/2025","1230","1230","1230","1230","1230","0.0000","      ","2025-04-15"
"16/04/2025","1230","1230","1230","1230","1230","0.0000","      ","2025-04-16"
"17/04/2025","1160","1160","1160","1160","1160","0.0000","      ","2025-04-17"
"21/04/2025","1110","1110","1110","1110","1110","0.0000","      ","2025-04-21"
"22/04/2025","1110","1110","1110","1110","1110","0.0000","      ","2025-04-22"
"23/04/2025","1120","1120","1120","1120","1120","0.0000","      ","2025-04-23"
"24/04/2025","1185","1185","1185","1185","1185","0.0000","      ","2025-04-24"
"25/04/2025","1190","1190","1190","1190","1190","0.0000","      ","2025-04-25"
"28/04/2025","1190","1190","1190","1190","1190","0.0000","      ","2025-04-28"
"29/04/2025","1190","1190","1190","1190","1190","0.0000","      ","2025-04-29"
