"COD1","COD2","NRODESP","CPBTE","ENTRADA","SALIDAS","STOCK","FECENT","FECUSAL"
"A","100","16001IC04087468E","80916","105","105","0.0000","2016-09-12","2019-11-05"
"A","100","17001IC04180892A","80917","99","99","0.0000","2017-09-15","2023-07-20"
"A","100","18001IC04080837W","90418","105","43","62","2018-04-13","2025-02-06"
"A","100","19001IC04015932R","240119","99","6","93","2019-01-28","2021-10-18"
"A","100","19001IC04158500Z","60919","50","15","35","2019-09-11","2025-02-26"
"A","100","20001IC04111282E","200720","59","2","57","2020-07-23","2021-02-22"
"A","100","21001IC04054806N","190321","50","31","19","2021-03-23","2023-10-12"
"A","100","21001IC04161492N","240821","50","20","30","2021-08-30","2023-10-03"
"A","100","21001IC04245806P","131221","50","4","46","2021-12-17","2022-03-03"
"A","100","21001IC05014592M","280621","50","39","11","2021-06-30","2024-12-26"
"A","100","22001IC04105136H","160522","50","14","36","2022-05-20","2023-05-03"
"A","100","22001IC05023281X","260922","50","17","33","2022-09-26","2025-04-24"
"A","100","23001IC04049866C","280323","50","5","45","2023-03-30","2024-11-22"
"A","100","23001IC04174792W","181023","60","0.0000","60","2023-10-27","2023-10-27"
"A","102","23001IC04174792W","181023","60","35","25","2023-10-27","2025-04-03"
"A","105","23001IC04174792W","181023","60","23","37","2023-10-27","2025-04-29"
"A","108","23001IC04174792W","181023","60","3","57","2023-10-27","2024-10-16"
"A","110","23001IC04174792W","181023","60","41","19","2023-10-27","2025-04-29"
"A","112","23001IC04174792W","181023","60","31","29","2023-10-27","2025-02-28"
"A","115","23001IC04174792W","181023","60","6","54","2023-10-27","2024-06-25"
"A","120","23001IC04174792W","181023","60","4","56","2023-10-27","2023-11-10"
"A","17","14001IC04241965T","20115","2005","432","1573","2015-01-05","2024-05-21"
"A","17","20001IC04173188R","221020","100","42","58","2020-10-28","2024-10-18"
"A","17","20001IC04192939W","181120","306","0.0000","306","2020-11-24","2020-11-24"
"A","17","21001IC04054806N","190321","250","9","241","2021-03-23","2023-02-27"
"A","17","21001IC04161492N","240821","251","14","237","2021-08-30","2023-10-04"
"A","17","21001IC04245806P","131221","333","0.0000","333","2021-12-17","2021-12-17"
"A","17","21001IC05014592M","280621","250","16","234","2021-06-30","2025-02-14"
"A","17","22001IC04105136H","160522","50","49","1","2022-05-20","2025-01-08"
"A","17","22001IC05023281X","260922","296","5","291","2022-09-26","2025-02-21"
"A","17","23001IC04049866C","280323","500","0.0000","500","2023-03-30","2023-03-30"
"A","17","23001IC04174792W","181023","512","0.0000","512","2023-10-27","2023-10-27"
"A","18","14001IC04241965T","20115","250","250","0.0000","2015-01-05","2020-01-14"
"A","18","15091IC04055318B","91015","296","228","68","2015-10-14","2025-04-07"
"A","18","18001IC04080837W","90418","25","25","0.0000","2018-04-13","2023-09-13"
"A","18","23001IC04174792W","181023","222","0.0000","222","2023-10-27","2023-10-27"
"A","19","14001IC04241965T","20115","995","980","15","2015-01-05","2025-04-29"
"A","19","15091IC04055318B","91015","300","25","275","2015-10-14","2022-06-08"
"A","19","23001IC04174792W","181023","192","0.0000","192","2023-10-27","2023-10-27"
"A","20","11001IC04199085V","61011","38","38","0.0000","2011-10-11","2011-10-17"
"A","20","13001IC04101121","220513","507","508","-1","2013-05-23","2015-06-01"
"A","20","14001IC04026899D","100214","495","495","0.0000","2014-02-10","2018-11-02"
"A","20","14001IC04241965T","20115","600","600","0.0000","2015-01-05","2024-10-21"
"A","20","15091IC04055318B","91015","410","409","1","2015-10-14","2025-02-07"
"A","20","23001IC04174792W","181023","242","32","210","2023-10-27","2025-04-14"
"A","21","11001IC04199085V","61011","51","51","0.0000","2011-10-11","2011-10-17"
"A","21","13001IC04101121","220513","403","404","-1","2013-05-23","2015-07-22"
"A","21","14001IC04026899D","100214","403","403","0.0000","2014-02-10","2020-01-03"
"A","21","14001IC04241965T","20115","508","509","-1","2015-01-05","2023-01-17"
"A","21","15091IC04055318B","91015","405","406","-1","2015-10-14","2024-10-28"
"A","21","23001IC04174792W","181023","221","198","23","2023-10-27","2025-04-21"
"A","22","11001IC04199085V","61011","52","52","0.0000","2011-10-11","2011-10-17"
"A","22","13001IC04101121","220513","402","402","0.0000","2013-05-23","2014-09-12"
"A","22","14001IC04026899D","100214","410","411","-1","2014-02-10","2015-09-28"
"A","22","14001IC04241965T","20115","504","505","-1","2015-01-05","2017-08-14"
"A","22","15091IC04055318B","91015","402","402","0.0000","2015-10-14","2019-09-17"
"A","22","16001IC04087468E","80916","199","200","-1","2016-09-12","2020-12-10"
"A","22","23001IC04174792W","181023","200","209","-9","2023-10-27","2025-02-04"
"A","23","11001IC04199085V","61011","50","50","0.0000","2011-10-11","2011-10-17"
"A","23","13001IC04101121","220513","405","405","0.0000","2013-05-23","2014-12-11"
"A","23","14001IC04026899D","100214","407","408","-1","2014-02-10","2017-03-09"
"A","23","14001IC04241965T","20115","502","502","0.0000","2015-01-05","2019-09-17"
"A","23","15091IC04055318B","91015","404","404","0.0000","2015-10-14","2022-02-02"
"A","23","16001IC04087468E","80916","200","200","0.0000","2016-09-12","2022-11-03"
"A","23","19001IC04015932R","240119","116","116","0.0000","2019-01-28","2023-03-15"
"A","23","20001IC04111282E","200720","152","151","1","2020-07-23","2023-11-24"
"A","23","20001IC04192939W","181120","152","152","0.0000","2020-11-24","2025-04-03"
"A","23","21001IC04054806N","190321","50","50","0.0000","2021-03-23","2024-02-15"
"A","23","21001IC04161492N","240821","50","50","0.0000","2021-08-30","2025-01-29"
"A","23","21001IC04245806P","131221","50","50","0.0000","2021-12-17","2023-11-30"
"A","23","21001IC05014592M","280621","52","52","0.0000","2021-06-30","2024-01-30"
"A","23","22001IC04105136H","160522","386","47","339","2022-05-20","2025-03-14"
"A","23","22001IC05023281X","260922","50","50","0.0000","2022-09-26","2023-11-17"
"A","23","23001IC04049866C","280323","150","128","22","2023-03-30","2025-04-21"
"A","23","23001IC04174792W","181023","296","0.0000","296","2023-10-27","2023-10-27"
"A","24","11001IC04199085V","61011","359","359","0.0000","2011-10-11","2012-11-01"
"A","24","13001IC04101121","220513","405","414","-9","2013-05-23","2014-01-22"
"A","24","14001IC04026899D","100214","411","411","0.0000","2014-02-10","2015-04-01"
"A","24","14001IC04241965T","20115","300","308","-8","2015-01-05","2016-01-27"
"A","24","15091IC04055318B","91015","509","509","0.0000","2015-10-14","2017-03-28"
"A","24","16001IC04087468E","80916","292","292","0.0000","2016-09-12","2017-11-09"
"A","24","17001IC04180892A","80917","509","509","0.0000","2017-09-15","2019-02-21"
"A","24","18001IC04080837W","90418","150","150","0.0000","2018-04-13","2019-11-06"
"A","24","19001IC04015932R","240119","300","300","0.0000","2019-01-28","2023-05-02"
"A","24","20001IC04111282E","200720","232","232","0.0000","2020-07-23","2021-05-31"
"A","24","20001IC04173188R","221020","200","205","-5","2020-10-28","2021-10-07"
"A","24","20001IC04192939W","181120","203","203","0.0000","2020-11-24","2023-05-11"
"A","24","21001IC04054806N","190321","150","150","0.0000","2021-03-23","2022-08-31"
"A","24","21001IC04161492N","240821","155","155","0.0000","2021-08-30","2022-11-07"
"A","24","21001IC04245806P","131221","50","50","0.0000","2021-12-17","2024-01-30"
"A","24","21001IC05014592M","280621","150","150","0.0000","2021-06-30","2023-11-22"
"A","24","22001IC04105136H","160522","50","50","0.0000","2022-05-20","2023-03-14"
"A","24","22001IC05023281X","260922","50","55","-5","2022-09-26","2023-03-22"
"A","24","23001IC04049866C","280323","200","200","0.0000","2023-03-30","2023-08-23"
"A","24","23001IC04174792W","181023","296","297","-1","2023-10-27","2024-08-19"
"A","25","11001IC04199085V","61011","52","52","0.0000","2011-10-11","2011-10-17"
"A","25","13001IC04101121","220513","500","501","-1","2013-05-23","2015-01-13"
"A","25","14001IC04026899D","100214","599","599","0.0000","2014-02-10","2016-09-05"
"A","25","14001IC04241965T","20115","814","814","0.0000","2015-01-05","2019-02-25"
"A","25","15091IC04055318B","91015","1005","1005","0.0000","2015-10-14","2024-07-25"
"A","25","16001IC04087468E","80916","508","122","386","2016-09-12","2025-04-24"
"A","25","17001IC04180892A","80917","504","226","278","2017-09-15","2021-03-11"
"A","25","18001IC04080837W","90418","300","102","198","2018-04-13","2021-08-20"
"A","25","19001IC04015932R","240119","285","80","205","2019-01-28","2021-08-11"
"A","25","19001IC04158500Z","60919","406","111","295","2019-09-11","2021-12-13"
"A","25","20001IC04111282E","200720","229","40","189","2020-07-23","2022-05-02"
"A","25","20001IC04192939W","181120","233","77","156","2020-11-24","2022-12-30"
"A","25","21001IC04054806N","190321","175","59","116","2021-03-23","2023-09-14"
"A","25","21001IC04161492N","240821","163","164","-1","2021-08-30","2025-03-17"
"A","25","21001IC04245806P","131221","148","31","117","2021-12-17","2025-04-03"
"A","25","21001IC05014592M","280621","175","5","170","2021-06-30","2024-11-20"
"A","25","22001IC04105136H","160522","50","50","0.0000","2022-05-20","2023-07-04"
"A","25","22001IC05023281X","260922","129","20","109","2022-09-26","2025-04-14"
"A","25","23001IC04049866C","280323","300","40","260","2023-03-30","2025-02-07"
"A","25","23001IC04174792W","181023","296","19","277","2023-10-27","2025-02-05"
"A","26","11001IC04199085V","61011","303","305","-2","2011-10-11","2012-10-29"
"A","26","13001IC04101121","220513","504","504","0.0000","2013-05-23","2015-01-02"
"A","26","14001IC04026899D","100214","606","606","0.0000","2014-02-10","2016-05-23"
"A","26","14001IC04241965T","20115","810","811","-1","2015-01-05","2018-10-29"
"A","26","15091IC04055318B","91015","1007","1007","0.0000","2015-10-14","2023-05-11"
"A","26","16001IC04087468E","80916","510","271","239","2016-09-12","2025-04-23"
"A","26","17001IC04180892A","80917","487","174","313","2017-09-15","2021-03-16"
"A","26","18001IC04080837W","90418","235","86","149","2018-04-13","2021-06-11"
"A","26","19001IC04015932R","240119","378","107","271","2019-01-28","2021-08-20"
"A","26","19001IC04158500Z","60919","407","146","261","2019-09-11","2021-12-13"
"A","26","20001IC04111282E","200720","228","95","133","2020-07-23","2022-05-02"
"A","26","20001IC04192939W","181120","240","51","189","2020-11-24","2022-08-01"
"A","26","21001IC04054806N","190321","175","64","111","2021-03-23","2023-03-20"
"A","26","21001IC04161492N","240821","170","170","0.0000","2021-08-30","2025-01-31"
"A","26","21001IC04245806P","131221","148","148","0.0000","2021-12-17","2024-12-18"
"A","26","21001IC05014592M","280621","175","175","0.0000","2021-06-30","2025-04-24"
"A","26","22001IC04105136H","160522","148","3","145","2022-05-20","2022-12-12"
"A","26","22001IC05023281X","260922","148","5","143","2022-09-26","2024-11-20"
"A","26","23001IC04049866C","280323","400","0.0000","400","2023-03-30","2023-03-30"
"A","26","23001IC04174792W","181023","369","11","358","2023-10-27","2025-02-26"
"A","27","11001IC04199085V","61011","305","305","0.0000","2011-10-11","2012-11-01"
"A","27","11001IC04236558S","231111","203","209","-6","2011-11-29","2013-02-22"
"A","27","13001IC04101121","220513","599","599","0.0000","2013-05-23","2014-10-27"
"A","27","14001IC04026899D","100214","596","596","0.0000","2014-02-10","2016-01-19"
"A","27","14001IC04241965T","20115","803","804","-1","2015-01-05","2018-02-26"
"A","27","15091IC04055318B","91015","1210","1210","0.0000","2015-10-14","2023-12-06"
"A","27","16001IC04087468E","80916","802","235","567","2016-09-12","2025-02-05"
"A","27","17001IC04058927D","290317","493","130","363","2017-04-04","2020-11-11"
"A","27","17001IC04180892A","80917","720","171","549","2017-09-15","2021-03-11"
"A","27","18001IC04080837W","90418","300","149","151","2018-04-13","2024-09-18"
"A","27","19001IC04015932R","240119","296","48","248","2019-01-28","2021-08-20"
"A","27","19001IC04158500Z","60919","407","185","222","2019-09-11","2021-12-03"
"A","27","20001IC04111282E","200720","234","88","146","2020-07-23","2024-10-09"
"A","27","20001IC04192939W","181120","227","46","181","2020-11-24","2022-09-08"
"A","27","21001IC04054806N","190321","200","65","135","2021-03-23","2023-02-22"
"A","27","21001IC04161492N","240821","198","197","1","2021-08-30","2024-03-14"
"A","27","21001IC04245806P","131221","148","2","146","2021-12-17","2024-08-08"
"A","27","21001IC05014592M","280621","200","199","1","2021-06-30","2025-03-19"
"A","27","22001IC04105136H","160522","148","135","13","2022-05-20","2025-04-23"
"A","27","22001IC05023281X","260922","148","0.0000","148","2022-09-26","2022-09-26"
"A","27","23001IC04049866C","280323","500","0.0000","500","2023-03-30","2023-03-30"
"A","27","23001IC04174792W","181023","476","41","435","2023-10-27","2025-02-26"
"A","28","11001IC04199085V","61011","354","356","-2","2011-10-11","2012-11-09"
"A","28","11001IC04236558S","231111","201","205","-4","2011-11-29","2012-11-30"
"A","28","13001IC04101121","220513","593","594","-1","2013-05-23","2014-06-02"
"A","28","14001IC04026899D","100214","601","601","0.0000","2014-02-10","2015-04-20"
"A","28","14001IC04241965T","20115","809","809","0.0000","2015-01-05","2016-09-30"
"A","28","15091IC04055318B","91015","1210","1210","0.0000","2015-10-14","2018-08-06"
"A","28","16001IC04087468E","80916","809","809","0.0000","2016-09-12","2020-06-03"
"A","28","17001IC04058927D","290317","502","502","0.0000","2017-04-04","2023-01-25"
"A","28","17001IC04180892A","80917","720","720","0.0000","2017-09-15","2024-04-17"
"A","28","18001IC04080837W","90418","300","301","-1","2018-04-13","2022-10-12"
"A","28","19001IC04015932R","240119","279","279","0.0000","2019-01-28","2024-04-23"
"A","28","19001IC04158500Z","60919","406","407","-1","2019-09-11","2024-10-23"
"A","28","20001IC04111282E","200720","319","243","76","2020-07-23","2025-04-14"
"A","28","20001IC04192939W","181120","308","122","186","2020-11-24","2022-09-08"
"A","28","21001IC04054806N","190321","250","146","104","2021-03-23","2023-10-19"
"A","28","21001IC04161492N","240821","250","250","0.0000","2021-08-30","2023-08-30"
"A","28","21001IC04245806P","131221","222","20","202","2021-12-17","2024-07-10"
"A","28","21001IC05014592M","280621","250","255","-5","2021-06-30","2025-02-04"
"A","28","22001IC04105136H","160522","148","30","118","2022-05-20","2025-01-27"
"A","28","22001IC05023281X","260922","200","99","101","2022-09-26","2025-04-29"
"A","28","23001IC04049866C","280323","600","5","595","2023-03-30","2024-11-20"
"A","28","23001IC04174792W","181023","518","50","468","2023-10-27","2025-02-07"
"A","29","11001IC04199085V","61011","303","325","-22","2011-10-11","2012-02-29"
"A","29","11001IC04236558S","231111","194","194","0.0000","2011-11-29","2012-05-31"
"A","29","13001IC04101121","220513","497","500","-3","2013-05-23","2014-01-10"
"A","29","14001IC04026899D","100214","598","600","-2","2014-02-10","2014-08-15"
"A","29","14001IC04241965T","20115","806","807","-1","2015-01-05","2015-12-30"
"A","29","15091IC04055318B","91015","1199","1199","0.0000","2015-10-14","2017-07-31"
"A","29","16001IC04087468E","80916","800","801","-1","2016-09-12","2018-04-06"
"A","29","17001IC04058927D","290317","494","494","0.0000","2017-04-04","2019-01-31"
"A","29","17001IC04180892A","80917","694","694","0.0000","2017-09-15","2020-02-28"
"A","29","18001IC04080837W","90418","294","294","0.0000","2018-04-13","2020-08-05"
"A","29","19001IC04015932R","240119","296","296","0.0000","2019-01-28","2020-11-09"
"A","29","19001IC04158500Z","60919","407","407","0.0000","2019-09-11","2021-05-05"
"A","29","20001IC04111282E","200720","313","313","0.0000","2020-07-23","2021-09-24"
"A","29","20001IC04173188R","221020","1000","1000","0.0000","2020-10-28","2022-11-07"
"A","29","20001IC04192939W","181120","840","840","0.0000","2020-11-24","2023-11-15"
"A","29","21001IC04054806N","190321","1275","740","535","2021-03-23","2025-04-24"
"A","29","21001IC04161492N","240821","1302","231","1071","2021-08-30","2024-03-25"
"A","29","21001IC04245806P","131221","1033","226","807","2021-12-17","2025-03-26"
"A","29","21001IC05014592M","280621","1275","25","1250","2021-06-30","2025-04-29"
"A","29","22001IC04105136H","160522","220","220","0.0000","2022-05-20","2024-08-21"
"A","29","22001IC05023281X","260922","999","15","984","2022-09-26","2024-06-26"
"A","29","23001IC04049866C","280323","1000","52","948","2023-03-30","2024-03-07"
"A","29","23001IC04174792W","181023","954","0.0000","954","2023-10-27","2023-10-27"
"A","30","11001IC04199085V","61011","654","655","-1","2011-10-11","2012-03-08"
"A","30","11001IC04236558S","231111","301","301","0.0000","2011-11-29","2012-04-13"
"A","30","13001IC04101121","220513","600","600","0.0000","2013-05-23","2013-09-06"
"A","30","14001IC04026899D","100214","793","800","-7","2014-02-10","2014-04-07"
"A","30","14001IC04241965T","20115","1498","1520","-22","2015-01-05","2015-06-22"
"A","30","15091IC04055318B","91015","1615","1624","-9","2015-10-14","2016-03-09"
"A","30","16001IC04087468E","80916","1496","1496","0.0000","2016-09-12","2017-03-29"
"A","30","17001IC04058927D","290317","498","498","0.0000","2017-04-04","2017-05-30"
"A","30","17001IC04180892A","80917","2039","2039","0.0000","2017-09-15","2018-05-08"
"A","30","18001IC04080837W","90418","1098","1098","0.0000","2018-04-13","2018-10-29"
"A","30","19001IC04015932R","240119","1983","1983","0.0000","2019-01-28","2020-01-28"
"A","30","19001IC04158500Z","60919","2563","2563","0.0000","2019-09-11","2020-12-18"
"A","30","20001IC04111282E","200720","1212","1212","0.0000","2020-07-23","2021-05-05"
"A","30","20001IC04173188R","221020","1000","1000","0.0000","2020-10-28","2021-07-23"
"A","30","20001IC04192939W","181120","1208","1208","0.0000","2020-11-24","2022-03-16"
"A","30","21001IC04054806N","190321","1275","1279","-4","2021-03-23","2022-08-24"
"A","30","21001IC04161492N","240821","1275","1275","0.0000","2021-08-30","2022-07-15"
"A","30","21001IC04245806P","131221","1022","1022","0.0000","2021-12-17","2023-03-06"
"A","30","21001IC05014592M","280621","1275","1275","0.0000","2021-06-30","2022-11-10"
"A","30","22001IC04105136H","160522","1036","1036","0.0000","2022-05-20","2023-04-27"
"A","30","22001IC05023281X","260922","2066","2066","0.0000","2022-09-26","2024-03-19"
"A","30","23001IC04049866C","280323","2000","2000","0.0000","2023-03-30","2024-12-13"
"A","30","23001IC04174792W","181023","1498","946","552","2023-10-27","2025-04-29"
"A","31","11001IC04199085V","61011","661","661","0.0000","2011-10-11","2012-04-04"
"A","31","11001IC04236558S","231111","288","302","-14","2011-11-29","2012-05-11"
"A","31","13001IC04101121","220513","510","511","-1","2013-05-23","2013-09-06"
"A","31","14001IC04026899D","100214","799","800","-1","2014-02-10","2014-06-13"
"A","31","14001IC04241965T","20115","1499","1499","0.0000","2015-01-05","2015-10-26"
"A","31","15091IC04055318B","91015","1610","1610","0.0000","2015-10-14","2016-07-25"
"A","31","16001IC04087468E","80916","1500","1500","0.0000","2016-09-12","2017-05-11"
"A","31","17001IC04058927D","290317","507","509","-2","2017-04-04","2017-08-15"
"A","31","17001IC04180892A","80917","1400","1400","0.0000","2017-09-15","2018-07-17"
"A","31","18001IC04080837W","90418","809","811","-2","2018-04-13","2018-10-05"
"A","31","19001IC04015932R","240119","1512","1512","0.0000","2019-01-28","2020-01-23"
"A","31","19001IC04158500Z","60919","1998","1998","0.0000","2019-09-11","2021-04-20"
"A","31","20001IC04111282E","200720","541","541","0.0000","2020-07-23","2021-05-06"
"A","31","20001IC04173188R","221020","600","600","0.0000","2020-10-28","2021-07-13"
"A","31","20001IC04192939W","181120","988","988","0.0000","2020-11-24","2021-11-30"
"A","31","21001IC04054806N","190321","1278","1278","0.0000","2021-03-23","2022-04-12"
"A","31","21001IC04161492N","240821","1275","1275","0.0000","2021-08-30","2022-11-28"
"A","31","21001IC04245806P","131221","999","999","0.0000","2021-12-17","2023-03-28"
"A","31","21001IC05014592M","280621","1268","1270","-2","2021-06-30","2023-01-18"
"A","31","22001IC04105136H","160522","1740","1740","0.0000","2022-05-20","2024-03-05"
"A","31","22001IC05023281X","260922","2110","1948","162","2022-09-26","2025-04-23"
"A","31","23001IC04049866C","280323","2000","46","1954","2023-03-30","2025-04-16"
"A","31","23001IC04174792W","181023","1450","41","1409","2023-10-27","2025-02-26"
"A","32","11001IC04199085V","61011","708","737","-29","2011-10-11","2012-03-09"
"A","32","11001IC04236558S","231111","501","501","0.0000","2011-11-29","2012-05-28"
"A","32","13001IC04101121","220513","1000","1002","-2","2013-05-23","2013-09-06"
"A","32","14001IC04026899D","100214","1206","1222","-16","2014-02-10","2014-06-17"
"A","32","14001IC04241965T","20115","1793","1804","-11","2015-01-05","2015-08-18"
"A","32","15091IC04055318B","91015","2014","2014","0.0000","2015-10-14","2016-04-19"
"A","32","16001IC04087468E","80916","1500","1501","-1","2016-09-12","2017-03-07"
"A","32","17001IC04058927D","290317","2990","2991","-1","2017-04-04","2018-03-05"
"A","32","17001IC04180892A","80917","2025","2025","0.0000","2017-09-15","2019-01-11"
"A","32","18001IC04080837W","90418","1464","1466","-2","2018-04-13","2019-07-11"
"A","32","19001IC04015932R","240119","1998","1998","0.0000","2019-01-28","2020-08-04"
"A","32","19001IC04158500Z","60919","2513","2513","0.0000","2019-09-11","2021-05-06"
"A","32","20001IC04111282E","200720","1222","1222","0.0000","2020-07-23","2021-08-25"
"A","32","20001IC04173188R","221020","1000","1001","-1","2020-10-28","2021-12-03"
"A","32","20001IC04192939W","181120","1357","1357","0.0000","2020-11-24","2022-04-13"
"A","32","21001IC04054806N","190321","2075","2075","0.0000","2021-03-23","2023-09-14"
"A","32","21001IC04161492N","240821","2065","2071","-6","2021-08-30","2023-03-22"
"A","32","21001IC04245806P","131221","1514","1514","0.0000","2021-12-17","2023-11-28"
"A","32","21001IC05014592M","280621","2075","2078","-3","2021-06-30","2023-06-07"
"A","32","22001IC04105136H","160522","1766","1766","0.0000","2022-05-20","2024-09-18"
"A","32","22001IC05023281X","260922","1495","1495","0.0000","2022-09-26","2025-04-21"
"A","32","23001IC04049866C","280323","1667","526","1141","2023-03-30","2025-04-28"
"A","32","23001IC04174792W","181023","2469","257","2212","2023-10-27","2024-12-27"
"A","33","11001IC04199085V","61011","610","610","0.0000","2011-10-11","2012-04-17"
"A","33","11001IC04236558S","231111","309","309","0.0000","2011-11-29","2012-05-31"
"A","33","13001IC04101121","220513","809","812","-3","2013-05-23","2013-09-26"
"A","33","14001IC04026899D","100214","1005","1006","-1","2014-02-10","2014-09-12"
"A","33","14001IC04241965T","20115","1507","1507","0.0000","2015-01-05","2015-07-27"
"A","33","15091IC04055318B","91015","1999","1999","0.0000","2015-10-14","2016-06-03"
"A","33","16001IC04087468E","80916","1500","1501","-1","2016-09-12","2017-02-23"
"A","33","17001IC04058927D","290317","1506","1506","0.0000","2017-04-04","2017-11-23"
"A","33","17001IC04180892A","80917","1572","1573","-1","2017-09-15","2018-05-21"
"A","33","18001IC04080837W","90418","1200","1204","-4","2018-04-13","2018-10-04"
"A","33","19001IC04015932R","240119","1997","1998","-1","2019-01-28","2020-01-20"
"A","33","19001IC04158500Z","60919","2000","2000","0.0000","2019-09-11","2020-10-07"
"A","33","20001IC04111282E","200720","1186","1186","0.0000","2020-07-23","2021-03-11"
"A","33","20001IC04173188R","221020","1000","1000","0.0000","2020-10-28","2021-08-24"
"A","33","20001IC04192939W","181120","1358","1358","0.0000","2020-11-24","2021-11-26"
"A","33","21001IC04054806N","190321","2083","2083","0.0000","2021-03-23","2022-08-10"
"A","33","21001IC04161492N","240821","2075","2098","-23","2021-08-30","2023-03-22"
"A","33","21001IC04245806P","131221","1463","1464","-1","2021-12-17","2024-07-26"
"A","33","21001IC05014592M","280621","2065","2065","0.0000","2021-06-30","2024-01-25"
"A","33","22001IC04105136H","160522","1504","1509","-5","2022-05-20","2025-02-03"
"A","33","22001IC05023281X","260922","1513","545","968","2022-09-26","2025-04-28"
"A","33","23001IC04049866C","280323","1667","150","1517","2023-03-30","2025-02-07"
"A","33","23001IC04174792W","181023","2516","130","2386","2023-10-27","2025-02-26"
"A","34","11001IC04199085V","61011","510","511","-1","2011-10-11","2012-01-20"
"A","34","11001IC04236558S","231111","487","487","0.0000","2011-11-29","2012-03-30"
"A","34","13001IC04101121","220513","998","1001","-3","2013-05-23","2013-09-20"
"A","34","14001IC04026899D","100214","1206","1206","0.0000","2014-02-10","2014-05-28"
"A","34","14001IC04241965T","20115","2001","2001","0.0000","2015-01-05","2015-09-21"
"A","34","15091IC04055318B","91015","1998","2000","-2","2015-10-14","2016-05-24"
"A","34","16001IC04087468E","80916","2010","2027","-17","2016-09-12","2017-05-11"
"A","34","17001IC04058927D","290317","1487","1487","0.0000","2017-04-04","2017-10-02"
"A","34","17001IC04180892A","80917","1993","1993","0.0000","2017-09-15","2018-09-26"
"A","34","18001IC04080837W","90418","1200","1202","-2","2018-04-13","2018-10-29"
"A","34","19001IC04015932R","240119","1553","1558","-5","2019-01-28","2019-10-09"
"A","34","19001IC04158500Z","60919","2035","2035","0.0000","2019-09-11","2020-11-04"
"A","34","20001IC04111282E","200720","1219","1219","0.0000","2020-07-23","2021-04-16"
"A","34","20001IC04173188R","221020","1200","1200","0.0000","2020-10-28","2021-12-02"
"A","34","20001IC04192939W","181120","1338","1338","0.0000","2020-11-24","2022-03-29"
"A","34","21001IC04054806N","190321","2075","2075","0.0000","2021-03-23","2023-03-07"
"A","34","21001IC04161492N","240821","2075","2077","-2","2021-08-30","2024-02-07"
"A","34","21001IC04245806P","131221","1451","1423","28","2021-12-17","2025-04-14"
"A","34","21001IC05014592M","280621","2067","971","1096","2021-06-30","2025-04-24"
"A","34","22001IC04105136H","160522","1531","247","1284","2022-05-20","2025-03-31"
"A","34","22001IC05023281X","260922","1500","95","1405","2022-09-26","2025-01-20"
"A","34","23001IC04049866C","280323","1667","54","1613","2023-03-30","2024-11-22"
"A","34","23001IC04174792W","181023","1834","26","1808","2023-10-27","2025-02-26"
"A","35","11001IC04199085V","61011","610","610","0.0000","2011-10-11","2012-05-11"
"A","35","11001IC04236558S","231111","300","301","-1","2011-11-29","2012-09-10"
"A","35","13001IC04101121","220513","807","808","-1","2013-05-23","2013-10-23"
"A","35","14001IC04026899D","100214","1001","1002","-1","2014-02-10","2014-08-01"
"A","35","14001IC04241965T","20115","1500","1501","-1","2015-01-05","2015-12-02"
"A","35","15091IC04055318B","91015","2003","2003","0.0000","2015-10-14","2017-02-17"
"A","35","16001IC04087468E","80916","1504","1505","-1","2016-09-12","2017-11-22"
"A","35","17001IC04058927D","290317","998","998","0.0000","2017-04-04","2018-07-17"
"A","35","17001IC04180892A","80917","1409","1410","-1","2017-09-15","2019-07-18"
"A","35","18001IC04080837W","90418","389","389","0.0000","2018-04-13","2019-11-06"
"A","35","19001IC04015932R","240119","514","514","0.0000","2019-01-28","2020-05-11"
"A","35","19001IC04158500Z","60919","515","515","0.0000","2019-09-11","2020-12-22"
"A","35","20001IC04111282E","200720","664","664","0.0000","2020-07-23","2021-03-16"
"A","35","20001IC04173188R","221020","1200","1201","-1","2020-10-28","2022-03-11"
"A","35","20001IC04192939W","181120","1349","1349","0.0000","2020-11-24","2022-11-22"
"A","35","21001IC04054806N","190321","2075","2075","0.0000","2021-03-23","2024-08-22"
"A","35","21001IC04161492N","240821","2061","829","1232","2021-08-30","2025-04-29"
"A","35","21001IC04245806P","131221","1663","168","1495","2021-12-17","2025-01-07"
"A","35","21001IC05014592M","280621","2075","404","1671","2021-06-30","2025-02-12"
"A","35","22001IC04105136H","160522","1440","48","1392","2022-05-20","2025-03-19"
"A","35","22001IC05023281X","260922","1500","174","1326","2022-09-26","2025-03-31"
"A","35","23001IC04049866C","280323","1667","49","1618","2023-03-30","2025-02-26"
"A","35","23001IC04174792W","181023","1007","458","549","2023-10-27","2025-04-03"
"A","36","11001IC04199085V","61011","696","696","0.0000","2011-10-11","2012-03-29"
"A","36","11001IC04236558S","231111","607","608","-1","2011-11-29","2012-09-12"
"A","36","13001IC04101121","220513","998","999","-1","2013-05-23","2013-10-29"
"A","36","14001IC04026899D","100214","167","168","-1","2014-02-10","2014-04-15"
"A","36","14001IC04241965T","20115","1991","1992","-1","2015-01-05","2016-01-18"
"A","36","15091IC04055318B","91015","2003","2003","0.0000","2015-10-14","2017-02-08"
"A","36","16001IC04087468E","80916","2005","2005","0.0000","2016-09-12","2018-01-26"
"A","36","17001IC04058927D","290317","980","981","-1","2017-04-04","2018-06-25"
"A","36","17001IC04180892A","80917","1203","1203","0.0000","2017-09-15","2019-05-15"
"A","36","18001IC04080837W","90418","298","298","0.0000","2018-04-13","2019-09-24"
"A","36","19001IC04015932R","240119","518","518","0.0000","2019-01-28","2019-11-14"
"A","36","19001IC04158500Z","60919","406","409","-3","2019-09-11","2020-03-09"
"A","36","20001IC04111282E","200720","626","626","0.0000","2020-07-23","2020-11-12"
"A","36","20001IC04173188R","221020","1200","1200","0.0000","2020-10-28","2021-07-15"
"A","36","20001IC04192939W","181120","1349","1353","-4","2020-11-24","2022-08-24"
"A","36","21001IC04054806N","190321","2075","2075","0.0000","2021-03-23","2024-08-22"
"A","36","21001IC04161492N","240821","2068","1389","679","2021-08-30","2025-04-29"
"A","36","21001IC04245806P","131221","1613","176","1437","2021-12-17","2025-01-13"
"A","36","21001IC05014592M","280621","2075","264","1811","2021-06-30","2025-03-17"
"A","36","22001IC04105136H","160522","1610","119","1491","2022-05-20","2025-04-15"
"A","36","22001IC05023281X","260922","1615","10","1605","2022-09-26","2024-04-23"
"A","36","23001IC04049866C","280323","1667","80","1587","2023-03-30","2025-03-31"
"A","36","23001IC04174792W","181023","999","343","656","2023-10-27","2025-03-05"
"A","37","11001IC04199085V","61011","505","505","0.0000","2011-10-11","2012-05-17"
"A","37","11001IC04236558S","231111","300","302","-2","2011-11-29","2012-10-10"
"A","37","13001IC04101121","220513","802","805","-3","2013-05-23","2014-02-10"
"A","37","14001IC04026899D","100214","750","751","-1","2014-02-10","2014-10-16"
"A","37","14001IC04241965T","20115","1509","1510","-1","2015-01-05","2016-04-18"
"A","37","15091IC04055318B","91015","2000","2001","-1","2015-10-14","2018-03-07"
"A","37","16001IC04087468E","80916","1500","1500","0.0000","2016-09-12","2020-05-29"
"A","37","17001IC04058927D","290317","490","490","0.0000","2017-04-04","2022-02-02"
"A","37","17001IC04180892A","80917","1212","1212","0.0000","2017-09-15","2025-02-04"
"A","37","18001IC04080837W","90418","300","300","0.0000","2018-04-13","2022-03-08"
"A","37","19001IC04015932R","240119","510","511","-1","2019-01-28","2024-07-18"
"A","37","19001IC04158500Z","60919","407","407","0.0000","2019-09-11","2022-06-03"
"A","37","20001IC04111282E","200720","386","387","-1","2020-07-23","2025-02-12"
"A","37","20001IC04173188R","221020","400","316","84","2020-10-28","2025-04-29"
"A","37","20001IC04192939W","181120","543","243","300","2020-11-24","2024-03-20"
"A","37","21001IC04054806N","190321","1275","257","1018","2021-03-23","2023-02-24"
"A","37","21001IC04161492N","240821","1277","413","864","2021-08-30","2023-10-26"
"A","37","21001IC04245806P","131221","1037","347","690","2021-12-17","2025-04-14"
"A","37","21001IC05014592M","280621","1275","449","826","2021-06-30","2025-03-27"
"A","37","22001IC04105136H","160522","1604","22","1582","2022-05-20","2024-01-24"
"A","37","22001IC05023281X","260922","1000","123","877","2022-09-26","2025-02-28"
"A","37","23001IC04049866C","280323","1200","57","1143","2023-03-30","2024-04-23"
"A","37","23001IC04174792W","181023","996","48","948","2023-10-27","2025-03-31"
"A","38","11001IC04236558S","231111","301","301","0.0000","2011-11-29","2012-04-13"
"A","38","13001IC04101121","220513","799","800","-1","2013-05-23","2014-03-14"
"A","38","14001IC04026899D","100214","809","838","-29","2014-02-10","2014-10-01"
"A","38","14001IC04241965T","20115","1502","1504","-2","2015-01-05","2016-05-24"
"A","38","15091IC04055318B","91015","1998","1998","0.0000","2015-10-14","2018-03-19"
"A","38","16001IC04087468E","80916","1495","1495","0.0000","2016-09-12","2020-05-11"
"A","38","17001IC04058927D","290317","502","503","-1","2017-04-04","2021-08-24"
"A","38","17001IC04180892A","80917","1195","1195","0.0000","2017-09-15","2024-01-15"
"A","38","18001IC04080837W","90418","300","300","0.0000","2018-04-13","2022-02-08"
"A","38","19001IC04015932R","240119","508","508","0.0000","2019-01-28","2022-04-11"
"A","38","19001IC04158500Z","60919","402","402","0.0000","2019-09-11","2024-04-23"
"A","38","20001IC04111282E","200720","380","380","0.0000","2020-07-23","2023-08-02"
"A","38","20001IC04173188R","221020","200","200","0.0000","2020-10-28","2022-08-10"
"A","38","20001IC04192939W","181120","525","525","0.0000","2020-11-24","2024-10-23"
"A","38","21001IC04054806N","190321","1275","412","863","2021-03-23","2025-04-23"
"A","38","21001IC04161492N","240821","1256","521","735","2021-08-30","2024-11-08"
"A","38","21001IC04245806P","131221","999","483","516","2021-12-17","2025-03-27"
"A","38","21001IC05014592M","280621","1275","551","724","2021-06-30","2025-02-07"
"A","38","22001IC04105136H","160522","990","284","706","2022-05-20","2025-04-29"
"A","38","22001IC05023281X","260922","1000","91","909","2022-09-26","2025-04-23"
"A","38","23001IC04049866C","280323","1200","24","1176","2023-03-30","2024-03-25"
"A","38","23001IC04174792W","181023","1035","79","956","2023-10-27","2025-04-03"
"A","39","11001IC04199085V","61011","97","97","0.0000","2011-10-11","2011-10-17"
"A","39","11001IC04236558S","231111","300","301","-1","2011-11-29","2012-07-27"
"A","39","13001IC04101121","220513","600","602","-2","2013-05-23","2014-01-10"
"A","39","14001IC04026899D","100214","508","537","-29","2014-02-10","2014-10-01"
"A","39","14001IC04241965T","20115","1007","1007","0.0000","2015-01-05","2016-09-27"
"A","39","15091IC04055318B","91015","1513","1513","0.0000","2015-10-14","2018-11-16"
"A","39","16001IC04087468E","80916","1003","1003","0.0000","2016-09-12","2022-11-03"
"A","39","17001IC04058927D","290317","492","492","0.0000","2017-04-04","2024-01-25"
"A","39","17001IC04180892A","80917","868","669","199","2017-09-15","2025-03-31"
"A","39","18001IC04080837W","90418","300","130","170","2018-04-13","2025-04-07"
"A","39","19001IC04015932R","240119","299","299","0.0000","2019-01-28","2021-10-12"
"A","39","19001IC04158500Z","60919","259","257","2","2019-09-11","2025-03-19"
"A","39","20001IC04111282E","200720","300","192","108","2020-07-23","2024-06-26"
"A","39","20001IC04173188R","221020","200","200","0.0000","2020-10-28","2022-03-07"
"A","39","20001IC04192939W","181120","525","197","328","2020-11-24","2022-08-31"
"A","39","21001IC04054806N","190321","700","287","413","2021-03-23","2023-03-06"
"A","39","21001IC04161492N","240821","685","297","388","2021-08-30","2023-10-26"
"A","39","21001IC04245806P","131221","629","133","496","2021-12-17","2025-03-26"
"A","39","21001IC05014592M","280621","700","269","431","2021-06-30","2025-04-03"
"A","39","22001IC04105136H","160522","954","185","769","2022-05-20","2025-02-07"
"A","39","22001IC05023281X","260922","591","199","392","2022-09-26","2025-02-28"
"A","39","23001IC04049866C","280323","600","45","555","2023-03-30","2024-10-29"
"A","39","23001IC04174792W","181023","600","25","575","2023-10-27","2024-01-23"
"A","40","11001IC04199085V","61011","102","102","0.0000","2011-10-11","2011-10-17"
"A","40","11001IC04236558S","231111","300","319","-19","2011-11-29","2012-03-30"
"A","40","13001IC04101121","220513","600","603","-3","2013-05-23","2013-12-11"
"A","40","14001IC04026899D","100214","507","509","-2","2014-02-10","2014-09-15"
"A","40","14001IC04241965T","20115","1013","1013","0.0000","2015-01-05","2016-02-16"
"A","40","15091IC04055318B","91015","1500","1500","0.0000","2015-10-14","2017-09-06"
"A","40","16001IC04087468E","80916","803","804","-1","2016-09-12","2018-07-25"
"A","40","17001IC04058927D","290317","494","494","0.0000","2017-04-04","2019-05-16"
"A","40","17001IC04180892A","80917","804","804","0.0000","2017-09-15","2020-05-27"
"A","40","18001IC04080837W","90418","297","297","0.0000","2018-04-13","2020-09-21"
"A","40","19001IC04015932R","240119","290","290","0.0000","2019-01-28","2021-01-07"
"A","40","19001IC04158500Z","60919","259","260","-1","2019-09-11","2022-01-18"
"A","40","20001IC04111282E","200720","305","305","0.0000","2020-07-23","2021-10-06"
"A","40","20001IC04173188R","221020","200","200","0.0000","2020-10-28","2021-10-06"
"A","40","20001IC04192939W","181120","525","525","0.0000","2020-11-24","2022-05-10"
"A","40","21001IC04054806N","190321","425","425","0.0000","2021-03-23","2023-01-04"
"A","40","21001IC04161492N","240821","410","411","-1","2021-08-30","2023-01-26"
"A","40","21001IC04245806P","131221","518","519","-1","2021-12-17","2024-01-30"
"A","40","21001IC05014592M","280621","425","426","-1","2021-06-30","2023-06-01"
"A","40","22001IC04105136H","160522","628","628","0.0000","2022-05-20","2024-09-18"
"A","40","22001IC05023281X","260922","480","480","0.0000","2022-09-26","2025-01-22"
"A","40","23001IC04049866C","280323","500","353","147","2023-03-30","2025-04-29"
"A","40","23001IC04174792W","181023","600","15","585","2023-10-27","2024-04-23"
"A","41","11001IC04199085V","61011","403","404","-1","2011-10-11","2012-04-18"
"A","41","11001IC04236558S","231111","300","300","0.0000","2011-11-29","2012-06-29"
"A","41","13001IC04101121","220513","500","501","-1","2013-05-23","2014-05-14"
"A","41","14001IC04026899D","100214","494","494","0.0000","2014-02-10","2014-11-21"
"A","41","14001IC04241965T","20115","1003","1003","0.0000","2015-01-05","2016-04-29"
"A","41","15091IC04055318B","91015","1001","1003","-2","2015-10-14","2017-08-28"
"A","41","16001IC04087468E","80916","806","806","0.0000","2016-09-12","2019-02-15"
"A","41","17001IC04058927D","290317","507","507","0.0000","2017-04-04","2020-01-28"
"A","41","17001IC04180892A","80917","503","503","0.0000","2017-09-15","2020-10-07"
"A","41","18001IC04080837W","90418","300","300","0.0000","2018-04-13","2021-03-10"
"A","41","19001IC04015932R","240119","296","296","0.0000","2019-01-28","2021-12-06"
"A","41","19001IC04158500Z","60919","259","259","0.0000","2019-09-11","2022-08-10"
"A","41","20001IC04111282E","200720","324","326","-2","2020-07-23","2022-08-24"
"A","41","20001IC04173188R","221020","200","200","0.0000","2020-10-28","2022-11-22"
"A","41","20001IC04192939W","181120","391","391","0.0000","2020-11-24","2023-03-08"
"A","41","21001IC04054806N","190321","425","425","0.0000","2021-03-23","2023-08-18"
"A","41","21001IC04161492N","240821","414","415","-1","2021-08-30","2024-01-30"
"A","41","21001IC04245806P","131221","517","519","-2","2021-12-17","2025-03-20"
"A","41","21001IC05014592M","280621","425","425","0.0000","2021-06-30","2024-06-06"
"A","41","22001IC04105136H","160522","494","88","406","2022-05-20","2025-04-24"
"A","41","22001IC05023281X","260922","523","174","349","2022-09-26","2025-04-29"
"A","41","23001IC04049866C","280323","500","114","386","2023-03-30","2025-04-22"
"A","41","23001IC04174792W","181023","600","61","539","2023-10-27","2025-01-29"
"A","42","11001IC04236558S","231111","301","301","0.0000","2011-11-29","2012-05-31"
"A","42","13001IC04101121","220513","600","602","-2","2013-05-23","2014-03-20"
"A","42","14001IC04026899D","100214","503","503","0.0000","2014-02-10","2014-11-18"
"A","42","14001IC04241965T","20115","1004","1018","-14","2015-01-05","2016-05-05"
"A","42","15091IC04055318B","91015","1202","1202","0.0000","2015-10-14","2017-12-12"
"A","42","16001IC04087468E","80916","810","810","0.0000","2016-09-12","2019-01-03"
"A","42","17001IC04058927D","290317","499","499","0.0000","2017-04-04","2019-11-13"
"A","42","17001IC04180892A","80917","500","500","0.0000","2017-09-15","2020-09-16"
"A","42","18001IC04080837W","90418","300","300","0.0000","2018-04-13","2020-12-22"
"A","42","19001IC04015932R","240119","296","297","-1","2019-01-28","2021-05-17"
"A","42","19001IC04158500Z","60919","258","258","0.0000","2019-09-11","2021-11-10"
"A","42","20001IC04111282E","200720","319","319","0.0000","2020-07-23","2021-11-08"
"A","42","20001IC04173188R","221020","200","200","0.0000","2020-10-28","2023-01-12"
"A","42","20001IC04192939W","181120","375","376","-1","2020-11-24","2022-08-18"
"A","42","21001IC04054806N","190321","425","426","-1","2021-03-23","2023-03-06"
"A","42","21001IC04161492N","240821","420","420","0.0000","2021-08-30","2023-12-27"
"A","42","21001IC04245806P","131221","500","501","-1","2021-12-17","2024-11-26"
"A","42","21001IC05014592M","280621","425","425","0.0000","2021-06-30","2024-08-22"
"A","42","22001IC04105136H","160522","531","443","88","2022-05-20","2025-04-29"
"A","42","22001IC05023281X","260922","500","61","439","2022-09-26","2025-02-26"
"A","42","23001IC04049866C","280323","500","169","331","2023-03-30","2025-01-29"
"A","42","23001IC04174792W","181023","599","72","527","2023-10-27","2025-04-22"
"A","43","11001IC04199085V","61011","151","151","0.0000","2011-10-11","2011-10-17"
"A","43","11001IC04236558S","231111","200","200","0.0000","2011-11-29","2012-07-13"
"A","43","13001IC04101121","220513","508","509","-1","2013-05-23","2014-09-12"
"A","43","14001IC04026899D","100214","494","495","-1","2014-02-10","2014-12-09"
"A","43","14001IC04241965T","20115","993","993","0.0000","2015-01-05","2017-01-09"
"A","43","15091IC04055318B","91015","1010","1010","0.0000","2015-10-14","2019-01-11"
"A","43","16001IC04087468E","80916","807","817","-10","2016-09-12","2023-01-16"
"A","43","17001IC04058927D","290317","495","489","6","2017-04-04","2025-04-16"
"A","43","17001IC04180892A","80917","508","266","242","2017-09-15","2021-12-06"
"A","43","18001IC04080837W","90418","300","300","0.0000","2018-04-13","2021-06-09"
"A","43","19001IC04015932R","240119","300","192","108","2019-01-28","2025-04-24"
"A","43","19001IC04158500Z","60919","259","260","-1","2019-09-11","2023-01-31"
"A","43","20001IC04111282E","200720","304","304","0.0000","2020-07-23","2024-09-18"
"A","43","20001IC04192939W","181120","370","137","233","2020-11-24","2025-03-31"
"A","43","21001IC04054806N","190321","239","239","0.0000","2021-03-23","2024-11-27"
"A","43","21001IC04161492N","240821","250","250","0.0000","2021-08-30","2024-02-28"
"A","43","21001IC04245806P","131221","515","130","385","2021-12-17","2024-12-09"
"A","43","21001IC05014592M","280621","250","250","0.0000","2021-06-30","2024-04-04"
"A","43","22001IC04105136H","160522","592","94","498","2022-05-20","2025-04-29"
"A","43","22001IC05023281X","260922","530","104","426","2022-09-26","2025-01-29"
"A","43","23001IC04049866C","280323","500","56","444","2023-03-30","2024-12-16"
"A","43","23001IC04174792W","181023","518","53","465","2023-10-27","2025-02-04"
"A","44","11001IC04199085V","61011","559","559","0.0000","2011-10-11","2012-03-30"
"A","44","11001IC04236558S","231111","199","200","-1","2011-11-29","2012-07-26"
"A","44","13001IC04101121","220513","609","610","-1","2013-05-23","2014-03-25"
"A","44","14001IC04026899D","100214","505","505","0.0000","2014-02-10","2014-10-14"
"A","44","14001IC04241965T","20115","1012","1012","0.0000","2015-01-05","2016-03-16"
"A","44","15091IC04055318B","91015","1005","1005","0.0000","2015-10-14","2017-03-27"
"A","44","16001IC04087468E","80916","808","809","-1","2016-09-12","2018-04-03"
"A","44","17001IC04058927D","290317","510","518","-8","2017-04-04","2018-12-04"
"A","44","17001IC04180892A","80917","507","507","0.0000","2017-09-15","2020-11-12"
"A","44","18001IC04080837W","90418","299","299","0.0000","2018-04-13","2020-08-11"
"A","44","19001IC04015932R","240119","310","310","0.0000","2019-01-28","2020-11-18"
"A","44","19001IC04158500Z","60919","259","259","0.0000","2019-09-11","2021-03-16"
"A","44","20001IC04111282E","200720","303","303","0.0000","2020-07-23","2021-05-06"
"A","44","20001IC04173188R","221020","200","200","0.0000","2020-10-28","2021-06-29"
"A","44","20001IC04192939W","181120","528","528","0.0000","2020-11-24","2022-08-10"
"A","44","21001IC04054806N","190321","428","428","0.0000","2021-03-23","2023-01-05"
"A","44","21001IC04161492N","240821","400","400","0.0000","2021-08-30","2023-05-02"
"A","44","21001IC04245806P","131221","481","481","0.0000","2021-12-17","2024-09-18"
"A","44","21001IC05014592M","280621","425","425","0.0000","2021-06-30","2023-12-27"
"A","44","22001IC04105136H","160522","500","500","0.0000","2022-05-20","2025-02-26"
"A","44","22001IC05023281X","260922","479","328","151","2022-09-26","2025-04-28"
"A","44","23001IC04049866C","280323","500","113","387","2023-03-30","2025-04-24"
"A","44","23001IC04174792W","181023","500","47","453","2023-10-27","2024-10-29"
"A","45","11001IC04199085V","61011","405","405","0.0000","2011-10-11","2012-05-04"
"A","45","11001IC04236558S","231111","302","303","-1","2011-11-29","2012-07-26"
"A","45","13001IC04101121","220513","600","602","-2","2013-05-23","2014-03-17"
"A","45","14001IC04026899D","100214","500","525","-25","2014-02-10","2014-10-01"
"A","45","14001IC04241965T","20115","991","991","0.0000","2015-01-05","2016-01-21"
"A","45","15091IC04055318B","91015","1004","1004","0.0000","2015-10-14","2017-03-22"
"A","45","16001IC04087468E","80916","800","801","-1","2016-09-12","2018-02-26"
"A","45","17001IC04058927D","290317","505","505","0.0000","2017-04-04","2019-01-11"
"A","45","17001IC04180892A","80917","508","508","0.0000","2017-09-15","2019-07-11"
"A","45","18001IC04080837W","90418","295","295","0.0000","2018-04-13","2019-12-13"
"A","45","19001IC04015932R","240119","295","295","0.0000","2019-01-28","2020-08-24"
"A","45","19001IC04158500Z","60919","259","259","0.0000","2019-09-11","2020-12-18"
"A","45","20001IC04111282E","200720","332","332","0.0000","2020-07-23","2021-03-15"
"A","45","20001IC04173188R","221020","200","200","0.0000","2020-10-28","2021-08-04"
"A","45","20001IC04192939W","181120","527","528","-1","2020-11-24","2022-02-16"
"A","45","21001IC04054806N","190321","422","422","0.0000","2021-03-23","2022-08-08"
"A","45","21001IC04161492N","240821","425","425","0.0000","2021-08-30","2023-03-29"
"A","45","21001IC04245806P","131221","504","504","0.0000","2021-12-17","2024-03-05"
"A","45","21001IC05014592M","280621","425","425","0.0000","2021-06-30","2023-06-13"
"A","45","22001IC04105136H","160522","480","480","0.0000","2022-05-20","2024-09-04"
"A","45","22001IC05023281X","260922","520","520","0.0000","2022-09-26","2025-04-21"
"A","45","23001IC04049866C","280323","500","65","435","2023-03-30","2025-04-29"
"A","45","23001IC04174792W","181023","531","110","421","2023-10-27","2025-04-24"
"A","46","11001IC04199085V","61011","560","565","-5","2011-10-11","2012-02-10"
"A","46","11001IC04236558S","231111","302","302","0.0000","2011-11-29","2012-06-07"
"A","46","13001IC04101121","220513","510","511","-1","2013-05-23","2013-11-04"
"A","46","14001IC04026899D","100214","497","499","-2","2014-02-10","2014-07-21"
"A","46","14001IC04241965T","20115","1002","1002","0.0000","2015-01-05","2015-11-25"
"A","46","15091IC04055318B","91015","1001","1001","0.0000","2015-10-14","2016-09-09"
"A","46","16001IC04087468E","80916","801","803","-2","2016-09-12","2017-08-28"
"A","46","17001IC04058927D","290317","505","505","0.0000","2017-04-04","2018-01-26"
"A","46","17001IC04180892A","80917","503","503","0.0000","2017-09-15","2018-06-13"
"A","46","18001IC04080837W","90418","300","300","0.0000","2018-04-13","2018-09-10"
"A","46","19001IC04015932R","240119","517","517","0.0000","2019-01-28","2019-07-12"
"A","46","19001IC04158500Z","60919","518","518","0.0000","2019-09-11","2020-08-18"
"A","46","20001IC04111282E","200720","312","321","-9","2020-07-23","2021-01-11"
"A","46","20001IC04173188R","221020","200","200","0.0000","2020-10-28","2020-12-22"
"A","46","20001IC04192939W","181120","525","525","0.0000","2020-11-24","2021-04-06"
"A","46","21001IC04054806N","190321","425","426","-1","2021-03-23","2021-06-18"
"A","46","21001IC04161492N","240821","425","426","-1","2021-08-30","2022-01-18"
"A","46","21001IC04245806P","131221","470","500","-30","2021-12-17","2022-04-26"
"A","46","21001IC05014592M","280621","397","397","0.0000","2021-06-30","2022-01-03"
"A","46","22001IC04105136H","160522","572","601","-29","2022-05-20","2023-01-16"
"A","46","22001IC05023281X","260922","500","500","0.0000","2022-09-26","2022-12-22"
"A","46","23001IC04049866C","280323","500","501","-1","2023-03-30","2023-07-20"
"A","46","23001IC04174792W","181023","530","533","-3","2023-10-27","2024-02-14"
"A","47","11001IC04199085V","61011","457","458","-1","2011-10-11","2012-10-09"
"A","47","11001IC04236558S","231111","306","309","-3","2011-11-29","2013-02-14"
"A","47","13001IC04101121","220513","401","403","-2","2013-05-23","2013-12-10"
"A","47","16001IC04087468E","80916","505","505","0.0000","2016-09-12","2017-07-07"
"A","47","17001IC04058927D","290317","503","503","0.0000","2017-04-04","2018-04-05"
"A","47","17001IC04180892A","80917","414","414","0.0000","2017-09-15","2018-11-02"
"A","47","18001IC04080837W","90418","210","210","0.0000","2018-04-13","2019-03-15"
"A","47","19001IC04015932R","240119","437","437","0.0000","2019-01-28","2019-11-20"
"A","47","19001IC04158500Z","60919","222","222","0.0000","2019-09-11","2020-06-17"
"A","47","20001IC04111282E","200720","303","305","-2","2020-07-23","2021-02-18"
"A","47","20001IC04173188R","221020","200","201","-1","2020-10-28","2021-07-29"
"A","47","20001IC04192939W","181120","383","383","0.0000","2020-11-24","2021-12-03"
"A","47","21001IC04054806N","190321","350","350","0.0000","2021-03-23","2022-07-28"
"A","47","21001IC04161492N","240821","350","350","0.0000","2021-08-30","2023-02-27"
"A","47","21001IC04245806P","131221","294","294","0.0000","2021-12-17","2024-01-26"
"A","47","21001IC05014592M","280621","354","354","0.0000","2021-06-30","2023-10-03"
"A","47","22001IC04105136H","160522","528","530","-2","2022-05-20","2024-11-22"
"A","47","22001IC05023281X","260922","258","247","11","2022-09-26","2025-04-29"
"A","47","23001IC04049866C","280323","333","126","207","2023-03-30","2025-01-06"
"A","47","23001IC04174792W","181023","527","99","428","2023-10-27","2025-02-07"
"A","48","11001IC04199085V","61011","343","343","0.0000","2011-10-11","2012-03-29"
"A","48","11001IC04236558S","231111","300","302","-2","2011-11-29","2012-10-19"
"A","48","13001IC04101121","220513","404","412","-8","2013-05-23","2014-02-11"
"A","48","16001IC04087468E","80916","506","507","-1","2016-09-12","2017-08-08"
"A","48","17001IC04058927D","290317","485","486","-1","2017-04-04","2018-03-26"
"A","48","17001IC04180892A","80917","408","408","0.0000","2017-09-15","2019-05-30"
"A","48","18001IC04080837W","90418","206","206","0.0000","2018-04-13","2019-09-24"
"A","48","19001IC04015932R","240119","292","292","0.0000","2019-01-28","2020-06-24"
"A","48","19001IC04158500Z","60919","259","260","-1","2019-09-11","2021-05-14"
"A","48","20001IC04111282E","200720","315","315","0.0000","2020-07-23","2021-12-21"
"A","48","20001IC04173188R","221020","200","200","0.0000","2020-10-28","2021-12-03"
"A","48","20001IC04192939W","181120","301","301","0.0000","2020-11-24","2022-11-22"
"A","48","21001IC04054806N","190321","350","350","0.0000","2021-03-23","2022-12-27"
"A","48","21001IC04161492N","240821","350","352","-2","2021-08-30","2023-09-18"
"A","48","21001IC04245806P","131221","296","302","-6","2021-12-17","2025-02-04"
"A","48","21001IC05014592M","280621","327","327","0.0000","2021-06-30","2024-04-10"
"A","48","22001IC04105136H","160522","296","192","104","2022-05-20","2025-04-29"
"A","48","22001IC05023281X","260922","325","40","285","2022-09-26","2024-04-16"
"A","48","23001IC04049866C","280323","333","97","236","2023-03-30","2025-02-07"
"A","48","23001IC04174792W","181023","532","100","432","2023-10-27","2025-02-07"
"A","49","11001IC04199085V","61011","360","366","-6","2011-10-11","2012-11-14"
"A","49","11001IC04236558S","231111","201","202","-1","2011-11-29","2013-02-22"
"A","49","13001IC04101121","220513","397","398","-1","2013-05-23","2014-05-07"
"A","49","16001IC04087468E","80916","299","299","0.0000","2016-09-12","2017-07-14"
"A","49","17001IC04058927D","290317","504","504","0.0000","2017-04-04","2019-04-24"
"A","49","17001IC04180892A","80917","300","300","0.0000","2017-09-15","2022-08-08"
"A","49","18001IC04080837W","90418","210","210","0.0000","2018-04-13","2022-01-19"
"A","49","19001IC04015932R","240119","200","204","-4","2019-01-28","2023-01-26"
"A","49","19001IC04158500Z","60919","219","219","0.0000","2019-09-11","2024-04-29"
"A","49","20001IC04111282E","200720","300","90","210","2020-07-23","2025-02-12"
"A","49","20001IC04173188R","221020","100","100","0.0000","2020-10-28","2022-10-18"
"A","49","20001IC04192939W","181120","300","301","-1","2020-11-24","2025-02-11"
"A","49","21001IC04054806N","190321","250","189","61","2021-03-23","2025-04-29"
"A","49","21001IC04161492N","240821","257","256","1","2021-08-30","2024-12-17"
"A","49","21001IC04245806P","131221","296","116","180","2021-12-17","2025-03-31"
"A","49","21001IC05014592M","280621","250","251","-1","2021-06-30","2024-10-23"
"A","49","22001IC04105136H","160522","296","63","233","2022-05-20","2024-11-22"
"A","49","22001IC05023281X","260922","298","49","249","2022-09-26","2024-12-09"
"A","49","23001IC04049866C","280323","300","55","245","2023-03-30","2024-09-23"
"A","49","23001IC04174792W","181023","228","65","163","2023-10-27","2025-04-14"
"A","50","11001IC04199085V","61011","305","315","-10","2011-10-11","2012-05-04"
"A","50","11001IC04236558S","231111","300","302","-2","2011-11-29","2012-11-19"
"A","50","13001IC04101121","220513","300","301","-1","2013-05-23","2013-12-27"
"A","50","16001IC04087468E","80916","300","301","-1","2016-09-12","2017-05-04"
"A","50","17001IC04058927D","290317","298","298","0.0000","2017-04-04","2018-01-31"
"A","50","17001IC04180892A","80917","262","262","0.0000","2017-09-15","2018-05-31"
"A","50","18001IC04080837W","90418","209","210","-1","2018-04-13","2018-10-25"
"A","50","19001IC04015932R","240119","300","300","0.0000","2019-01-28","2020-05-15"
"A","50","19001IC04158500Z","60919","259","259","0.0000","2019-09-11","2021-01-27"
"A","50","20001IC04111282E","200720","300","300","0.0000","2020-07-23","2021-07-05"
"A","50","20001IC04173188R","221020","200","200","0.0000","2020-10-28","2021-10-25"
"A","50","20001IC04192939W","181120","299","299","0.0000","2020-11-24","2022-04-01"
"A","50","21001IC04054806N","190321","350","350","0.0000","2021-03-23","2022-09-14"
"A","50","21001IC04161492N","240821","350","350","0.0000","2021-08-30","2023-04-05"
"A","50","21001IC04245806P","131221","248","248","0.0000","2021-12-17","2024-03-13"
"A","50","21001IC05014592M","280621","344","344","0.0000","2021-06-30","2024-06-25"
"A","50","22001IC04105136H","160522","295","296","-1","2022-05-20","2024-08-20"
"A","50","22001IC05023281X","260922","256","248","8","2022-09-26","2025-04-23"
"A","50","23001IC04049866C","280323","267","20","247","2023-03-30","2024-06-06"
"A","50","23001IC04174792W","181023","228","118","110","2023-10-27","2025-04-24"
"A","51","11001IC04199085V","61011","204","204","0.0000","2011-10-11","2012-06-28"
"A","51","11001IC04236558S","231111","199","215","-16","2011-11-29","2013-02-22"
"A","51","16001IC04087468E","80916","300","300","0.0000","2016-09-12","2017-09-20"
"A","51","17001IC04058927D","290317","299","299","0.0000","2017-04-04","2018-02-27"
"A","51","17001IC04180892A","80917","269","269","0.0000","2017-09-15","2018-12-18"
"A","51","18001IC04080837W","90418","210","210","0.0000","2018-04-13","2019-11-26"
"A","51","19001IC04015932R","240119","287","287","0.0000","2019-01-28","2020-11-02"
"A","51","19001IC04158500Z","60919","252","252","0.0000","2019-09-11","2021-04-20"
"A","51","20001IC04111282E","200720","169","169","0.0000","2020-07-23","2022-10-06"
"A","51","20001IC04173188R","221020","100","100","0.0000","2020-10-28","2021-09-29"
"A","51","20001IC04192939W","181120","300","300","0.0000","2020-11-24","2022-05-11"
"A","51","21001IC04054806N","190321","250","250","0.0000","2021-03-23","2022-11-22"
"A","51","21001IC04161492N","240821","248","248","0.0000","2021-08-30","2023-05-05"
"A","51","21001IC04245806P","131221","225","225","0.0000","2021-12-17","2024-10-23"
"A","51","21001IC05014592M","280621","253","253","0.0000","2021-06-30","2024-01-09"
"A","51","22001IC04105136H","160522","259","236","23","2022-05-20","2025-04-29"
"A","51","22001IC05023281X","260922","222","66","156","2022-09-26","2024-08-22"
"A","51","23001IC04049866C","280323","267","62","205","2023-03-30","2024-10-24"
"A","51","23001IC04174792W","181023","228","94","134","2023-10-27","2024-12-16"
"A","52","11001IC04199085V","61011","453","453","0.0000","2011-10-11","2012-07-16"
"A","52","11001IC04236558S","231111","200","202","-2","2011-11-29","2012-11-06"
"A","52","16001IC04087468E","80916","300","300","0.0000","2016-09-12","2017-06-29"
"A","52","17001IC04058927D","290317","300","301","-1","2017-04-04","2018-01-12"
"A","52","17001IC04180892A","80917","249","249","0.0000","2017-09-15","2018-05-02"
"A","52","18001IC04080837W","90418","210","211","-1","2018-04-13","2018-10-29"
"A","52","19001IC04015932R","240119","307","307","0.0000","2019-01-28","2020-01-28"
"A","52","19001IC04158500Z","60919","259","259","0.0000","2019-09-11","2021-06-10"
"A","52","20001IC04111282E","200720","225","225","0.0000","2020-07-23","2021-06-04"
"A","52","20001IC04173188R","221020","200","200","0.0000","2020-10-28","2022-02-04"
"A","52","20001IC04192939W","181120","303","303","0.0000","2020-11-24","2022-07-14"
"A","52","21001IC04054806N","190321","250","250","0.0000","2021-03-23","2022-10-06"
"A","52","21001IC04161492N","240821","250","250","0.0000","2021-08-30","2023-02-09"
"A","52","21001IC04245806P","131221","225","225","0.0000","2021-12-17","2024-03-05"
"A","52","21001IC05014592M","280621","250","250","0.0000","2021-06-30","2023-08-10"
"A","52","22001IC04105136H","160522","225","225","0.0000","2022-05-20","2023-12-26"
"A","52","22001IC05023281X","260922","234","234","0.0000","2022-09-26","2024-06-25"
"A","52","23001IC04049866C","280323","267","267","0.0000","2023-03-30","2024-10-16"
"A","52","23001IC04174792W","181023","226","228","-2","2023-10-27","2024-10-15"
"A","53","11001IC04199085V","61011","202","202","0.0000","2011-10-11","2012-05-17"
"A","53","11001IC04236558S","231111","146","147","-1","2011-11-29","2013-03-04"
"A","53","16001IC04087468E","80916","300","300","0.0000","2016-09-12","2017-05-04"
"A","53","17001IC04058927D","290317","300","301","-1","2017-04-04","2018-01-30"
"A","53","17001IC04180892A","80917","263","264","-1","2017-09-15","2018-05-21"
"A","53","18001IC04080837W","90418","206","212","-6","2018-04-13","2018-10-22"
"A","53","19001IC04015932R","240119","185","186","-1","2019-01-28","2019-03-29"
"A","53","19001IC04158500Z","60919","518","518","0.0000","2019-09-11","2021-04-23"
"A","53","20001IC04111282E","200720","222","222","0.0000","2020-07-23","2021-01-22"
"A","53","20001IC04173188R","221020","100","100","0.0000","2020-10-28","2021-08-24"
"A","53","20001IC04192939W","181120","222","222","0.0000","2020-11-24","2021-09-21"
"A","53","21001IC04054806N","190321","200","201","-1","2021-03-23","2022-01-28"
"A","53","21001IC04161492N","240821","200","201","-1","2021-08-30","2022-02-16"
"A","53","21001IC04245806P","131221","224","224","0.0000","2021-12-17","2022-12-02"
"A","53","21001IC05014592M","280621","200","200","0.0000","2021-06-30","2022-06-21"
"A","53","22001IC04105136H","160522","225","225","0.0000","2022-05-20","2022-10-05"
"A","53","22001IC05023281X","260922","222","222","0.0000","2022-09-26","2023-04-20"
"A","53","23001IC04049866C","280323","500","502","-2","2023-03-30","2023-10-04"
"A","53","23001IC04174792W","181023","379","387","-8","2023-10-27","2024-04-16"
"A","54","11001IC04236558S","231111","150","151","-1","2011-11-29","2012-04-04"
"A","54","16001IC04087468E","80916","300","301","-1","2016-09-12","2017-07-31"
"A","54","17001IC04058927D","290317","299","299","0.0000","2017-04-04","2018-05-21"
"A","54","17001IC04180892A","80917","270","271","-1","2017-09-15","2018-12-28"
"A","54","18001IC04080837W","90418","208","208","0.0000","2018-04-13","2019-06-19"
"A","54","19001IC04015932R","240119","200","200","0.0000","2019-01-28","2020-08-05"
"A","54","19001IC04158500Z","60919","221","221","0.0000","2019-09-11","2022-04-21"
"A","54","20001IC04111282E","200720","228","228","0.0000","2020-07-23","2021-10-12"
"A","54","20001IC04173188R","221020","200","200","0.0000","2020-10-28","2021-12-13"
"A","54","20001IC04192939W","181120","242","242","0.0000","2020-11-24","2022-10-06"
"A","54","21001IC04054806N","190321","200","202","-2","2021-03-23","2023-06-14"
"A","54","21001IC04161492N","240821","186","186","0.0000","2021-08-30","2023-10-30"
"A","54","21001IC04245806P","131221","225","225","0.0000","2021-12-17","2024-02-20"
"A","54","21001IC05014592M","280621","200","200","0.0000","2021-06-30","2024-08-22"
"A","54","22001IC04105136H","160522","225","225","0.0000","2022-05-20","2024-12-09"
"A","54","22001IC05023281X","260922","226","189","37","2022-09-26","2025-04-29"
"A","54","23001IC04049866C","280323","267","51","216","2023-03-30","2025-03-19"
"A","54","23001IC04174792W","181023","226","36","190","2023-10-27","2024-10-18"
"A","55","11001IC04236558S","231111","145","145","0.0000","2011-11-29","2012-08-13"
"A","55","16001IC04087468E","80916","204","205","-1","2016-09-12","2017-02-03"
"A","55","17001IC04058927D","290317","300","301","-1","2017-04-04","2018-03-13"
"A","55","17001IC04180892A","80917","250","250","0.0000","2017-09-15","2019-03-26"
"A","55","18001IC04080837W","90418","209","209","0.0000","2018-04-13","2019-12-18"
"A","55","19001IC04015932R","240119","200","200","0.0000","2019-01-28","2021-01-20"
"A","55","19001IC04158500Z","60919","212","212","0.0000","2019-09-11","2022-10-19"
"A","55","20001IC04111282E","200720","228","233","-5","2020-07-23","2023-01-16"
"A","55","20001IC04173188R","221020","100","100","0.0000","2020-10-28","2022-03-07"
"A","55","20001IC04192939W","181120","222","222","0.0000","2020-11-24","2025-03-20"
"A","55","21001IC04054806N","190321","200","205","-5","2021-03-23","2025-02-04"
"A","55","21001IC04161492N","240821","197","98","99","2021-08-30","2025-04-22"
"A","55","21001IC04245806P","131221","225","225","0.0000","2021-12-17","2024-08-22"
"A","55","21001IC05014592M","280621","200","200","0.0000","2021-06-30","2024-04-24"
"A","55","22001IC04105136H","160522","225","75","150","2022-05-20","2025-04-29"
"A","55","22001IC05023281X","260922","225","73","152","2022-09-26","2025-02-26"
"A","55","23001IC04049866C","280323","267","40","227","2023-03-30","2024-09-27"
"A","55","23001IC04174792W","181023","228","43","185","2023-10-27","2024-12-10"
"A","56","11001IC04199085V","61011","100","102","-2","2011-10-11","2012-04-13"
"A","56","11001IC04236558S","231111","138","139","-1","2011-11-29","2013-02-22"
"A","56","16001IC04087468E","80916","202","206","-4","2016-09-12","2017-02-13"
"A","56","17001IC04058927D","290317","285","286","-1","2017-04-04","2018-01-11"
"A","56","17001IC04180892A","80917","268","268","0.0000","2017-09-15","2018-10-04"
"A","56","18001IC04080837W","90418","210","210","0.0000","2018-04-13","2019-09-24"
"A","56","19001IC04015932R","240119","222","222","0.0000","2019-01-28","2020-11-04"
"A","56","19001IC04158500Z","60919","212","212","0.0000","2019-09-11","2021-08-03"
"A","56","20001IC04111282E","200720","228","228","0.0000","2020-07-23","2023-02-27"
"A","56","20001IC04173188R","221020","100","100","0.0000","2020-10-28","2023-02-23"
"A","56","20001IC04192939W","181120","227","227","0.0000","2020-11-24","2024-04-17"
"A","56","21001IC04054806N","190321","200","197","3","2021-03-23","2025-02-04"
"A","56","21001IC04161492N","240821","200","200","0.0000","2021-08-30","2024-04-25"
"A","56","21001IC04245806P","131221","225","25","200","2021-12-17","2024-09-16"
"A","56","21001IC05014592M","280621","192","192","0.0000","2021-06-30","2025-04-22"
"A","56","22001IC04105136H","160522","229","97","132","2022-05-20","2024-10-16"
"A","56","22001IC05023281X","260922","225","14","211","2022-09-26","2024-09-18"
"A","56","23001IC04049866C","280323","250","22","228","2023-03-30","2023-05-17"
"A","56","23001IC04174792W","181023","227","57","170","2023-10-27","2025-02-26"
"A","57","11001IC04236558S","231111","140","140","0.0000","2011-11-29","2012-11-19"
"A","57","16001IC04087468E","80916","205","206","-1","2016-09-12","2017-04-28"
"A","57","17001IC04058927D","290317","298","299","-1","2017-04-04","2018-05-29"
"A","57","17001IC04180892A","80917","266","266","0.0000","2017-09-15","2019-11-19"
"A","57","18001IC04080837W","90418","209","209","0.0000","2018-04-13","2021-02-05"
"A","57","19001IC04015932R","240119","200","200","0.0000","2019-01-28","2023-03-23"
"A","57","19001IC04158500Z","60919","300","85","215","2019-09-11","2025-02-11"
"A","57","20001IC04111282E","200720","228","174","54","2020-07-23","2025-04-03"
"A","57","20001IC04173188R","221020","100","100","0.0000","2020-10-28","2022-03-07"
"A","57","20001IC04192939W","181120","211","78","133","2020-11-24","2022-09-13"
"A","57","21001IC04054806N","190321","200","200","0.0000","2021-03-23","2024-08-08"
"A","57","21001IC04161492N","240821","200","142","58","2021-08-30","2025-02-25"
"A","57","21001IC04245806P","131221","225","47","178","2021-12-17","2025-01-13"
"A","57","21001IC05014592M","280621","196","95","101","2021-06-30","2025-02-07"
"A","57","22001IC04105136H","160522","230","90","140","2022-05-20","2024-11-22"
"A","57","22001IC05023281X","260922","225","80","145","2022-09-26","2025-02-12"
"A","57","23001IC04049866C","280323","400","71","329","2023-03-30","2025-02-26"
"A","57","23001IC04174792W","181023","380","18","362","2023-10-27","2024-06-06"
"A","58","11001IC04236558S","231111","154","154","0.0000","2011-11-29","2012-07-06"
"A","58","16001IC04087468E","80916","210","210","0.0000","2016-09-12","2017-11-02"
"A","58","17001IC04058927D","290317","300","300","0.0000","2017-04-04","2018-08-17"
"A","58","17001IC04180892A","80917","264","264","0.0000","2017-09-15","2019-10-15"
"A","58","18001IC04080837W","90418","210","210","0.0000","2018-04-13","2022-03-07"
"A","58","19001IC04015932R","240119","178","178","0.0000","2019-01-28","2024-03-05"
"A","58","19001IC04158500Z","60919","241","142","99","2019-09-11","2025-03-28"
"A","58","20001IC04111282E","200720","228","99","129","2020-07-23","2024-04-19"
"A","58","20001IC04173188R","221020","100","100","0.0000","2020-10-28","2024-08-22"
"A","58","20001IC04192939W","181120","226","119","107","2020-11-24","2022-09-14"
"A","58","21001IC04054806N","190321","190","189","1","2021-03-23","2024-06-13"
"A","58","21001IC04161492N","240821","200","92","108","2021-08-30","2024-11-07"
"A","58","21001IC04245806P","131221","225","72","153","2021-12-17","2024-12-09"
"A","58","21001IC05014592M","280621","200","99","101","2021-06-30","2025-03-19"
"A","58","22001IC04105136H","160522","225","55","170","2022-05-20","2025-04-03"
"A","58","22001IC05023281X","260922","225","42","183","2022-09-26","2024-11-22"
"A","58","23001IC04049866C","280323","250","80","170","2023-03-30","2025-02-11"
"A","58","23001IC04174792W","181023","228","38","190","2023-10-27","2025-04-24"
"A","59","11001IC04199085V","61011","104","104","0.0000","2011-10-11","2011-10-17"
"A","59","11001IC04236558S","231111","153","155","-2","2011-11-29","2012-10-10"
"A","59","16001IC04087468E","80916","205","206","-1","2016-09-12","2017-06-27"
"A","59","17001IC04058927D","290317","255","255","0.0000","2017-04-04","2018-11-28"
"A","59","17001IC04180892A","80917","266","266","0.0000","2017-09-15","2021-11-30"
"A","59","18001IC04080837W","90418","206","206","0.0000","2018-04-13","2023-05-12"
"A","59","19001IC04015932R","240119","274","274","0.0000","2019-01-28","2024-07-18"
"A","59","19001IC04158500Z","60919","148","37","111","2019-09-11","2025-03-28"
"A","59","20001IC04111282E","200720","231","128","103","2020-07-23","2021-12-16"
"A","59","20001IC04173188R","221020","100","100","0.0000","2020-10-28","2023-02-27"
"A","59","20001IC04192939W","181120","234","30","204","2020-11-24","2022-07-19"
"A","59","21001IC04054806N","190321","175","175","0.0000","2021-03-23","2024-10-29"
"A","59","21001IC04161492N","240821","175","170","5","2021-08-30","2025-01-29"
"A","59","21001IC04245806P","131221","225","80","145","2021-12-17","2024-10-29"
"A","59","21001IC05014592M","280621","175","72","103","2021-06-30","2025-01-29"
"A","59","22001IC04105136H","160522","225","19","206","2022-05-20","2024-10-04"
"A","59","22001IC05023281X","260922","225","48","177","2022-09-26","2024-04-16"
"A","59","23001IC04049866C","280323","200","16","184","2023-03-30","2024-11-22"
"A","59","23001IC04174792W","181023","228","42","186","2023-10-27","2025-02-12"
"A","60","11001IC04199085V","61011","360","360","0.0000","2011-10-11","2012-10-24"
"A","60","11001IC04236558S","231111","155","162","-7","2011-11-29","2012-12-17"
"A","60","16001IC04087468E","80916","207","207","0.0000","2016-09-12","2017-02-10"
"A","60","17001IC04058927D","290317","514","514","0.0000","2017-04-04","2019-07-22"
"A","60","17001IC04180892A","80917","205","206","-1","2017-09-15","2021-02-22"
"A","60","18001IC04080837W","90418","210","210","0.0000","2018-04-13","2022-09-26"
"A","60","19001IC04015932R","240119","148","148","0.0000","2019-01-28","2023-01-18"
"A","60","19001IC04158500Z","60919","148","148","0.0000","2019-09-11","2024-01-25"
"A","60","20001IC04111282E","200720","152","152","0.0000","2020-07-23","2024-03-05"
"A","60","20001IC04173188R","221020","100","100","0.0000","2020-10-28","2024-05-21"
"A","60","20001IC04192939W","181120","152","39","113","2020-11-24","2022-09-05"
"A","60","21001IC04054806N","190321","175","151","24","2021-03-23","2025-04-29"
"A","60","21001IC04161492N","240821","175","175","0.0000","2021-08-30","2024-04-23"
"A","60","21001IC04245806P","131221","225","67","158","2021-12-17","2024-07-10"
"A","60","21001IC05014592M","280621","179","181","-2","2021-06-30","2025-03-19"
"A","60","22001IC04105136H","160522","222","65","157","2022-05-20","2025-04-03"
"A","60","22001IC05023281X","260922","225","9","216","2022-09-26","2025-04-03"
"A","60","23001IC04049866C","280323","200","82","118","2023-03-30","2024-08-22"
"A","60","23001IC04174792W","181023","228","13","215","2023-10-27","2024-11-22"
"A","61","11001IC04199085V","61011","154","154","0.0000","2011-10-11","2012-07-26"
"A","61","11001IC04236558S","231111","206","209","-3","2011-11-29","2014-02-18"
"A","61","16001IC04087468E","80916","204","207","-3","2016-09-12","2017-06-29"
"A","61","17001IC04180892A","80917","200","200","0.0000","2017-09-15","2018-04-05"
"A","61","18001IC04080837W","90418","89","89","0.0000","2018-04-13","2018-11-20"
"A","61","19001IC04015932R","240119","147","147","0.0000","2019-01-28","2020-08-24"
"A","61","19001IC04158500Z","60919","144","144","0.0000","2019-09-11","2021-03-30"
"A","61","20001IC04111282E","200720","152","152","0.0000","2020-07-23","2022-03-17"
"A","61","20001IC04173188R","221020","50","50","0.0000","2020-10-28","2022-10-06"
"A","61","20001IC04192939W","181120","152","152","0.0000","2020-11-24","2022-11-10"
"A","61","21001IC04054806N","190321","175","173","2","2021-03-23","2024-03-14"
"A","61","21001IC04161492N","240821","175","176","-1","2021-08-30","2025-03-19"
"A","61","21001IC04245806P","131221","225","30","195","2021-12-17","2025-04-22"
"A","61","21001IC05014592M","280621","175","173","2","2021-06-30","2025-01-29"
"A","61","22001IC04105136H","160522","233","82","151","2022-05-20","2025-02-28"
"A","61","22001IC05023281X","260922","225","15","210","2022-09-26","2024-04-16"
"A","61","23001IC04049866C","280323","200","40","160","2023-03-30","2025-01-07"
"A","61","23001IC04174792W","181023","228","9","219","2023-10-27","2025-02-26"
"A","62","11001IC04199085V","61011","252","253","-1","2011-10-11","2012-08-09"
"A","62","11001IC04236558S","231111","153","154","-1","2011-11-29","2013-07-12"
"A","62","16001IC04087468E","80916","204","206","-2","2016-09-12","2017-03-31"
"A","62","17001IC04180892A","80917","209","209","0.0000","2017-09-15","2018-05-21"
"A","62","18001IC04080837W","90418","120","120","0.0000","2018-04-13","2019-03-08"
"A","62","19001IC04015932R","240119","150","150","0.0000","2019-01-28","2021-04-06"
"A","62","19001IC04158500Z","60919","148","148","0.0000","2019-09-11","2021-08-24"
"A","62","20001IC04111282E","200720","152","152","0.0000","2020-07-23","2022-10-28"
"A","62","20001IC04173188R","221020","50","50","0.0000","2020-10-28","2022-01-27"
"A","62","20001IC04192939W","181120","152","152","0.0000","2020-11-24","2023-01-30"
"A","62","21001IC04054806N","190321","175","170","5","2021-03-23","2024-08-22"
"A","62","21001IC04161492N","240821","175","93","82","2021-08-30","2025-04-23"
"A","62","21001IC04245806P","131221","226","36","190","2021-12-17","2023-11-13"
"A","62","21001IC05014592M","280621","175","171","4","2021-06-30","2025-04-04"
"A","62","22001IC04105136H","160522","225","96","129","2022-05-20","2025-01-27"
"A","62","22001IC05023281X","260922","225","18","207","2022-09-26","2024-11-06"
"A","62","23001IC04049866C","280323","200","13","187","2023-03-30","2025-02-26"
"A","62","23001IC04174792W","181023","227","45","182","2023-10-27","2025-01-20"
"A","63","11001IC04199085V","61011","206","206","0.0000","2011-10-11","2012-03-28"
"A","63","11001IC04236558S","231111","96","97","-1","2011-11-29","2012-09-26"
"A","63","16001IC04087468E","80916","205","206","-1","2016-09-12","2017-06-07"
"A","63","17001IC04180892A","80917","210","210","0.0000","2017-09-15","2019-07-05"
"A","63","18001IC04080837W","90418","89","89","0.0000","2018-04-13","2020-08-24"
"A","63","19001IC04015932R","240119","148","149","-1","2019-01-28","2021-08-24"
"A","63","19001IC04158500Z","60919","148","149","-1","2019-09-11","2025-03-13"
"A","63","20001IC04111282E","200720","76","76","0.0000","2020-07-23","2021-12-13"
"A","63","20001IC04173188R","221020","50","50","0.0000","2020-10-28","2022-01-18"
"A","63","20001IC04192939W","181120","76","76","0.0000","2020-11-24","2024-01-22"
"A","63","21001IC04054806N","190321","150","70","80","2021-03-23","2025-03-12"
"A","63","21001IC04161492N","240821","150","150","0.0000","2021-08-30","2023-09-01"
"A","63","21001IC04245806P","131221","225","52","173","2021-12-17","2024-01-15"
"A","63","21001IC05014592M","280621","155","152","3","2021-06-30","2025-02-21"
"A","63","22001IC04105136H","160522","225","42","183","2022-05-20","2025-04-08"
"A","63","22001IC05023281X","260922","221","27","194","2022-09-26","2024-01-24"
"A","63","23001IC04049866C","280323","200","28","172","2023-03-30","2025-04-03"
"A","63","23001IC04174792W","181023","228","35","193","2023-10-27","2025-01-07"
"A","64","11001IC04199085V","61011","256","258","-2","2011-10-11","2012-10-16"
"A","64","11001IC04236558S","231111","140","140","0.0000","2011-11-29","2013-02-14"
"A","64","16001IC04087468E","80916","205","207","-2","2016-09-12","2017-05-02"
"A","64","17001IC04180892A","80917","208","208","0.0000","2017-09-15","2018-11-26"
"A","64","18001IC04080837W","90418","110","110","0.0000","2018-04-13","2019-11-01"
"A","64","19001IC04015932R","240119","148","150","-2","2019-01-28","2021-02-18"
"A","64","19001IC04158500Z","60919","148","148","0.0000","2019-09-11","2023-02-02"
"A","64","20001IC04111282E","200720","151","152","-1","2020-07-23","2024-05-02"
"A","64","20001IC04173188R","221020","50","51","-1","2020-10-28","2023-06-14"
"A","64","20001IC04192939W","181120","76","76","0.0000","2020-11-24","2022-12-28"
"A","64","21001IC04054806N","190321","150","99","51","2021-03-23","2025-04-16"
"A","64","21001IC04161492N","240821","152","52","100","2021-08-30","2025-01-21"
"A","64","21001IC04245806P","131221","225","84","141","2021-12-17","2024-11-22"
"A","64","21001IC05014592M","280621","150","152","-2","2021-06-30","2024-04-10"
"A","64","22001IC04105136H","160522","225","39","186","2022-05-20","2024-12-19"
"A","64","22001IC05023281X","260922","225","94","131","2022-09-26","2025-04-03"
"A","64","23001IC04049866C","280323","200","17","183","2023-03-30","2023-11-24"
"A","64","23001IC04174792W","181023","228","76","152","2023-10-27","2025-02-26"
"A","65","11001IC04199085V","61011","203","203","0.0000","2011-10-11","2012-11-01"
"A","65","11001IC04236558S","231111","101","105","-4","2011-11-29","2013-01-28"
"A","65","16001IC04087468E","80916","205","206","-1","2016-09-12","2017-04-24"
"A","65","17001IC04180892A","80917","210","210","0.0000","2017-09-15","2019-01-03"
"A","65","18001IC04080837W","90418","120","120","0.0000","2018-04-13","2019-10-16"
"A","65","19001IC04015932R","240119","148","148","0.0000","2019-01-28","2022-02-08"
"A","65","19001IC04158500Z","60919","148","148","0.0000","2019-09-11","2022-12-15"
"A","65","20001IC04111282E","200720","75","75","0.0000","2020-07-23","2023-01-18"
"A","65","20001IC04173188R","221020","50","50","0.0000","2020-10-28","2021-12-13"
"A","65","20001IC04192939W","181120","75","75","0.0000","2020-11-24","2025-03-20"
"A","65","21001IC04054806N","190321","150","150","0.0000","2021-03-23","2023-07-19"
"A","65","21001IC04161492N","240821","152","150","2","2021-08-30","2024-07-04"
"A","65","21001IC04245806P","131221","225","87","138","2021-12-17","2023-10-03"
"A","65","21001IC05014592M","280621","150","156","-6","2021-06-30","2025-02-07"
"A","65","22001IC04105136H","160522","225","56","169","2022-05-20","2024-11-22"
"A","65","22001IC05023281X","260922","225","31","194","2022-09-26","2023-02-01"
"A","65","23001IC04049866C","280323","200","112","88","2023-03-30","2025-02-18"
"A","65","23001IC04174792W","181023","228","0.0000","228","2023-10-27","2023-10-27"
"A","66","11001IC04199085V","61011","255","260","-5","2011-10-11","2012-12-21"
"A","66","16001IC04087468E","80916","205","208","-3","2016-09-12","2017-06-29"
"A","66","17001IC04180892A","80917","120","120","0.0000","2017-09-15","2018-07-27"
"A","66","18001IC04080837W","90418","88","88","0.0000","2018-04-13","2019-02-06"
"A","66","19001IC04015932R","240119","148","148","0.0000","2019-01-28","2021-02-25"
"A","66","19001IC04158500Z","60919","221","221","0.0000","2019-09-11","2024-03-04"
"A","66","20001IC04111282E","200720","140","140","0.0000","2020-07-23","2023-06-30"
"A","66","20001IC04173188R","221020","50","50","0.0000","2020-10-28","2021-11-30"
"A","66","20001IC04192939W","181120","73","73","0.0000","2020-11-24","2024-04-19"
"A","66","21001IC04054806N","190321","150","149","1","2021-03-23","2024-12-09"
"A","66","21001IC04161492N","240821","150","149","1","2021-08-30","2025-02-25"
"A","66","21001IC04245806P","131221","75","75","0.0000","2021-12-17","2024-01-15"
"A","66","21001IC05014592M","280621","150","87","63","2021-06-30","2025-04-14"
"A","66","22001IC04105136H","160522","225","17","208","2022-05-20","2023-03-13"
"A","66","22001IC05023281X","260922","75","75","0.0000","2022-09-26","2024-06-25"
"A","66","23001IC04049866C","280323","100","99","1","2023-03-30","2025-01-03"
"A","66","23001IC04174792W","181023","76","77","-1","2023-10-27","2025-02-26"
"A","67","11001IC04199085V","61011","254","255","-1","2011-10-11","2012-09-05"
"A","67","16001IC04087468E","80916","203","204","-1","2016-09-12","2017-07-31"
"A","67","17001IC04180892A","80917","119","119","0.0000","2017-09-15","2018-08-09"
"A","67","18001IC04080837W","90418","90","90","0.0000","2018-04-13","2019-02-05"
"A","67","19001IC04015932R","240119","183","183","0.0000","2019-01-28","2021-08-24"
"A","67","19001IC04158500Z","60919","111","111","0.0000","2019-09-11","2022-03-08"
"A","67","20001IC04192939W","181120","76","76","0.0000","2020-11-24","2022-09-30"
"A","67","21001IC04054806N","190321","157","157","0.0000","2021-03-23","2023-07-04"
"A","67","21001IC04161492N","240821","150","149","1","2021-08-30","2024-12-13"
"A","67","21001IC04245806P","131221","78","78","0.0000","2021-12-17","2025-02-11"
"A","67","21001IC05014592M","280621","150","105","45","2021-06-30","2025-04-22"
"A","67","22001IC04105136H","160522","75","75","0.0000","2022-05-20","2023-11-28"
"A","67","22001IC05023281X","260922","75","76","-1","2022-09-26","2024-10-09"
"A","68","11001IC04199085V","61011","254","255","-1","2011-10-11","2012-11-01"
"A","68","16001IC04087468E","80916","203","204","-1","2016-09-12","2018-04-04"
"A","68","17001IC04180892A","80917","117","118","-1","2017-09-15","2018-07-30"
"A","68","18001IC04080837W","90418","85","85","0.0000","2018-04-13","2018-11-15"
"A","68","19001IC04015932R","240119","148","148","0.0000","2019-01-28","2022-10-27"
"A","68","19001IC04158500Z","60919","111","113","-2","2019-09-11","2021-02-18"
"A","68","20001IC04111282E","200720","146","146","0.0000","2020-07-23","2021-11-10"
"A","68","20001IC04173188R","221020","50","50","0.0000","2020-10-28","2022-12-19"
"A","68","20001IC04192939W","181120","70","70","0.0000","2020-11-24","2022-09-28"
"A","68","21001IC04054806N","190321","75","75","0.0000","2021-03-23","2022-10-18"
"A","68","21001IC04161492N","240821","76","76","0.0000","2021-08-30","2023-01-04"
"A","68","21001IC04245806P","131221","75","75","0.0000","2021-12-17","2023-08-08"
"A","68","21001IC05014592M","280621","75","76","-1","2021-06-30","2023-03-01"
"A","68","22001IC04105136H","160522","75","75","0.0000","2022-05-20","2024-04-04"
"A","68","23001IC04049866C","280323","100","100","0.0000","2023-03-30","2024-10-16"
"A","68","23001IC04174792W","181023","76","76","0.0000","2023-10-27","2024-02-19"
"A","69","11001IC04199085V","61011","151","152","-1","2011-10-11","2012-07-19"
"A","69","16001IC04087468E","80916","200","201","-1","2016-09-12","2017-07-26"
"A","69","17001IC04180892A","80917","120","120","0.0000","2017-09-15","2018-07-10"
"A","69","18001IC04080837W","90418","89","89","0.0000","2018-04-13","2019-07-17"
"A","69","19001IC04015932R","240119","144","144","0.0000","2019-01-28","2021-01-15"
"A","69","19001IC04158500Z","60919","111","111","0.0000","2019-09-11","2021-09-24"
"A","69","20001IC04192939W","181120","76","76","0.0000","2020-11-24","2022-10-27"
"A","69","21001IC04054806N","190321","76","76","0.0000","2021-03-23","2022-11-28"
"A","69","21001IC04161492N","240821","75","75","0.0000","2021-08-30","2023-05-08"
"A","69","21001IC04245806P","131221","75","75","0.0000","2021-12-17","2023-11-08"
"A","69","21001IC05014592M","280621","75","84","-9","2021-06-30","2024-07-15"
"A","69","22001IC04105136H","160522","78","79","-1","2022-05-20","2024-11-22"
"A","70","11001IC04199085V","61011","208","209","-1","2011-10-11","2013-01-15"
"A","70","16001IC04087468E","80916","209","212","-3","2016-09-12","2017-09-07"
"A","70","17001IC04180892A","80917","118","118","0.0000","2017-09-15","2019-01-03"
"A","70","18001IC04080837W","90418","93","93","0.0000","2018-04-13","2019-10-03"
"A","70","19001IC04015932R","240119","99","99","0.0000","2019-01-28","2020-02-07"
"A","70","19001IC04158500Z","60919","109","109","0.0000","2019-09-11","2021-03-22"
"A","70","20001IC04111282E","200720","152","152","0.0000","2020-07-23","2022-03-15"
"A","70","20001IC04192939W","181120","75","75","0.0000","2020-11-24","2022-06-28"
"A","70","21001IC04054806N","190321","50","50","0.0000","2021-03-23","2022-10-17"
"A","70","21001IC04161492N","240821","50","50","0.0000","2021-08-30","2023-02-16"
"A","70","21001IC04245806P","131221","50","50","0.0000","2021-12-17","2023-10-05"
"A","70","21001IC05014592M","280621","52","52","0.0000","2021-06-30","2023-07-14"
"A","70","22001IC04105136H","160522","75","75","0.0000","2022-05-20","2023-11-28"
"A","70","23001IC04049866C","280323","100","108","-8","2023-03-30","2024-07-15"
"A","70","23001IC04174792W","181023","72","72","0.0000","2023-10-27","2024-02-22"
"A","71","11001IC04199085V","61011","53","53","0.0000","2011-10-11","2011-10-17"
"A","71","16001IC04087468E","80916","202","203","-1","2016-09-12","2017-08-25"
"A","71","17001IC04180892A","80917","119","120","-1","2017-09-15","2018-03-13"
"A","71","18001IC04080837W","90418","120","120","0.0000","2018-04-13","2019-01-30"
"A","71","19001IC04015932R","240119","100","100","0.0000","2019-01-28","2019-08-29"
"A","71","19001IC04158500Z","60919","104","110","-6","2019-09-11","2020-11-02"
"A","71","20001IC04192939W","181120","66","66","0.0000","2020-11-24","2021-05-07"
"A","71","21001IC04054806N","190321","50","50","0.0000","2021-03-23","2022-02-02"
"A","71","21001IC04161492N","240821","48","48","0.0000","2021-08-30","2022-01-18"
"A","71","21001IC04245806P","131221","50","50","0.0000","2021-12-17","2022-11-01"
"A","71","21001IC05014592M","280621","50","50","0.0000","2021-06-30","2022-02-15"
"A","71","22001IC04105136H","160522","50","51","-1","2022-05-20","2022-11-03"
"A","72","11001IC04199085V","61011","52","52","0.0000","2011-10-11","2011-10-17"
"A","72","16001IC04087468E","80916","204","205","-1","2016-09-12","2017-08-30"
"A","72","17001IC04180892A","80917","119","119","0.0000","2017-09-15","2018-02-28"
"A","72","18001IC04080837W","90418","60","60","0.0000","2018-04-13","2019-01-11"
"A","72","19001IC04015932R","240119","100","100","0.0000","2019-01-28","2020-01-30"
"A","72","19001IC04158500Z","60919","103","103","0.0000","2019-09-11","2021-04-06"
"A","72","20001IC04111282E","200720","151","151","0.0000","2020-07-23","2021-08-18"
"A","72","20001IC04192939W","181120","71","71","0.0000","2020-11-24","2022-02-21"
"A","72","21001IC04054806N","190321","52","54","-2","2021-03-23","2022-08-25"
"A","72","21001IC04161492N","240821","50","50","0.0000","2021-08-30","2022-09-05"
"A","72","21001IC04245806P","131221","50","50","0.0000","2021-12-17","2023-04-13"
"A","72","21001IC05014592M","280621","50","50","0.0000","2021-06-30","2022-11-22"
"A","72","22001IC04105136H","160522","50","50","0.0000","2022-05-20","2023-03-09"
"A","72","23001IC04049866C","280323","100","101","-1","2023-03-30","2023-09-28"
"A","72","23001IC04174792W","181023","76","76","0.0000","2023-10-27","2024-01-19"
"A","73","11001IC04199085V","61011","52","52","0.0000","2011-10-11","2011-10-17"
"A","73","16001IC04087468E","80916","204","205","-1","2016-09-12","2018-03-01"
"A","73","17001IC04180892A","80917","118","118","0.0000","2017-09-15","2018-11-27"
"A","73","18001IC04080837W","90418","90","90","0.0000","2018-04-13","2021-01-27"
"A","73","19001IC04015932R","240119","98","99","-1","2019-01-28","2022-01-18"
"A","73","19001IC04158500Z","60919","105","105","0.0000","2019-09-11","2021-08-10"
"A","73","20001IC04192939W","181120","76","76","0.0000","2020-11-24","2021-11-30"
"A","73","21001IC04054806N","190321","50","50","0.0000","2021-03-23","2022-06-28"
"A","73","21001IC04161492N","240821","50","50","0.0000","2021-08-30","2022-08-24"
"A","73","21001IC04245806P","131221","50","50","0.0000","2021-12-17","2022-10-12"
"A","73","21001IC05014592M","280621","50","50","0.0000","2021-06-30","2023-04-20"
"A","73","22001IC04105136H","160522","50","50","0.0000","2022-05-20","2023-04-10"
"A","74","11001IC04199085V","61011","52","52","0.0000","2011-10-11","2011-10-17"
"A","74","16001IC04087468E","80916","199","199","0.0000","2016-09-12","2017-10-09"
"A","74","17001IC04180892A","80917","120","120","0.0000","2017-09-15","2018-09-12"
"A","74","18001IC04080837W","90418","105","105","0.0000","2018-04-13","2019-06-19"
"A","74","19001IC04015932R","240119","110","110","0.0000","2019-01-28","2020-12-01"
"A","74","19001IC04158500Z","60919","99","99","0.0000","2019-09-11","2021-09-27"
"A","74","20001IC04111282E","200720","141","141","0.0000","2020-07-23","2022-11-28"
"A","74","20001IC04192939W","181120","76","76","0.0000","2020-11-24","2023-05-23"
"A","74","21001IC04054806N","190321","50","51","-1","2021-03-23","2024-10-23"
"A","74","21001IC04161492N","240821","50","50","0.0000","2021-08-30","2024-07-25"
"A","74","21001IC04245806P","131221","50","54","-4","2021-12-17","2025-02-03"
"A","74","21001IC05014592M","280621","50","54","-4","2021-06-30","2025-02-07"
"A","74","22001IC04105136H","160522","51","50","1","2022-05-20","2024-01-25"
"A","74","23001IC04049866C","280323","100","100","0.0000","2023-03-30","2025-02-11"
"A","74","23001IC04174792W","181023","76","82","-6","2023-10-27","2024-07-16"
"A","75","11001IC04199085V","61011","52","52","0.0000","2011-10-11","2011-10-17"
"A","75","16001IC04087468E","80916","210","211","-1","2016-09-12","2018-04-03"
"A","75","17001IC04180892A","80917","117","117","0.0000","2017-09-15","2018-08-07"
"A","75","18001IC04080837W","90418","83","83","0.0000","2018-04-13","2019-06-19"
"A","75","19001IC04015932R","240119","90","90","0.0000","2019-01-28","2019-10-31"
"A","75","19001IC04158500Z","60919","111","112","-1","2019-09-11","2021-02-22"
"A","75","20001IC04192939W","181120","74","74","0.0000","2020-11-24","2021-09-30"
"A","75","21001IC04054806N","190321","50","50","0.0000","2021-03-23","2022-01-20"
"A","75","21001IC04161492N","240821","50","50","0.0000","2021-08-30","2022-03-15"
"A","75","21001IC04245806P","131221","50","50","0.0000","2021-12-17","2022-10-13"
"A","75","21001IC05014592M","280621","50","50","0.0000","2021-06-30","2022-08-24"
"A","75","22001IC04105136H","160522","50","50","0.0000","2022-05-20","2023-01-26"
"A","76","11001IC04199085V","61011","52","52","0.0000","2011-10-11","2011-10-17"
"A","76","16001IC04087468E","80916","205","205","0.0000","2016-09-12","2018-02-02"
"A","76","17001IC04180892A","80917","119","119","0.0000","2017-09-15","2020-08-21"
"A","76","18001IC04080837W","90418","99","99","0.0000","2018-04-13","2021-02-09"
"A","76","19001IC04015932R","240119","90","90","0.0000","2019-01-28","2024-03-04"
"A","76","19001IC04158500Z","60919","74","74","0.0000","2019-09-11","2022-05-10"
"A","76","20001IC04111282E","200720","154","35","119","2020-07-23","2024-02-19"
"A","76","20001IC04192939W","181120","79","57","22","2020-11-24","2025-02-28"
"A","76","21001IC04054806N","190321","51","51","0.0000","2021-03-23","2024-02-15"
"A","76","21001IC04161492N","240821","50","50","0.0000","2021-08-30","2024-01-23"
"A","76","21001IC04245806P","131221","50","53","-3","2021-12-17","2025-02-03"
"A","76","21001IC05014592M","280621","50","50","0.0000","2021-06-30","2024-12-09"
"A","76","22001IC04105136H","160522","52","52","0.0000","2022-05-20","2024-06-25"
"A","76","23001IC04049866C","280323","100","11","89","2023-03-30","2025-03-27"
"A","76","23001IC04174792W","181023","76","76","0.0000","2023-10-27","2024-12-02"
"A","77","11001IC04199085V","61011","52","52","0.0000","2011-10-11","2011-10-17"
"A","77","16001IC04087468E","80916","204","204","0.0000","2016-09-12","2018-11-28"
"A","77","17001IC04180892A","80917","119","119","0.0000","2017-09-15","2022-10-17"
"A","77","18001IC04080837W","90418","97","98","-1","2018-04-13","2023-07-19"
"A","77","19001IC04015932R","240119","101","101","0.0000","2019-01-28","2024-12-20"
"A","77","19001IC04158500Z","60919","74","75","-1","2019-09-11","2025-03-19"
"A","77","20001IC04192939W","181120","75","75","0.0000","2020-11-24","2024-11-22"
"A","77","21001IC04054806N","190321","50","50","0.0000","2021-03-23","2024-03-25"
"A","77","21001IC04161492N","240821","50","10","40","2021-08-30","2023-11-14"
"A","77","21001IC04245806P","131221","50","31","19","2021-12-17","2025-04-28"
"A","77","21001IC05014592M","280621","50","50","0.0000","2021-06-30","2024-01-30"
"A","77","22001IC04105136H","160522","50","49","1","2022-05-20","2024-04-19"
"A","78","11001IC04199085V","61011","50","50","0.0000","2011-10-11","2011-10-17"
"A","78","16001IC04087468E","80916","205","205","0.0000","2016-09-12","2018-08-28"
"A","78","17001IC04180892A","80917","100","100","0.0000","2017-09-15","2022-01-20"
"A","78","18001IC04080837W","90418","104","104","0.0000","2018-04-13","2022-04-21"
"A","78","19001IC04015932R","240119","100","99","1","2019-01-28","2023-11-14"
"A","78","19001IC04158500Z","60919","50","50","0.0000","2019-09-11","2022-07-11"
"A","78","20001IC04111282E","200720","148","93","55","2020-07-23","2025-03-28"
"A","78","20001IC04192939W","181120","76","75","1","2020-11-24","2025-02-25"
"A","78","21001IC04054806N","190321","50","51","-1","2021-03-23","2024-02-09"
"A","78","21001IC04161492N","240821","50","50","0.0000","2021-08-30","2023-05-17"
"A","78","21001IC04245806P","131221","50","49","1","2021-12-17","2024-08-09"
"A","78","21001IC05014592M","280621","50","50","0.0000","2021-06-30","2024-01-30"
"A","78","22001IC04105136H","160522","52","52","0.0000","2022-05-20","2024-04-17"
"A","78","23001IC04049866C","280323","100","59","41","2023-03-30","2025-04-29"
"A","78","23001IC04174792W","181023","76","11","65","2023-10-27","2024-09-27"
"A","79","11001IC04199085V","61011","51","51","0.0000","2011-10-11","2011-10-17"
"A","79","16001IC04087468E","80916","203","203","0.0000","2016-09-12","2018-12-11"
"A","79","17001IC04180892A","80917","104","104","0.0000","2017-09-15","2021-05-31"
"A","79","18001IC04080837W","90418","104","103","1","2018-04-13","2025-04-22"
"A","79","19001IC04015932R","240119","100","100","0.0000","2019-01-28","2025-04-22"
"A","79","19001IC04158500Z","60919","50","50","0.0000","2019-09-11","2022-10-03"
"A","79","20001IC04192939W","181120","76","77","-1","2020-11-24","2025-02-03"
"A","79","21001IC04054806N","190321","52","52","0.0000","2021-03-23","2024-11-22"
"A","79","21001IC04161492N","240821","50","49","1","2021-08-30","2024-09-16"
"A","79","21001IC04245806P","131221","50","50","0.0000","2021-12-17","2024-01-15"
"A","79","21001IC05014592M","280621","50","34","16","2021-06-30","2025-04-01"
"A","79","22001IC04105136H","160522","50","50","0.0000","2022-05-20","2024-09-23"
"A","79","22001IC05023281X","260922","50","6","44","2022-09-26","2024-09-16"
"A","80","11001IC04199085V","61011","51","51","0.0000","2011-10-11","2011-10-17"
"A","80","16001IC04087468E","80916","210","210","0.0000","2016-09-12","2019-04-23"
"A","80","17001IC04180892A","80917","100","100","0.0000","2017-09-15","2021-10-04"
"A","80","18001IC04080837W","90418","104","104","0.0000","2018-04-13","2022-10-12"
"A","80","19001IC04015932R","240119","100","82","18","2019-01-28","2024-11-12"
"A","80","19001IC04158500Z","60919","50","20","30","2019-09-11","2021-11-24"
"A","80","20001IC04111282E","200720","75","30","45","2020-07-23","2022-03-03"
"A","80","20001IC04192939W","181120","75","44","31","2020-11-24","2025-02-26"
"A","80","21001IC04054806N","190321","52","51","1","2021-03-23","2024-12-16"
"A","80","21001IC04161492N","240821","50","21","29","2021-08-30","2024-11-21"
"A","80","21001IC04245806P","131221","50","50","0.0000","2021-12-17","2025-02-03"
"A","80","21001IC05014592M","280621","50","50","0.0000","2021-06-30","2024-08-22"
"A","80","22001IC04105136H","160522","50","50","0.0000","2022-05-20","2024-01-05"
"A","80","22001IC05023281X","260922","50","50","0.0000","2022-09-26","2024-07-23"
"A","80","23001IC04049866C","280323","100","0.0000","100","2023-03-30","2023-03-30"
"A","80","23001IC04174792W","181023","76","6","70","2023-10-27","2024-07-10"
"A","81","11001IC04199085V","61011","52","52","0.0000","2011-10-11","2011-10-17"
"A","81","16001IC04087468E","80916","105","105","0.0000","2016-09-12","2019-01-11"
"A","81","18001IC04080837W","90418","105","105","0.0000","2018-04-13","2022-03-21"
"A","81","19001IC04015932R","240119","100","100","0.0000","2019-01-28","2021-11-18"
"A","81","19001IC04158500Z","60919","74","72","2","2019-09-11","2023-02-07"
"A","81","20001IC04192939W","181120","75","73","2","2020-11-24","2024-06-06"
"A","81","21001IC04054806N","190321","52","47","5","2021-03-23","2025-01-13"
"A","81","21001IC04161492N","240821","50","50","0.0000","2021-08-30","2024-11-27"
"A","81","21001IC04245806P","131221","50","25","25","2021-12-17","2025-01-16"
"A","81","21001IC05014592M","280621","50","6","44","2021-06-30","2023-07-04"
"A","81","22001IC04105136H","160522","50","18","32","2022-05-20","2024-07-31"
"A","81","22001IC05023281X","260922","52","40","12","2022-09-26","2025-02-26"
"A","82","11001IC04199085V","61011","51","51","0.0000","2011-10-11","2011-10-17"
"A","82","16001IC04087468E","80916","105","106","-1","2016-09-12","2017-12-01"
"A","82","17001IC04180892A","80917","104","104","0.0000","2017-09-15","2018-07-24"
"A","82","18001IC04080837W","90418","105","105","0.0000","2018-04-13","2021-05-10"
"A","82","19001IC04015932R","240119","100","100","0.0000","2019-01-28","2023-01-26"
"A","82","19001IC04158500Z","60919","74","74","0.0000","2019-09-11","2024-09-27"
"A","82","20001IC04111282E","200720","76","35","41","2020-07-23","2022-09-21"
"A","82","21001IC04054806N","190321","50","50","0.0000","2021-03-23","2024-01-30"
"A","82","21001IC04161492N","240821","50","50","0.0000","2021-08-30","2023-04-13"
"A","82","21001IC04245806P","131221","50","39","11","2021-12-17","2025-04-29"
"A","82","21001IC05014592M","280621","50","51","-1","2021-06-30","2025-03-19"
"A","82","22001IC04105136H","160522","50","50","0.0000","2022-05-20","2025-02-26"
"A","82","22001IC05023281X","260922","50","18","32","2022-09-26","2024-11-21"
"A","82","23001IC04049866C","280323","60","21","39","2023-03-30","2024-01-31"
"A","82","23001IC04174792W","181023","76","16","60","2023-10-27","2024-07-10"
"A","83","16001IC04087468E","80916","105","106","-1","2016-09-12","2017-11-30"
"A","83","18001IC04080837W","90418","100","100","0.0000","2018-04-13","2019-11-13"
"A","83","19001IC04015932R","240119","100","100","0.0000","2019-01-28","2022-02-17"
"A","83","19001IC04158500Z","60919","73","73","0.0000","2019-09-11","2025-03-20"
"A","83","20001IC04192939W","181120","76","75","1","2020-11-24","2024-06-11"
"A","83","21001IC04054806N","190321","52","52","0.0000","2021-03-23","2022-11-29"
"A","83","21001IC04161492N","240821","50","42","8","2021-08-30","2024-12-20"
"A","83","21001IC04245806P","131221","50","13","37","2021-12-17","2023-02-22"
"A","83","21001IC05014592M","280621","50","5","45","2021-06-30","2024-06-26"
"A","83","22001IC04105136H","160522","50","3","47","2022-05-20","2024-01-30"
"A","83","22001IC05023281X","260922","50","22","28","2022-09-26","2024-09-27"
"A","84","16001IC04087468E","80916","105","107","-2","2016-09-12","2017-08-25"
"A","84","17001IC04180892A","80917","105","105","0.0000","2017-09-15","2019-02-06"
"A","84","18001IC04080837W","90418","112","112","0.0000","2018-04-13","2021-02-25"
"A","84","19001IC04015932R","240119","98","99","-1","2019-01-28","2022-01-20"
"A","84","19001IC04158500Z","60919","74","76","-2","2019-09-11","2022-09-30"
"A","84","20001IC04111282E","200720","76","76","0.0000","2020-07-23","2025-02-11"
"A","84","21001IC04054806N","190321","50","51","-1","2021-03-23","2025-02-11"
"A","84","21001IC04161492N","240821","50","49","1","2021-08-30","2024-10-16"
"A","84","21001IC04245806P","131221","50","50","0.0000","2021-12-17","2025-01-21"
"A","84","21001IC05014592M","280621","50","49","1","2021-06-30","2024-07-23"
"A","84","22001IC04105136H","160522","50","47","3","2022-05-20","2025-04-25"
"A","84","22001IC05023281X","260922","52","52","0.0000","2022-09-26","2024-08-19"
"A","84","23001IC04049866C","280323","60","19","41","2023-03-30","2024-11-22"
"A","84","23001IC04174792W","181023","75","62","13","2023-10-27","2024-11-25"
"A","85","16001IC04087468E","80916","105","105","0.0000","2016-09-12","2018-01-31"
"A","85","18001IC04080837W","90418","105","105","0.0000","2018-04-13","2019-08-30"
"A","85","19001IC04015932R","240119","98","98","0.0000","2019-01-28","2021-11-17"
"A","85","19001IC04158500Z","60919","73","73","0.0000","2019-09-11","2022-06-03"
"A","85","20001IC04192939W","181120","76","75","1","2020-11-24","2024-05-31"
"A","85","21001IC04054806N","190321","50","50","0.0000","2021-03-23","2024-04-19"
"A","85","21001IC04161492N","240821","50","50","0.0000","2021-08-30","2024-07-22"
"A","85","21001IC04245806P","131221","50","52","-2","2021-12-17","2025-03-19"
"A","85","21001IC05014592M","280621","50","18","32","2021-06-30","2025-03-28"
"A","85","22001IC04105136H","160522","52","52","0.0000","2022-05-20","2025-02-26"
"A","85","22001IC05023281X","260922","52","51","1","2022-09-26","2024-06-25"
"A","86","16001IC04087468E","80916","105","105","0.0000","2016-09-12","2018-05-02"
"A","86","17001IC04180892A","80917","104","104","0.0000","2017-09-15","2018-07-24"
"A","86","18001IC04080837W","90418","98","98","0.0000","2018-04-13","2021-11-23"
"A","86","19001IC04015932R","240119","98","98","0.0000","2019-01-28","2023-03-09"
"A","86","19001IC04158500Z","60919","51","51","0.0000","2019-09-11","2025-03-07"
"A","86","20001IC04111282E","200720","75","38","37","2020-07-23","2024-07-22"
"A","86","21001IC04054806N","190321","50","45","5","2021-03-23","2024-09-18"
"A","86","21001IC04161492N","240821","50","13","37","2021-08-30","2023-04-20"
"A","86","21001IC04245806P","131221","50","14","36","2021-12-17","2023-12-04"
"A","86","21001IC05014592M","280621","50","49","1","2021-06-30","2025-02-26"
"A","86","22001IC04105136H","160522","50","21","29","2022-05-20","2025-01-28"
"A","86","22001IC05023281X","260922","50","10","40","2022-09-26","2024-06-26"
"A","86","23001IC04049866C","280323","60","12","48","2023-03-30","2024-11-21"
"A","86","23001IC04174792W","181023","76","46","30","2023-10-27","2025-03-27"
"A","87","16001IC04087468E","80916","102","102","0.0000","2016-09-12","2018-02-19"
"A","87","18001IC04080837W","90418","58","58","0.0000","2018-04-13","2019-05-03"
"A","87","19001IC04015932R","240119","100","100","0.0000","2019-01-28","2021-11-30"
"A","87","19001IC04158500Z","60919","74","74","0.0000","2019-09-11","2022-03-21"
"A","87","20001IC04192939W","181120","76","75","1","2020-11-24","2022-07-12"
"A","87","21001IC04054806N","190321","50","50","0.0000","2021-03-23","2023-07-11"
"A","87","21001IC04161492N","240821","50","50","0.0000","2021-08-30","2025-01-29"
"A","87","21001IC04245806P","131221","50","47","3","2021-12-17","2025-03-25"
"A","87","21001IC05014592M","280621","50","51","-1","2021-06-30","2025-01-08"
"A","87","22001IC04105136H","160522","50","50","0.0000","2022-05-20","2024-11-22"
"A","87","22001IC05023281X","260922","50","26","24","2022-09-26","2024-09-16"
"A","88","16001IC04087468E","80916","105","105","0.0000","2016-09-12","2018-01-31"
"A","88","17001IC04180892A","80917","102","102","0.0000","2017-09-15","2020-01-29"
"A","88","18001IC04080837W","90418","105","105","0.0000","2018-04-13","2022-05-31"
"A","88","19001IC04015932R","240119","99","100","-1","2019-01-28","2024-01-29"
"A","88","19001IC04158500Z","60919","74","71","3","2019-09-11","2025-03-20"
"A","88","20001IC04111282E","200720","75","41","34","2020-07-23","2024-04-10"
"A","88","21001IC04054806N","190321","46","46","0.0000","2021-03-23","2023-10-04"
"A","88","21001IC04161492N","240821","52","27","25","2021-08-30","2024-07-16"
"A","88","21001IC04245806P","131221","50","49","1","2021-12-17","2024-10-22"
"A","88","21001IC05014592M","280621","50","50","0.0000","2021-06-30","2025-03-13"
"A","88","22001IC04105136H","160522","51","1","50","2022-05-20","2024-01-23"
"A","88","22001IC05023281X","260922","52","52","0.0000","2022-09-26","2025-01-29"
"A","88","23001IC04049866C","280323","60","8","52","2023-03-30","2025-04-03"
"A","88","23001IC04174792W","181023","76","0.0000","76","2023-10-27","2023-10-27"
"A","89","16001IC04087468E","80916","105","105","0.0000","2016-09-12","2018-07-24"
"A","89","18001IC04080837W","90418","105","105","0.0000","2018-04-13","2022-06-23"
"A","89","19001IC04015932R","240119","100","65","35","2019-01-28","2024-09-18"
"A","89","19001IC04158500Z","60919","50","50","0.0000","2019-09-11","2023-01-03"
"A","89","20001IC04192939W","181120","76","25","51","2020-11-24","2022-07-08"
"A","89","21001IC04054806N","190321","51","51","0.0000","2021-03-23","2024-04-17"
"A","89","21001IC04161492N","240821","50","27","23","2021-08-30","2024-06-11"
"A","89","21001IC04245806P","131221","50","0.0000","50","2021-12-17","2021-12-17"
"A","89","21001IC05014592M","280621","50","30","20","2021-06-30","2025-02-07"
"A","89","22001IC04105136H","160522","50","50","0.0000","2022-05-20","2024-11-25"
"A","89","22001IC05023281X","260922","50","6","44","2022-09-26","2024-04-10"
"A","90","16001IC04087468E","80916","105","105","0.0000","2016-09-12","2017-09-11"
"A","90","17001IC04180892A","80917","118","118","0.0000","2017-09-15","2022-12-19"
"A","90","18001IC04080837W","90418","105","105","0.0000","2018-04-13","2023-08-30"
"A","90","19001IC04015932R","240119","111","83","28","2019-01-28","2024-08-08"
"A","90","19001IC04158500Z","60919","50","50","0.0000","2019-09-11","2024-04-19"
"A","90","20001IC04111282E","200720","76","43","33","2020-07-23","2025-02-03"
"A","90","21001IC04054806N","190321","50","29","21","2021-03-23","2024-07-04"
"A","90","21001IC04161492N","240821","46","17","29","2021-08-30","2023-10-03"
"A","90","21001IC04245806P","131221","50","49","1","2021-12-17","2025-02-18"
"A","90","21001IC05014592M","280621","50","49","1","2021-06-30","2023-12-27"
"A","90","22001IC04105136H","160522","51","51","0.0000","2022-05-20","2024-03-19"
"A","90","22001IC05023281X","260922","50","35","15","2022-09-26","2024-11-22"
"A","90","23001IC04049866C","280323","60","0.0000","60","2023-03-30","2023-03-30"
"A","90","23001IC04174792W","181023","76","17","59","2023-10-27","2024-10-09"
"A","91","16001IC04087468E","80916","105","107","-2","2016-09-12","2020-01-14"
"A","91","18001IC04080837W","90418","104","104","0.0000","2018-04-13","2024-03-04"
"A","91","19001IC04015932R","240119","111","23","88","2019-01-28","2024-02-15"
"A","91","19001IC04158500Z","60919","50","48","2","2019-09-11","2024-10-15"
"A","91","20001IC04192939W","181120","75","20","55","2020-11-24","2021-10-26"
"A","91","21001IC04054806N","190321","50","17","33","2021-03-23","2024-01-22"
"A","91","21001IC04161492N","240821","50","10","40","2021-08-30","2023-03-01"
"A","91","21001IC04245806P","131221","50","14","36","2021-12-17","2024-09-26"
"A","91","21001IC05014592M","280621","52","2","50","2021-06-30","2025-03-26"
"A","91","22001IC04105136H","160522","50","12","38","2022-05-20","2025-04-03"
"A","91","22001IC05023281X","260922","50","34","16","2022-09-26","2025-03-25"
"A","92","16001IC04087468E","80916","105","105","0.0000","2016-09-12","2018-01-12"
"A","92","17001IC04180892A","80917","104","104","0.0000","2017-09-15","2018-12-11"
"A","92","18001IC04080837W","90418","104","104","0.0000","2018-04-13","2019-06-10"
"A","92","19001IC04015932R","240119","98","98","0.0000","2019-01-28","2022-05-31"
"A","92","19001IC04158500Z","60919","50","50","0.0000","2019-09-11","2022-03-30"
"A","92","20001IC04111282E","200720","76","79","-3","2020-07-23","2023-01-18"
"A","92","21001IC04054806N","190321","50","50","0.0000","2021-03-23","2023-11-24"
"A","92","21001IC04161492N","240821","50","50","0.0000","2021-08-30","2024-08-07"
"A","92","21001IC04245806P","131221","50","50","0.0000","2021-12-17","2023-12-26"
"A","92","21001IC05014592M","280621","50","50","0.0000","2021-06-30","2023-09-05"
"A","92","22001IC04105136H","160522","50","50","0.0000","2022-05-20","2024-05-13"
"A","92","22001IC05023281X","260922","52","52","0.0000","2022-09-26","2024-01-17"
"A","92","23001IC04049866C","280323","50","50","0.0000","2023-03-30","2025-01-27"
"A","92","23001IC04174792W","181023","76","76","0.0000","2023-10-27","2025-01-13"
"A","93","16001IC04087468E","80916","105","105","0.0000","2016-09-12","2017-06-07"
"A","93","18001IC04080837W","90418","104","105","-1","2018-04-13","2018-12-04"
"A","93","19001IC04015932R","240119","100","101","-1","2019-01-28","2021-02-22"
"A","93","19001IC04158500Z","60919","50","50","0.0000","2019-09-11","2021-01-13"
"A","93","20001IC04192939W","181120","76","76","0.0000","2020-11-24","2021-07-23"
"A","93","21001IC04054806N","190321","50","50","0.0000","2021-03-23","2021-10-04"
"A","93","21001IC04161492N","240821","50","50","0.0000","2021-08-30","2021-12-23"
"A","93","21001IC04245806P","131221","50","50","0.0000","2021-12-17","2022-12-19"
"A","93","21001IC05014592M","280621","50","50","0.0000","2021-06-30","2022-03-28"
"A","93","22001IC04105136H","160522","50","52","-2","2022-05-20","2023-06-05"
"A","93","22001IC05023281X","260922","50","50","0.0000","2022-09-26","2023-04-04"
"A","94","16001IC04087468E","80916","105","106","-1","2016-09-12","2017-05-15"
"A","94","17001IC04180892A","80917","120","120","0.0000","2017-09-15","2019-01-03"
"A","94","18001IC04080837W","90418","105","105","0.0000","2018-04-13","2021-04-16"
"A","94","19001IC04015932R","240119","128","128","0.0000","2019-01-28","2022-11-18"
"A","94","19001IC04158500Z","60919","50","50","0.0000","2019-09-11","2022-12-19"
"A","94","20001IC04111282E","200720","75","75","0.0000","2020-07-23","2024-09-26"
"A","94","21001IC04054806N","190321","50","50","0.0000","2021-03-23","2023-03-07"
"A","94","21001IC04161492N","240821","50","50","0.0000","2021-08-30","2024-04-04"
"A","94","21001IC04245806P","131221","50","50","0.0000","2021-12-17","2023-12-13"
"A","94","21001IC05014592M","280621","46","46","0.0000","2021-06-30","2023-11-17"
"A","94","22001IC04105136H","160522","52","52","0.0000","2022-05-20","2024-01-22"
"A","94","22001IC05023281X","260922","50","50","0.0000","2022-09-26","2024-01-17"
"A","94","23001IC04049866C","280323","50","53","-3","2023-03-30","2025-02-11"
"A","94","23001IC04174792W","181023","80","81","-1","2023-10-27","2025-01-07"
"A","95","16001IC04087468E","80916","104","109","-5","2016-09-12","2017-11-30"
"A","95","18001IC04080837W","90418","105","105","0.0000","2018-04-13","2021-05-10"
"A","95","19001IC04015932R","240119","99","99","0.0000","2019-01-28","2023-12-26"
"A","95","19001IC04158500Z","60919","49","49","0.0000","2019-09-11","2024-03-14"
"A","95","20001IC04192939W","181120","80","68","12","2020-11-24","2025-04-03"
"A","95","21001IC04054806N","190321","50","50","0.0000","2021-03-23","2025-03-20"
"A","95","21001IC04161492N","240821","52","52","0.0000","2021-08-30","2024-01-16"
"A","95","21001IC04245806P","131221","50","49","1","2021-12-17","2024-06-25"
"A","95","21001IC05014592M","280621","50","50","0.0000","2021-06-30","2024-01-05"
"A","95","22001IC04105136H","160522","52","22","30","2022-05-20","2024-12-02"
"A","95","22001IC05023281X","260922","50","54","-4","2022-09-26","2025-03-19"
"A","96","16001IC04087468E","80916","105","105","0.0000","2016-09-12","2019-05-31"
"A","96","17001IC04180892A","80917","112","112","0.0000","2017-09-15","2024-06-10"
"A","96","18001IC04080837W","90418","105","27","78","2018-04-13","2024-04-17"
"A","96","19001IC04015932R","240119","99","50","49","2019-01-28","2024-04-24"
"A","96","19001IC04158500Z","60919","66","26","40","2019-09-11","2024-05-29"
"A","96","20001IC04111282E","200720","75","16","59","2020-07-23","2022-01-24"
"A","96","21001IC04054806N","190321","50","15","35","2021-03-23","2023-01-04"
"A","96","21001IC04161492N","240821","52","10","42","2021-08-30","2023-05-08"
"A","96","21001IC04245806P","131221","50","6","44","2021-12-17","2022-12-19"
"A","96","21001IC05014592M","280621","50","49","1","2021-06-30","2024-12-23"
"A","96","22001IC04105136H","160522","52","39","13","2022-05-20","2025-04-04"
"A","96","22001IC05023281X","260922","52","12","40","2022-09-26","2024-07-04"
"A","96","23001IC04049866C","280323","50","5","45","2023-03-30","2024-12-02"
"A","96","23001IC04174792W","181023","76","8","68","2023-10-27","2023-12-04"
"A","97","16001IC04087468E","80916","105","105","0.0000","2016-09-12","2021-03-08"
"A","97","18001IC04080837W","90418","105","105","0.0000","2018-04-13","2023-12-27"
"A","97","19001IC04015932R","240119","133","33","100","2019-01-28","2025-03-19"
"A","97","19001IC04158500Z","60919","50","30","20","2019-09-11","2024-04-24"
"A","97","20001IC04192939W","181120","76","5","71","2020-11-24","2021-04-12"
"A","97","21001IC04054806N","190321","50","36","14","2021-03-23","2024-10-03"
"A","97","21001IC04161492N","240821","50","49","1","2021-08-30","2024-11-22"
"A","97","21001IC04245806P","131221","50","49","1","2021-12-17","2025-02-28"
"A","97","21001IC05014592M","280621","52","52","0.0000","2021-06-30","2024-12-23"
"A","97","22001IC04105136H","160522","50","20","30","2022-05-20","2025-04-11"
"A","97","22001IC05023281X","260922","52","12","40","2022-09-26","2025-03-26"
"A","98","16001IC04087468E","80916","105","105","0.0000","2016-09-12","2018-03-26"
"A","98","17001IC04180892A","80917","105","105","0.0000","2017-09-15","2021-03-03"
"A","98","18001IC04080837W","90418","105","105","0.0000","2018-04-13","2024-10-23"
"A","98","19001IC04015932R","240119","100","37","63","2019-01-28","2024-02-28"
"A","98","19001IC04158500Z","60919","50","53","-3","2019-09-11","2024-07-18"
"A","98","20001IC04111282E","200720","76","14","62","2020-07-23","2022-06-01"
"A","98","21001IC04054806N","190321","50","6","44","2021-03-23","2022-10-11"
"A","98","21001IC04161492N","240821","50","48","2","2021-08-30","2024-11-22"
"A","98","21001IC04245806P","131221","50","50","0.0000","2021-12-17","2025-04-03"
"A","98","21001IC05014592M","280621","50","45","5","2021-06-30","2025-04-04"
"A","98","22001IC04105136H","160522","50","50","0.0000","2022-05-20","2024-06-25"
"A","98","22001IC05023281X","260922","51","51","0.0000","2022-09-26","2024-01-03"
"A","98","23001IC04049866C","280323","50","11","39","2023-03-30","2025-04-24"
"A","98","23001IC04174792W","181023","69","4","65","2023-10-27","2024-05-13"
"A","99","16001IC04087468E","80916","105","105","0.0000","2016-09-12","2021-05-21"
"A","99","18001IC04080837W","90418","105","104","1","2018-04-13","2024-04-19"
"A","99","19001IC04015932R","240119","99","24","75","2019-01-28","2025-04-28"
"A","99","19001IC04158500Z","60919","50","50","0.0000","2019-09-11","2024-01-30"
"A","99","20001IC04192939W","181120","75","9","66","2020-11-24","2022-07-18"
"A","99","21001IC04054806N","190321","50","49","1","2021-03-23","2023-12-19"
"A","99","21001IC04161492N","240821","50","31","19","2021-08-30","2025-02-26"
"A","99","21001IC04245806P","131221","50","25","25","2021-12-17","2023-01-30"
"A","99","21001IC05014592M","280621","50","12","38","2021-06-30","2025-03-26"
"A","99","22001IC04105136H","160522","50","50","0.0000","2022-05-20","2024-12-16"
"A","99","22001IC05023281X","260922","52","13","39","2022-09-26","2024-04-04"
"AV10","1000","16001IC04116015X","201016","44","45","-1","2016-10-25","2017-07-31"
"AV10","1000","19001IC04158500Z","60919","507","202","305","2019-09-11","2023-11-28"
"AV10","1010","11001IC04262910J","291211","46","49","-3","2012-01-03","2015-05-20"
"AV10","1010","16001IC04116015X","201016","311","183","128","2016-10-25","2023-08-30"
"AV10","1015","16001IC04116015X","201016","387","112","275","2016-10-25","2024-01-30"
"AV10","1020","16001IC04116015X","201016","88","89","-1","2016-10-25","2018-05-02"
"AV10","1025","16001IC04116015X","201016","268","259","9","2016-10-25","2023-08-30"
"AV10","1030","11001IC04262910J","291211","47","48","-1","2012-01-03","2014-09-09"
"AV10","1030","16001IC04116015X","201016","391","301","90","2016-10-25","2023-07-25"
"AV10","1045","16001IC04116015X","201016","171","170","1","2016-10-25","2019-01-28"
"AV10","1045","19001IC04158500Z","60919","138","89","49","2019-09-11","2022-07-18"
"AV10","1050","16001IC04116015X","201016","399","322","77","2016-10-25","2022-10-27"
"AV10","1065","16001IC04116015X","201016","483","483","0.0000","2016-10-25","2021-09-21"
"AV10","1065","19001IC04015932R","240119","226","50","176","2019-01-28","2021-12-03"
"AV10","1065","19001IC04158500Z","60919","92","44","48","2019-09-11","2021-08-26"
"AV10","1085","16001IC04116015X","201016","307","93","214","2016-10-25","2025-04-28"
"AV10","1100","19001IC04158500Z","60919","137","0.0000","137","2019-09-11","2019-09-11"
"AV10","1120","11001IC04262910J","291211","117","117","0.0000","2012-01-03","2015-04-28"
"AV10","1120","16001IC04116015X","201016","391","290","101","2016-10-25","2022-12-30"
"AV10","1140","19001IC04158500Z","60919","223","238","-15","2019-09-11","2021-12-03"
"AV10","1145","19001IC04015932R","240119","91","0.0000","91","2019-01-28","2019-01-28"
"AV10","1145","19001IC04158500Z","60919","322","0.0000","322","2019-09-11","2019-09-11"
"AV10","1155","19001IC04015932R","240119","227","94","133","2019-01-28","2021-11-29"
"AV10","1155","19001IC04158500Z","60919","92","26","66","2019-09-11","2023-08-30"
"AV10","1165","16001IC04116015X","201016","395","424","-29","2016-10-25","2019-04-04"
"AV10","1170","11001IC04262910J","291211","139","139","0.0000","2012-01-03","2013-08-15"
"AV10","1170","16001IC04116015X","201016","391","388","3","2016-10-25","2020-01-27"
"AV10","1170","19001IC04015932R","240119","220","218","2","2019-01-28","2021-06-29"
"AV10","1170","19001IC04158500Z","60919","138","10","128","2019-09-11","2023-08-30"
"AV10","1175","16001IC04116015X","201016","792","791","1","2016-10-25","2020-11-05"
"AV10","1175","19001IC04158500Z","60919","778","264","514","2019-09-11","2025-04-28"
"AV10","1185","16001IC04116015X","201016","390","389","1","2016-10-25","2022-03-09"
"AV10","1185","19001IC04015932R","240119","226","141","85","2019-01-28","2022-06-01"
"AV10","1185","19001IC04158500Z","60919","91","50","41","2019-09-11","2022-03-28"
"AV10","1200","16001IC04116015X","201016","263","263","0.0000","2016-10-25","2022-03-15"
"AV10","1200","19001IC04015932R","240119","92","44","48","2019-01-28","2025-04-28"
"AV10","1200","19001IC04158500Z","60919","92","0.0000","92","2019-09-11","2019-09-11"
"AV10","1205","16001IC04116015X","201016","44","10","34","2016-10-25","2017-08-10"
"AV10","1205","19001IC04015932R","240119","93","0.0000","93","2019-01-28","2019-01-28"
"AV10","1220","16001IC04116015X","201016","174","68","106","2016-10-25","2023-02-28"
"AV10","1225","16001IC04116015X","201016","217","70","147","2016-10-25","2023-04-12"
"AV10","1250","16001IC04116015X","201016","42","45","-3","2016-10-25","2017-08-10"
"AV10","1250","19001IC04015932R","240119","90","26","64","2019-01-28","2024-01-02"
"AV10","1250","19001IC04158500Z","60919","91","23","68","2019-09-11","2023-04-12"
"AV10","1275","16001IC04116015X","201016","88","65","23","2016-10-25","2023-10-03"
"AV10","1275","19001IC04015932R","240119","86","8","78","2019-01-28","2022-06-15"
"AV10","1275","19001IC04158500Z","60919","92","4","88","2019-09-11","2021-12-10"
"AV10","1280","16001IC04116015X","201016","130","58","72","2016-10-25","2022-06-27"
"AV10","1280","19001IC04015932R","240119","91","0.0000","91","2019-01-28","2019-01-28"
"AV10","1325","16001IC04116015X","201016","262","224","38","2016-10-25","2023-04-24"
"AV10","1335","16001IC04116015X","201016","44","50","-6","2016-10-25","2017-06-19"
"AV10","1335","19001IC04015932R","240119","87","22","65","2019-01-28","2024-03-19"
"AV10","1335","19001IC04158500Z","60919","218","0.0000","218","2019-09-11","2019-09-11"
"AV10","1345","16001IC04116015X","201016","245","183","62","2016-10-25","2022-05-31"
"AV10","1350","11001IC04262910J","291211","46","47","-1","2012-01-03","2015-03-02"
"AV10","1350","16001IC04116015X","201016","177","115","62","2016-10-25","2023-03-30"
"AV10","1360","16001IC04116015X","201016","130","88","42","2016-10-25","2022-07-28"
"AV10","1380","16001IC04116015X","201016","206","71","135","2016-10-25","2022-10-24"
"AV10","1395","11001IC04262910J","291211","44","45","-1","2012-01-03","2018-05-04"
"AV10","1395","16001IC04116015X","201016","233","26","207","2016-10-25","2021-04-20"
"AV10","1445","16001IC04116015X","201016","170","61","109","2016-10-25","2025-04-28"
"AV10","1470","16001IC04116015X","201016","86","89","-3","2016-10-25","2021-08-09"
"AV10","1490","16001IC04116015X","201016","132","111","21","2016-10-25","2020-10-30"
"AV10","1490","19001IC04015932R","240119","46","0.0000","46","2019-01-28","2019-01-28"
"AV10","1560","16001IC04116015X","201016","129","128","1","2016-10-25","2019-03-06"
"AV10","1560","19001IC04015932R","240119","44","19","25","2019-01-28","2022-10-05"
"AV10","1590","19001IC04015932R","240119","45","2","43","2019-01-28","2021-12-03"
"AV10","1620","11001IC04262910J","291211","46","46","0.0000","2012-01-03","2013-12-27"
"AV10","1620","16001IC04116015X","201016","126","125","1","2016-10-25","2021-01-14"
"AV10","1620","19001IC04015932R","240119","47","42","5","2019-01-28","2023-01-12"
"AV10","1620","19001IC04158500Z","60919","138","32","106","2019-09-11","2025-04-28"
"AV10","535","16001IC04116015X","201016","188","186","2","2016-10-25","2019-10-29"
"AV10","535","19001IC04158500Z","60919","227","82","145","2019-09-11","2025-04-28"
"AV10","545","11001IC04262910J","291211","82","82","0.0000","2012-01-03","2017-08-25"
"AV10","545","16001IC04116015X","201016","378","378","0.0000","2016-10-25","2021-09-02"
"AV10","545","19001IC04158500Z","60919","315","87","228","2019-09-11","2025-04-28"
"AV10","555","16001IC04116015X","201016","382","293","89","2016-10-25","2022-03-28"
"AV10","565","16001IC04116015X","201016","226","186","40","2016-10-25","2023-08-30"
"AV10","575","16001IC04116015X","201016","208","45","163","2016-10-25","2017-08-10"
"AV10","585","11001IC04262910J","291211","90","90","0.0000","2012-01-03","2019-01-11"
"AV10","585","16001IC04116015X","201016","333","274","59","2016-10-25","2023-08-30"
"AV10","585","19001IC04158500Z","60919","223","0.0000","223","2019-09-11","2019-09-11"
"AV10","600","16001IC04116015X","201016","379","379","0.0000","2016-10-25","2022-11-07"
"AV10","600","19001IC04158500Z","60919","321","60","261","2019-09-11","2022-12-30"
"AV10","615","11001IC04262910J","291211","46","47","-1","2012-01-03","2013-05-22"
"AV10","615","16001IC04116015X","201016","241","130","111","2016-10-25","2025-02-27"
"AV10","615","19001IC04158500Z","60919","230","0.0000","230","2019-09-11","2019-09-11"
"AV10","625","16001IC04116015X","201016","392","266","126","2016-10-25","2022-09-30"
"AV10","625","19001IC04158500Z","60919","91","0.0000","91","2019-09-11","2019-09-11"
"AV10","650","16001IC04116015X","201016","389","265","124","2016-10-25","2023-11-24"
"AV10","650","19001IC04158500Z","60919","229","0.0000","229","2019-09-11","2019-09-11"
"AV10","655","19001IC04015932R","240119","92","0.0000","92","2019-01-28","2019-01-28"
"AV10","660","11001IC04262910J","291211","93","93","0.0000","2012-01-03","2021-04-16"
"AV10","660","16001IC04116015X","201016","391","259","132","2016-10-25","2024-10-04"
"AV10","665","16001IC04116015X","201016","384","181","203","2016-10-25","2024-04-23"
"AV10","665","19001IC04015932R","240119","46","0.0000","46","2019-01-28","2019-01-28"
"AV10","665","19001IC04158500Z","60919","92","0.0000","92","2019-09-11","2019-09-11"
"AV10","675","16001IC04116015X","201016","382","175","207","2016-10-25","2022-12-30"
"AV10","690","16001IC04116015X","201016","389","249","140","2016-10-25","2019-07-04"
"AV10","700","11001IC04262910J","291211","91","91","0.0000","2012-01-03","2014-03-17"
"AV10","700","16001IC04116015X","201016","236","224","12","2016-10-25","2023-01-18"
"AV10","710","16001IC04116015X","201016","238","195","43","2016-10-25","2025-04-28"
"AV10","725","16001IC04116015X","201016","248","190","58","2016-10-25","2020-11-02"
"AV10","725","19001IC04158500Z","60919","81","0.0000","81","2019-09-11","2019-09-11"
"AV10","730","16001IC04116015X","201016","320","320","0.0000","2016-10-25","2019-04-04"
"AV10","730","19001IC04015932R","240119","91","71","20","2019-01-28","2024-06-06"
"AV10","730","19001IC04158500Z","60919","45","0.0000","45","2019-09-11","2019-09-11"
"AV10","745","11001IC04262910J","291211","47","47","0.0000","2012-01-03","2012-11-14"
"AV10","745","16001IC04116015X","201016","388","269","119","2016-10-25","2021-10-18"
"AV10","750","16001IC04116015X","201016","85","86","-1","2016-10-25","2018-05-04"
"AV10","750","19001IC04158500Z","60919","229","88","141","2019-09-11","2023-08-30"
"AV10","760","16001IC04116015X","201016","390","273","117","2016-10-25","2021-08-26"
"AV10","770","16001IC04116015X","201016","392","189","203","2016-10-25","2021-12-03"
"AV10","775","16001IC04116015X","201016","263","62","201","2016-10-25","2022-11-24"
"AV10","780","16001IC04116015X","201016","86","86","0.0000","2016-10-25","2017-12-06"
"AV10","785","16001IC04116015X","201016","309","172","137","2016-10-25","2025-04-28"
"AV10","790","16001IC04116015X","201016","303","105","198","2016-10-25","2022-09-28"
"AV10","795","16001IC04116015X","201016","305","61","244","2016-10-25","2025-02-27"
"AV10","800","16001IC04116015X","201016","313","246","67","2016-10-25","2024-04-23"
"AV10","810","16001IC04116015X","201016","392","81","311","2016-10-25","2022-04-20"
"AV10","820","16001IC04116015X","201016","265","180","85","2016-10-25","2023-08-30"
"AV10","820","19001IC04158500Z","60919","230","8","222","2019-09-11","2022-11-24"
"AV10","825","19001IC04158500Z","60919","259","0.0000","259","2019-09-11","2019-09-11"
"AV10","830","16001IC04116015X","201016","401","335","66","2016-10-25","2024-04-23"
"AV10","830","19001IC04158500Z","60919","138","0.0000","138","2019-09-11","2019-09-11"
"AV10","835","16001IC04116015X","201016","90","87","3","2016-10-25","2017-12-06"
"AV10","835","19001IC04015932R","240119","92","85","7","2019-01-28","2022-07-18"
"AV10","835","19001IC04158500Z","60919","245","0.0000","245","2019-09-11","2019-09-11"
"AV10","840","19001IC04158500Z","60919","138","0.0000","138","2019-09-11","2019-09-11"
"AV10","845","19001IC04015932R","240119","90","93","-3","2019-01-28","2021-02-22"
"AV10","845","19001IC04158500Z","60919","687","163","524","2019-09-11","2025-02-27"
"AV10","850","16001IC04116015X","201016","101","102","-1","2016-10-25","2017-12-20"
"AV10","850","19001IC04015932R","240119","90","95","-5","2019-01-28","2021-08-26"
"AV10","850","19001IC04158500Z","60919","138","35","103","2019-09-11","2025-04-28"
"AV10","860","16001IC04116015X","201016","387","388","-1","2016-10-25","2021-02-22"
"AV10","860","19001IC04015932R","240119","500","352","148","2019-01-28","2023-08-30"
"AV10","860","19001IC04158500Z","60919","364","20","344","2019-09-11","2022-01-27"
"AV10","875","11001IC04262910J","291211","183","183","0.0000","2012-01-03","2014-03-17"
"AV10","875","16001IC04116015X","201016","301","301","0.0000","2016-10-25","2020-06-12"
"AV10","875","19001IC04015932R","240119","183","163","20","2019-01-28","2022-04-20"
"AV10","875","19001IC04158500Z","60919","89","35","54","2019-09-11","2020-11-02"
"AV10","880","11001IC04262910J","291211","92","92","0.0000","2012-01-03","2014-03-17"
"AV10","880","16001IC04116015X","201016","302","265","37","2016-10-25","2022-11-14"
"AV10","890","19001IC04158500Z","60919","597","235","362","2019-09-11","2025-04-28"
"AV10","900","16001IC04116015X","201016","389","389","0.0000","2016-10-25","2020-01-22"
"AV10","900","19001IC04015932R","240119","228","177","51","2019-01-28","2021-11-29"
"AV10","900","19001IC04158500Z","60919","84","10","74","2019-09-11","2020-02-06"
"AV10","905","16001IC04116015X","201016","394","263","131","2016-10-25","2023-03-28"
"AV10","910","16001IC04116015X","201016","397","395","2","2016-10-25","2019-10-29"
"AV10","910","19001IC04015932R","240119","409","100","309","2019-01-28","2025-04-28"
"AV10","910","19001IC04158500Z","60919","413","11","402","2019-09-11","2021-05-26"
"AV10","915","16001IC04116015X","201016","400","398","2","2016-10-25","2021-04-16"
"AV10","915","19001IC04015932R","240119","147","89","58","2019-01-28","2021-11-29"
"AV10","915","19001IC04158500Z","60919","92","8","84","2019-09-11","2021-05-04"
"AV10","925","16001IC04116015X","201016","87","89","-2","2016-10-25","2017-04-28"
"AV10","925","19001IC04015932R","240119","180","179","1","2019-01-28","2022-04-20"
"AV10","925","19001IC04158500Z","60919","138","55","83","2019-09-11","2024-11-07"
"AV10","940","16001IC04116015X","201016","86","86","0.0000","2016-10-25","2018-06-22"
"AV10","940","19001IC04015932R","240119","90","63","27","2019-01-28","2023-07-28"
"AV10","940","19001IC04158500Z","60919","138","0.0000","138","2019-09-11","2019-09-11"
"AV10","945","19001IC04015932R","240119","92","40","52","2019-01-28","2025-04-28"
"AV10","945","19001IC04158500Z","60919","218","23","195","2019-09-11","2021-04-20"
"AV10","950","16001IC04116015X","201016","390","390","0.0000","2016-10-25","2020-05-15"
"AV10","950","19001IC04015932R","240119","228","82","146","2019-01-28","2022-04-13"
"AV10","950","19001IC04158500Z","60919","92","15","77","2019-09-11","2020-11-02"
"AV10","955","19001IC04015932R","240119","89","55","34","2019-01-28","2023-07-28"
"AV10","970","16001IC04116015X","201016","262","241","21","2016-10-25","2022-11-24"
"AV10","975","16001IC04116015X","201016","216","216","0.0000","2016-10-25","2023-07-28"
"AV10","990","16001IC04116015X","201016","308","153","155","2016-10-25","2023-08-23"
"AV11","1025","16001IC04116015X","201016","39","39","0.0000","2016-10-25","2022-07-20"
"AV11","1025","19001IC04015932R","240119","41","25","16","2019-01-28","2024-10-04"
"AV11","1110","19001IC04015932R","240119","41","6","35","2019-01-28","2021-04-20"
"AV11","1125","16001IC04116015X","201016","79","17","62","2016-10-25","2019-02-06"
"AV11","1130","16001IC04116015X","201016","79","0.0000","79","2016-10-25","2016-10-25"
"AV11","1165","16001IC04116015X","201016","45","48","-3","2016-10-25","2021-04-20"
"AV11","1170","19001IC04015932R","240119","125","0.0000","125","2019-01-28","2019-01-28"
"AV11","1175","16001IC04116015X","201016","80","80","0.0000","2016-10-25","2021-06-29"
"AV11","1175","19001IC04015932R","240119","124","46","78","2019-01-28","2024-08-16"
"AV11","1190","16001IC04116015X","201016","40","38","2","2016-10-25","2019-02-06"
"AV11","1195","16001IC04116015X","201016","80","39","41","2016-10-25","2023-10-03"
"AV11","1205","16001IC04116015X","201016","80","35","45","2016-10-25","2023-08-30"
"AV11","1270","16001IC04116015X","201016","79","54","25","2016-10-25","2023-10-03"
"AV11","1370","16001IC04116015X","201016","79","26","53","2016-10-25","2018-05-04"
"AV11","730","16001IC04116015X","201016","112","66","46","2016-10-25","2019-09-25"
"AV11","730","19001IC04015932R","240119","35","6","29","2019-01-28","2024-10-04"
"AV11","760","16001IC04116015X","201016","39","40","-1","2016-10-25","2017-12-14"
"AV11","825","16001IC04116015X","201016","112","49","63","2016-10-25","2018-11-06"
"AV11","845","16001IC04116015X","201016","39","38","1","2016-10-25","2018-05-04"
"AV11","875","16001IC04116015X","201016","39","39","0.0000","2016-10-25","2018-11-06"
"AV11","900","16001IC04116015X","201016","79","79","0.0000","2016-10-25","2021-04-20"
"AV11","900","19001IC04015932R","240119","42","10","32","2019-01-28","2022-04-20"
"AV11","915","11001IC04262910J","291211","41","41","0.0000","2012-01-03","2013-08-15"
"AV11","915","16001IC04116015X","201016","80","78","2","2016-10-25","2019-09-25"
"AV11","915","19001IC04015932R","240119","41","14","27","2019-01-28","2021-09-21"
"AV13","1010","16001IC04116015X","201016","102","100","2","2016-10-25","2025-02-27"
"AV13","1025","16001IC04116015X","201016","167","137","30","2016-10-25","2024-07-10"
"AV13","1030","16001IC04116015X","201016","201","197","4","2016-10-25","2021-03-29"
"AV13","1030","19001IC04015932R","240119","70","14","56","2019-01-28","2021-05-12"
"AV13","1050","16001IC04116015X","201016","136","136","0.0000","2016-10-25","2017-10-20"
"AV13","1050","19001IC04015932R","240119","209","146","63","2019-01-28","2023-01-18"
"AV13","1060","16001IC04116015X","201016","169","170","-1","2016-10-25","2018-09-04"
"AV13","1060","19001IC04015932R","240119","105","105","0.0000","2019-01-28","2025-02-27"
"AV13","1065","16001IC04116015X","201016","102","106","-4","2016-10-25","2021-08-26"
"AV13","1070","16001IC04116015X","201016","403","209","194","2016-10-25","2025-02-27"
"AV13","1110","16001IC04116015X","201016","102","102","0.0000","2016-10-25","2023-10-06"
"AV13","1120","16001IC04116015X","201016","201","122","79","2016-10-25","2020-11-02"
"AV13","1125","16001IC04116015X","201016","162","162","0.0000","2016-10-25","2021-09-02"
"AV13","1125","19001IC04015932R","240119","142","29","113","2019-01-28","2024-04-23"
"AV13","1125","19001IC04158500Z","60919","107","50","57","2019-09-11","2024-10-04"
"AV13","1145","16001IC04116015X","201016","195","195","0.0000","2016-10-25","2022-12-27"
"AV13","1145","19001IC04015932R","240119","106","16","90","2019-01-28","2024-10-04"
"AV13","1145","19001IC04158500Z","60919","108","4","104","2019-09-11","2022-11-07"
"AV13","1150","16001IC04116015X","201016","328","279","49","2016-10-25","2024-06-25"
"AV13","1155","19001IC04158500Z","60919","108","0.0000","108","2019-09-11","2019-09-11"
"AV13","1165","16001IC04116015X","201016","199","201","-2","2016-10-25","2021-08-26"
"AV13","1165","19001IC04015932R","240119","106","80","26","2019-01-28","2025-04-24"
"AV13","1170","19001IC04158500Z","60919","102","0.0000","102","2019-09-11","2019-09-11"
"AV13","1175","16001IC04116015X","201016","315","317","-2","2016-10-25","2021-08-26"
"AV13","1175","19001IC04015932R","240119","106","49","57","2019-01-28","2025-02-27"
"AV13","1185","19001IC04158500Z","60919","98","0.0000","98","2019-09-11","2019-09-11"
"AV13","1190","16001IC04116015X","201016","190","190","0.0000","2016-10-25","2021-09-02"
"AV13","1190","19001IC04015932R","240119","105","52","53","2019-01-28","2025-04-28"
"AV13","1200","16001IC04116015X","201016","198","198","0.0000","2016-10-25","2022-04-27"
"AV13","1200","19001IC04015932R","240119","142","134","8","2019-01-28","2024-03-15"
"AV13","1200","19001IC04158500Z","60919","107","14","93","2019-09-11","2025-04-24"
"AV13","1205","19001IC04158500Z","60919","108","0.0000","108","2019-09-11","2019-09-11"
"AV13","1220","16001IC04116015X","201016","183","183","0.0000","2016-10-25","2020-01-13"
"AV13","1220","19001IC04015932R","240119","144","73","71","2019-01-28","2024-04-23"
"AV13","1225","11001IC04262910J","291211","36","36","0.0000","2012-01-03","2014-03-17"
"AV13","1225","16001IC04116015X","201016","202","150","52","2016-10-25","2024-06-25"
"AV13","1230","16001IC04116015X","201016","137","139","-2","2016-10-25","2021-09-27"
"AV13","1245","16001IC04116015X","201016","135","73","62","2016-10-25","2020-05-15"
"AV13","1250","16001IC04116015X","201016","202","148","54","2016-10-25","2021-05-12"
"AV13","1270","11001IC04262910J","291211","34","34","0.0000","2012-01-03","2017-08-09"
"AV13","1270","16001IC04116015X","201016","201","128","73","2016-10-25","2024-05-24"
"AV13","1275","16001IC04116015X","201016","101","62","39","2016-10-25","2024-06-25"
"AV13","1280","16001IC04116015X","201016","204","169","35","2016-10-25","2021-04-20"
"AV13","1290","16001IC04116015X","201016","100","100","0.0000","2016-10-25","2019-12-19"
"AV13","1290","19001IC04015932R","240119","104","78","26","2019-01-28","2024-10-04"
"AV13","1300","16001IC04116015X","201016","140","140","0.0000","2016-10-25","2020-02-06"
"AV13","1300","19001IC04015932R","240119","143","77","66","2019-01-28","2023-07-25"
"AV13","1310","16001IC04116015X","201016","103","80","23","2016-10-25","2024-01-25"
"AV13","1325","16001IC04116015X","201016","101","104","-3","2016-10-25","2017-12-14"
"AV13","1325","19001IC04015932R","240119","107","94","13","2019-01-28","2023-07-25"
"AV13","1335","19001IC04158500Z","60919","107","0.0000","107","2019-09-11","2019-09-11"
"AV13","1345","16001IC04116015X","201016","98","100","-2","2016-10-25","2019-01-07"
"AV13","1345","19001IC04015932R","240119","104","113","-9","2019-01-28","2021-12-03"
"AV13","1350","19001IC04015932R","240119","106","69","37","2019-01-28","2022-01-27"
"AV13","1360","16001IC04116015X","201016","101","101","0.0000","2016-10-25","2021-05-12"
"AV13","1360","19001IC04015932R","240119","103","82","21","2019-01-28","2025-04-28"
"AV13","1370","16001IC04116015X","201016","102","101","1","2016-10-25","2024-04-23"
"AV13","1385","16001IC04116015X","201016","134","110","24","2016-10-25","2024-03-15"
"AV13","1425","16001IC04116015X","201016","98","99","-1","2016-10-25","2021-09-02"
"AV13","1425","19001IC04015932R","240119","144","82","62","2019-01-28","2023-07-05"
"AV13","1430","16001IC04116015X","201016","101","88","13","2016-10-25","2024-10-04"
"AV13","1470","16001IC04116015X","201016","100","100","0.0000","2016-10-25","2023-03-14"
"AV13","1485","16001IC04116015X","201016","101","91","10","2016-10-25","2025-04-28"
"AV13","1495","16001IC04116015X","201016","131","65","66","2016-10-25","2025-04-28"
"AV13","1500","19001IC04158500Z","60919","205","149","56","2019-09-11","2025-04-28"
"AV13","1525","16001IC04116015X","201016","133","126","7","2016-10-25","2023-11-24"
"AV13","1525","19001IC04158500Z","60919","143","24","119","2019-09-11","2023-11-28"
"AV13","1550","16001IC04116015X","201016","158","143","15","2016-10-25","2023-11-28"
"AV13","1550","19001IC04015932R","240119","108","13","95","2019-01-28","2021-08-26"
"AV13","1560","19001IC04158500Z","60919","107","0.0000","107","2019-09-11","2019-09-11"
"AV13","1575","16001IC04116015X","201016","133","131","2","2016-10-25","2022-07-12"
"AV13","1575","19001IC04015932R","240119","99","54","45","2019-01-28","2023-07-25"
"AV13","1590","16001IC04116015X","201016","131","58","73","2016-10-25","2023-01-05"
"AV13","1595","16001IC04116015X","201016","68","21","47","2016-10-25","2021-06-18"
"AV13","1600","16001IC04116015X","201016","161","112","49","2016-10-25","2023-07-03"
"AV13","1620","16001IC04116015X","201016","103","36","67","2016-10-25","2025-04-28"
"AV13","1650","16001IC04116015X","201016","99","75","24","2016-10-25","2024-06-25"
"AV13","1660","16001IC04116015X","201016","102","24","78","2016-10-25","2018-05-04"
"AV13","1675","16001IC04116015X","201016","99","25","74","2016-10-25","2022-11-07"
"AV13","1725","16001IC04116015X","201016","66","33","33","2016-10-25","2023-06-05"
"AV13","1730","16001IC04116015X","201016","54","45","9","2016-10-25","2024-06-13"
"AV13","1745","16001IC04116015X","201016","133","76","57","2016-10-25","2025-04-28"
"AV13","1780","16001IC04116015X","201016","101","43","58","2016-10-25","2018-06-06"
"AV13","1800","16001IC04116015X","201016","97","54","43","2016-10-25","2024-06-25"
"AV13","1850","16001IC04116015X","201016","100","70","30","2016-10-25","2025-04-28"
"AV13","1875","16001IC04116015X","201016","48","42","6","2016-10-25","2025-04-28"
"AV13","1900","16001IC04116015X","201016","98","57","41","2016-10-25","2025-04-28"
"AV13","1950","16001IC04116015X","201016","99","50","49","2016-10-25","2024-06-25"
"AV13","2080","16001IC04116015X","201016","68","15","53","2016-10-25","2018-05-04"
"AV13","655","19001IC04158500Z","60919","143","0.0000","143","2019-09-11","2019-09-11"
"AV13","660","16001IC04116015X","201016","80","68","12","2016-10-25","2024-10-04"
"AV13","665","19001IC04158500Z","60919","142","0.0000","142","2019-09-11","2019-09-11"
"AV13","710","16001IC04116015X","201016","31","35","-4","2016-10-25","2017-07-21"
"AV13","710","19001IC04015932R","240119","91","85","6","2019-01-28","2021-02-12"
"AV13","725","16001IC04116015X","201016","92","89","3","2016-10-25","2025-03-11"
"AV13","730","19001IC04158500Z","60919","143","0.0000","143","2019-09-11","2019-09-11"
"AV13","750","16001IC04116015X","201016","100","102","-2","2016-10-25","2021-09-21"
"AV13","775","16001IC04116015X","201016","103","82","21","2016-10-25","2024-06-25"
"AV13","780","16001IC04116015X","201016","200","157","43","2016-10-25","2024-10-04"
"AV13","805","16001IC04116015X","201016","135","132","3","2016-10-25","2024-07-15"
"AV13","825","11001IC04262910J","291211","35","35","0.0000","2012-01-03","2014-03-17"
"AV13","825","16001IC04116015X","201016","204","203","1","2016-10-25","2023-11-28"
"AV13","825","19001IC04158500Z","60919","87","4","83","2019-09-11","2025-02-27"
"AV13","835","19001IC04158500Z","60919","216","0.0000","216","2019-09-11","2019-09-11"
"AV13","840","16001IC04116015X","201016","135","108","27","2016-10-25","2024-10-04"
"AV13","840","19001IC04015932R","240119","72","17","55","2019-01-28","2024-04-23"
"AV13","845","19001IC04158500Z","60919","143","0.0000","143","2019-09-11","2019-09-11"
"AV13","850","11001IC04262910J","291211","35","35","0.0000","2012-01-03","2017-05-17"
"AV13","850","16001IC04116015X","201016","204","180","24","2016-10-25","2025-04-28"
"AV13","850","19001IC04015932R","240119","104","9","95","2019-01-28","2021-12-10"
"AV13","860","19001IC04158500Z","60919","216","0.0000","216","2019-09-11","2019-09-11"
"AV13","870","16001IC04116015X","201016","102","101","1","2016-10-25","2020-01-22"
"AV13","870","19001IC04158500Z","60919","141","98","43","2019-09-11","2025-01-03"
"AV13","880","16001IC04116015X","201016","135","111","24","2016-10-25","2024-05-29"
"AV13","880","19001IC04015932R","240119","71","0.0000","71","2019-01-28","2019-01-28"
"AV13","880","19001IC04158500Z","60919","108","4","104","2019-09-11","2022-04-20"
"AV13","890","16001IC04116015X","201016","199","199","0.0000","2016-10-25","2020-05-15"
"AV13","890","19001IC04015932R","240119","68","62","6","2019-01-28","2022-10-27"
"AV13","890","19001IC04158500Z","60919","106","14","92","2019-09-11","2021-10-06"
"AV13","900","16001IC04116015X","201016","201","201","0.0000","2016-10-25","2021-10-19"
"AV13","900","19001IC04015932R","240119","72","61","11","2019-01-28","2024-04-23"
"AV13","900","19001IC04158500Z","60919","108","8","100","2019-09-11","2024-06-25"
"AV13","910","11001IC04262910J","291211","36","45","-9","2012-01-03","2016-03-18"
"AV13","910","16001IC04116015X","201016","196","178","18","2016-10-25","2025-04-28"
"AV13","910","19001IC04158500Z","60919","99","0.0000","99","2019-09-11","2019-09-11"
"AV13","915","19001IC04158500Z","60919","144","0.0000","144","2019-09-11","2019-09-11"
"AV13","925","16001IC04116015X","201016","205","205","0.0000","2016-10-25","2019-06-11"
"AV13","925","19001IC04015932R","240119","106","80","26","2019-01-28","2022-11-07"
"AV13","925","19001IC04158500Z","60919","108","0.0000","108","2019-09-11","2019-09-11"
"AV13","940","16001IC04116015X","201016","201","200","1","2016-10-25","2022-11-07"
"AV13","940","19001IC04015932R","240119","106","18","88","2019-01-28","2023-06-16"
"AV13","945","16001IC04116015X","201016","200","153","47","2016-10-25","2025-04-24"
"AV13","945","19001IC04015932R","240119","71","2","69","2019-01-28","2024-04-23"
"AV13","945","19001IC04158500Z","60919","107","3","104","2019-09-11","2021-09-27"
"AV13","950","19001IC04158500Z","60919","214","108","106","2019-09-11","2024-06-25"
"AV13","960","16001IC04116015X","201016","200","62","138","2016-10-25","2022-08-23"
"AV13","970","16001IC04116015X","201016","198","137","61","2016-10-25","2024-10-04"
"AV13","995","16001IC04116015X","201016","101","102","-1","2016-10-25","2021-06-03"
"AV17","1295","19001IC04158500Z","60919","93","6","87","2019-09-11","2019-11-15"
"AV17","1320","19001IC04158500Z","60919","216","16","200","2019-09-11","2020-06-08"
"AV17","1700","19001IC04158500Z","60919","159","41","118","2019-09-11","2024-10-08"
"B","","17001IC04180892A","80917","90","0.0000","90","2017-09-15","2017-09-15"
"B","100","16001IC04087468E","80916","300","300","0.0000","2016-09-12","2018-06-28"
"B","100","17001IC04180892A","80917","98","98","0.0000","2017-09-15","2019-05-21"
"B","100","18001IC04080837W","90418","96","96","0.0000","2018-04-13","2019-10-23"
"B","100","19001IC04015932R","240119","100","100","0.0000","2019-01-28","2021-01-04"
"B","100","19001IC04158500Z","60919","50","50","0.0000","2019-09-11","2021-01-07"
"B","100","20001IC04111282E","200720","60","61","-1","2020-07-23","2022-03-11"
"B","100","20001IC04192939W","181120","47","47","0.0000","2020-11-24","2021-12-23"
"B","100","21001IC04054806N","190321","100","100","0.0000","2021-03-23","2022-10-18"
"B","100","21001IC04161492N","240821","102","102","0.0000","2021-08-30","2023-10-03"
"B","100","21001IC04245806P","131221","60","60","0.0000","2021-12-17","2024-06-12"
"B","100","21001IC05014592M","280621","102","102","0.0000","2021-06-30","2024-01-15"
"B","100","22001IC04105136H","160522","60","60","0.0000","2022-05-20","2023-12-26"
"B","100","22001IC05023281X","220922","60","61","-1","2022-09-26","2023-07-20"
"B","100","23001IC04049866C","280323","60","60","0.0000","2023-03-30","2025-02-05"
"B","100","23001IC04174792W","181023","80","59","21","2023-10-27","2025-04-29"
"B","102","23001IC04174792W","181023","80","80","0.0000","2023-10-27","2024-04-19"
"B","105","23001IC04174792W","181023","65","65","0.0000","2023-10-27","2024-06-26"
"B","108","23001IC04174792W","181023","80","81","-1","2023-10-27","2024-02-07"
"B","110","23001IC04174792W","181023","78","78","0.0000","2023-10-27","2024-06-12"
"B","112","23001IC04174792W","181023","80","83","-3","2023-10-27","2025-02-07"
"B","115","23001IC04174792W","181023","80","49","31","2023-10-27","2025-04-29"
"B","118","23001IC04174792W","181023","80","69","11","2023-10-27","2025-04-03"
"B","120","23001IC04174792W","181023","78","78","0.0000","2023-10-27","2024-09-26"
"B","143","18001IC04080837W","90418","50","42","8","2018-04-13","2025-03-27"
"B","23","17001IC04058927D","290317","108","107","1","2017-04-04","2021-11-23"
"B","23","19001IC04015932R","240119","50","52","-2","2019-01-28","2024-07-16"
"B","23","19001IC04158500Z","60919","60","15","45","2019-09-11","2024-07-11"
"B","23","20001IC04192939W","181120","50","0.0000","50","2020-11-24","2020-11-24"
"B","23","21001IC04054806N","190321","60","18","42","2021-03-23","2024-10-04"
"B","23","21001IC04161492N","240821","60","1","59","2021-08-30","2023-10-03"
"B","23","21001IC04245806P","131221","60","0.0000","60","2021-12-17","2021-12-17"
"B","23","21001IC05014592M","280621","60","0.0000","60","2021-06-30","2021-06-30"
"B","23","22001IC04105136H","160522","50","0.0000","50","2022-05-20","2022-05-20"
"B","23","22001IC05023281X","260922","50","50","0.0000","2022-09-26","2025-02-03"
"B","23","23001IC04049866C","280323","33","0.0000","33","2023-03-30","2023-03-30"
"B","23","23001IC04174792W","181023","50","0.0000","50","2023-10-27","2023-10-27"
"B","24","17001IC04058927D","290317","107","107","0.0000","2017-04-04","2024-04-04"
"B","24","19001IC04015932R","240119","50","49","1","2019-01-28","2022-07-12"
"B","24","19001IC04158500Z","60919","60","56","4","2019-09-11","2025-01-24"
"B","24","20001IC04192939W","181120","50","12","38","2020-11-24","2022-07-28"
"B","24","21001IC04054806N","190321","60","17","43","2021-03-23","2022-12-19"
"B","24","21001IC04161492N","240821","60","55","5","2021-08-30","2024-11-22"
"B","24","21001IC04245806P","131221","50","11","39","2021-12-17","2024-06-11"
"B","24","21001IC05014592M","280621","60","11","49","2021-06-30","2023-03-09"
"B","24","22001IC04105136H","160522","40","17","23","2022-05-20","2024-12-17"
"B","24","22001IC05023281X","260922","50","0.0000","50","2022-09-26","2022-09-26"
"B","24","23001IC04049866C","280323","33","4","29","2023-03-30","2025-02-03"
"B","24","23001IC04174792W","181023","50","0.0000","50","2023-10-27","2023-10-27"
"B","25","13001IC04101121","220513","103","103","0.0000","2013-05-23","2017-04-04"
"B","25","14001IC04026899D","100214","102","103","-1","2014-02-10","2018-06-08"
"B","25","14001IC04241965T","20115","152","151","1","2015-01-05","2023-11-01"
"B","25","15091IC04055318B","91015","200","58","142","2015-10-14","2023-08-02"
"B","25","17001IC04058927D","290317","210","56","154","2017-04-04","2021-07-21"
"B","25","19001IC04015932R","240119","100","21","79","2019-01-28","2021-11-23"
"B","25","19001IC04158500Z","60919","58","57","1","2019-09-11","2023-06-12"
"B","25","20001IC04192939W","181120","50","26","24","2020-11-24","2024-09-18"
"B","25","21001IC04054806N","190321","58","43","15","2021-03-23","2023-07-14"
"B","25","21001IC04161492N","240821","60","21","39","2021-08-30","2023-06-29"
"B","25","21001IC04245806P","131221","58","0.0000","58","2021-12-17","2021-12-17"
"B","25","21001IC05014592M","280621","58","5","53","2021-06-30","2024-01-23"
"B","25","22001IC04105136H","160522","50","46","4","2022-05-20","2025-01-24"
"B","25","22001IC05023281X","260922","50","0.0000","50","2022-09-26","2022-09-26"
"B","25","23001IC04049866C","280323","33","29","4","2023-03-30","2025-04-23"
"B","25","23001IC04174792W","181023","58","8","50","2023-10-27","2025-02-03"
"B","26","11001IC04199085V","61011","50","50","0.0000","2011-10-11","2011-10-17"
"B","26","13001IC04101121","220513","102","103","-1","2013-05-23","2014-05-06"
"B","26","14001IC04026899D","100214","100","100","0.0000","2014-02-10","2015-04-29"
"B","26","14001IC04241965T","20115","156","157","-1","2015-01-05","2017-04-25"
"B","26","15091IC04055318B","91015","202","202","0.0000","2015-10-14","2022-10-19"
"B","26","16001IC04087468E","80916","206","43","163","2016-09-12","2023-05-15"
"B","26","17001IC04180892A","80917","96","33","63","2017-09-15","2023-06-09"
"B","26","18001IC04080837W","90418","46","46","0.0000","2018-04-13","2023-11-14"
"B","26","19001IC04015932R","240119","50","50","0.0000","2019-01-28","2023-02-28"
"B","26","19001IC04158500Z","60919","60","50","10","2019-09-11","2025-04-22"
"B","26","20001IC04192939W","181120","50","6","44","2020-11-24","2022-07-20"
"B","26","21001IC04054806N","190321","60","15","45","2021-03-23","2022-12-22"
"B","26","21001IC04161492N","240821","60","23","37","2021-08-30","2023-06-29"
"B","26","21001IC04245806P","131221","55","15","40","2021-12-17","2024-06-26"
"B","26","21001IC05014592M","280621","70","10","60","2021-06-30","2022-09-22"
"B","26","22001IC04105136H","160522","50","0.0000","50","2022-05-20","2022-05-20"
"B","26","22001IC05023281X","260922","50","30","20","2022-09-26","2025-04-15"
"B","26","23001IC04049866C","280323","33","32","1","2023-03-30","2025-03-27"
"B","26","23001IC04174792W","181023","50","3","47","2023-10-27","2024-12-17"
"B","260","18001IC04080837W","90418","43","43","0.0000","2018-04-13","2019-09-16"
"B","27","11001IC04199085V","61011","49","49","0.0000","2011-10-11","2011-10-17"
"B","27","13001IC04101121","220513","154","155","-1","2013-05-23","2015-05-15"
"B","27","14001IC04026899D","100214","100","100","0.0000","2014-02-10","2017-11-02"
"B","27","14001IC04241965T","20115","155","155","0.0000","2015-01-05","2019-07-24"
"B","27","15091IC04055318B","91015","203","68","135","2015-10-14","2024-04-23"
"B","27","16001IC04087468E","80916","305","27","278","2016-09-12","2021-03-08"
"B","27","17001IC04180892A","80917","91","91","0.0000","2017-09-15","2022-11-01"
"B","27","18001IC04080837W","90418","49","49","0.0000","2018-04-13","2023-10-26"
"B","27","19001IC04015932R","240119","50","31","19","2019-01-28","2025-02-26"
"B","27","19001IC04158500Z","60919","60","29","31","2019-09-11","2022-04-20"
"B","27","20001IC04192939W","181120","50","21","29","2020-11-24","2022-07-13"
"B","27","21001IC04054806N","190321","60","25","35","2021-03-23","2023-07-25"
"B","27","21001IC04161492N","240821","60","10","50","2021-08-30","2025-03-17"
"B","27","21001IC04245806P","131221","50","50","0.0000","2021-12-17","2025-01-29"
"B","27","21001IC05014592M","280621","60","6","54","2021-06-30","2024-05-27"
"B","27","22001IC04105136H","160522","50","0.0000","50","2022-05-20","2022-05-20"
"B","27","22001IC05023281X","260922","50","51","-1","2022-09-26","2023-02-01"
"B","27","23001IC04049866C","280323","33","20","13","2023-03-30","2025-03-28"
"B","27","23001IC04174792W","181023","50","0.0000","50","2023-10-27","2023-10-27"
"B","270","18001IC04080837W","90418","44","44","0.0000","2018-04-13","2024-07-12"
"B","28","11001IC04199085V","61011","50","50","0.0000","2011-10-11","2011-10-17"
"B","28","13001IC04101121","220513","151","152","-1","2013-05-23","2015-02-10"
"B","28","14001IC04241965T","20115","154","155","-1","2015-01-05","2016-05-16"
"B","28","15091IC04055318B","91015","200","201","-1","2015-10-14","2017-05-11"
"B","28","16001IC04087468E","80916","305","305","0.0000","2016-09-12","2023-05-11"
"B","28","17001IC04180892A","80917","143","123","20","2017-09-15","2025-04-24"
"B","28","18001IC04080837W","90418","143","41","102","2018-04-13","2021-04-20"
"B","28","19001IC04015932R","240119","150","57","93","2019-01-28","2021-08-11"
"B","28","19001IC04158500Z","60919","120","20","100","2019-09-11","2021-11-23"
"B","28","20001IC04111282E","200720","120","5","115","2020-07-23","2021-10-26"
"B","28","20001IC04192939W","181120","100","24","76","2020-11-24","2022-04-20"
"B","28","21001IC04054806N","190321","90","51","39","2021-03-23","2023-03-01"
"B","28","21001IC04161492N","240821","90","90","0.0000","2021-08-30","2025-02-06"
"B","28","21001IC04245806P","131221","50","50","0.0000","2021-12-17","2025-03-28"
"B","28","21001IC05014592M","280621","90","12","78","2021-06-30","2024-04-04"
"B","28","22001IC04105136H","160522","50","50","0.0000","2022-05-20","2024-06-03"
"B","28","22001IC05023281X","260922","50","0.0000","50","2022-09-26","2022-09-26"
"B","28","23001IC04049866C","280323","67","10","57","2023-03-30","2024-06-11"
"B","28","23001IC04174792W","181023","60","6","54","2023-10-27","2024-12-09"
"B","29","11001IC04199085V","61011","54","54","0.0000","2011-10-11","2011-10-17"
"B","29","13001IC04101121","220513","153","154","-1","2013-05-23","2015-05-05"
"B","29","14001IC04241965T","20115","154","154","0.0000","2015-01-05","2017-11-02"
"B","29","15091IC04055318B","91015","202","202","0.0000","2015-10-14","2019-03-06"
"B","29","16001IC04087468E","80916","306","267","39","2016-09-12","2025-02-25"
"B","29","17001IC04180892A","80917","216","20","196","2017-09-15","2021-02-08"
"B","29","18001IC04080837W","90418","143","18","125","2018-04-13","2021-06-04"
"B","29","19001IC04015932R","240119","148","27","121","2019-01-28","2021-08-17"
"B","29","19001IC04158500Z","60919","150","35","115","2019-09-11","2021-12-03"
"B","29","20001IC04111282E","200720","120","17","103","2020-07-23","2022-02-22"
"B","29","20001IC04192939W","181120","100","30","70","2020-11-24","2023-10-27"
"B","29","21001IC04054806N","190321","90","61","29","2021-03-23","2024-09-27"
"B","29","21001IC04161492N","240821","90","10","80","2021-08-30","2024-01-23"
"B","29","21001IC04245806P","131221","50","50","0.0000","2021-12-17","2023-03-09"
"B","29","21001IC05014592M","280621","90","64","26","2021-06-30","2025-02-14"
"B","29","22001IC04105136H","160522","60","29","31","2022-05-20","2024-11-22"
"B","29","22001IC05023281X","260922","50","4","46","2022-09-26","2022-12-22"
"B","29","23001IC04049866C","280323","67","3","64","2023-03-30","2025-03-28"
"B","29","23001IC04174792W","181023","59","3","56","2023-10-27","2024-04-29"
"B","30","11001IC04199085V","61011","202","202","0.0000","2011-10-11","2012-11-05"
"B","30","11001IC04236558S","231111","103","104","-1","2011-11-29","2013-04-03"
"B","30","13001IC04101121","220513","203","203","0.0000","2013-05-23","2014-02-11"
"B","30","14001IC04241965T","20115","306","324","-18","2015-01-05","2016-08-23"
"B","30","15091IC04055318B","91015","310","311","-1","2015-10-14","2018-06-11"
"B","30","16001IC04087468E","80916","408","408","0.0000","2016-09-12","2023-05-08"
"B","30","17001IC04180892A","80917","216","100","116","2017-09-15","2025-02-13"
"B","30","18001IC04080837W","90418","198","46","152","2018-04-13","2021-03-17"
"B","30","19001IC04015932R","240119","200","60","140","2019-01-28","2021-06-22"
"B","30","19001IC04158500Z","60919","120","11","109","2019-09-11","2021-08-11"
"B","30","20001IC04111282E","200720","178","130","48","2020-07-23","2025-02-26"
"B","30","20001IC04173188R","221020","50","51","-1","2020-10-28","2022-02-03"
"B","30","20001IC04192939W","181120","250","21","229","2020-11-24","2022-08-05"
"B","30","21001IC04054806N","190321","150","27","123","2021-03-23","2022-12-16"
"B","30","21001IC04161492N","240821","149","75","74","2021-08-30","2025-01-13"
"B","30","21001IC04245806P","131221","90","50","40","2021-12-17","2025-02-20"
"B","30","21001IC05014592M","280621","150","17","133","2021-06-30","2023-10-27"
"B","30","22001IC04105136H","160522","80","80","0.0000","2022-05-20","2024-08-26"
"B","30","22001IC05023281X","260922","90","31","59","2022-09-26","2024-05-30"
"B","30","23001IC04049866C","280323","100","0.0000","100","2023-03-30","2023-03-30"
"B","30","23001IC04174792W","181023","120","27","93","2023-10-27","2025-03-28"
"B","31","11001IC04199085V","61011","153","153","0.0000","2011-10-11","2012-08-24"
"B","31","11001IC04236558S","231111","104","104","0.0000","2011-11-29","2013-05-16"
"B","31","13001IC04101121","220513","200","200","0.0000","2013-05-23","2014-02-11"
"B","31","14001IC04241965T","20115","303","304","-1","2015-01-05","2017-11-03"
"B","31","15091IC04055318B","91015","298","299","-1","2015-10-14","2022-07-08"
"B","31","16001IC04087468E","80916","395","128","267","2016-09-12","2024-07-15"
"B","31","17001IC04180892A","80917","205","42","163","2017-09-15","2020-09-24"
"B","31","18001IC04080837W","90418","191","38","153","2018-04-13","2021-03-19"
"B","31","19001IC04015932R","240119","90","88","2","2019-01-28","2024-03-04"
"B","31","19001IC04158500Z","60919","119","19","100","2019-09-11","2021-08-11"
"B","31","20001IC04111282E","200720","180","93","87","2020-07-23","2022-09-22"
"B","31","20001IC04173188R","221020","50","50","0.0000","2020-10-28","2025-04-21"
"B","31","20001IC04192939W","181120","250","33","217","2020-11-24","2022-07-29"
"B","31","21001IC04054806N","190321","179","15","164","2021-03-23","2022-12-19"
"B","31","21001IC04161492N","240821","180","29","151","2021-08-30","2023-09-04"
"B","31","21001IC04245806P","131221","89","23","66","2021-12-17","2025-02-27"
"B","31","21001IC05014592M","280621","180","13","167","2021-06-30","2023-07-25"
"B","31","22001IC04105136H","160522","90","90","0.0000","2022-05-20","2025-02-26"
"B","31","22001IC05023281X","260922","90","33","57","2022-09-26","2025-03-31"
"B","31","23001IC04049866C","280323","100","14","86","2023-03-30","2024-10-04"
"B","31","23001IC04174792W","181023","120","0.0000","120","2023-10-27","2023-10-27"
"B","32","11001IC04199085V","61011","351","352","-1","2011-10-11","2013-01-15"
"B","32","11001IC04236558S","231111","105","105","0.0000","2011-11-29","2012-07-02"
"B","32","13001IC04101121","220513","304","305","-1","2013-05-23","2014-11-07"
"B","32","14001IC04241965T","20115","300","300","0.0000","2015-01-05","2016-07-12"
"B","32","15091IC04055318B","91015","300","300","0.0000","2015-10-14","2018-01-15"
"B","32","16001IC04087468E","80916","404","404","0.0000","2016-09-12","2019-11-20"
"B","32","17001IC04180892A","80917","216","216","0.0000","2017-09-15","2024-01-19"
"B","32","18001IC04080837W","90418","297","173","124","2018-04-13","2024-09-26"
"B","32","19001IC04015932R","240119","300","74","226","2019-01-28","2024-04-04"
"B","32","19001IC04158500Z","60919","269","11","258","2019-09-11","2021-08-11"
"B","32","20001IC04111282E","200720","414","39","375","2020-07-23","2021-12-16"
"B","32","20001IC04173188R","221020","100","101","-1","2020-10-28","2024-01-30"
"B","32","20001IC04192939W","181120","299","54","245","2020-11-24","2022-05-11"
"B","32","21001IC04054806N","190321","270","132","138","2021-03-23","2023-03-14"
"B","32","21001IC04161492N","240821","270","61","209","2021-08-30","2023-09-13"
"B","32","21001IC04245806P","131221","149","63","86","2021-12-17","2025-03-28"
"B","32","21001IC05014592M","280621","270","82","188","2021-06-30","2024-01-26"
"B","32","22001IC04105136H","160522","150","42","108","2022-05-20","2024-06-03"
"B","32","22001IC05023281X","260922","150","11","139","2022-09-26","2024-04-19"
"B","32","23001IC04049866C","280323","167","6","161","2023-03-30","2024-04-10"
"B","32","23001IC04174792W","181023","150","10","140","2023-10-27","2024-06-11"
"B","33","11001IC04199085V","61011","256","256","0.0000","2011-10-11","2012-12-04"
"B","33","11001IC04236558S","231111","101","105","-4","2011-11-29","2013-05-03"
"B","33","13001IC04101121","220513","300","301","-1","2013-05-23","2014-11-11"
"B","33","14001IC04241965T","20115","312","313","-1","2015-01-05","2016-03-28"
"B","33","15091IC04055318B","91015","300","300","0.0000","2015-10-14","2017-05-11"
"B","33","16001IC04087468E","80916","405","405","0.0000","2016-09-12","2018-10-23"
"B","33","17001IC04180892A","80917","215","215","0.0000","2017-09-15","2020-06-10"
"B","33","18001IC04080837W","90418","192","192","0.0000","2018-04-13","2021-02-19"
"B","33","19001IC04015932R","240119","340","341","-1","2019-01-28","2024-01-30"
"B","33","19001IC04158500Z","60919","270","226","44","2019-09-11","2025-04-29"
"B","33","20001IC04111282E","200720","417","48","369","2020-07-23","2022-09-15"
"B","33","20001IC04173188R","221020","100","102","-2","2020-10-28","2022-08-25"
"B","33","20001IC04192939W","181120","300","51","249","2020-11-24","2022-09-14"
"B","33","21001IC04054806N","190321","270","78","192","2021-03-23","2023-03-14"
"B","33","21001IC04161492N","240821","270","108","162","2021-08-30","2024-06-10"
"B","33","21001IC04245806P","131221","150","149","1","2021-12-17","2024-12-27"
"B","33","21001IC05014592M","280621","270","69","201","2021-06-30","2025-04-29"
"B","33","22001IC04105136H","160522","149","17","132","2022-05-20","2025-04-22"
"B","33","22001IC05023281X","260922","150","150","0.0000","2022-09-26","2025-04-21"
"B","33","23001IC04049866C","280323","167","43","124","2023-03-30","2025-01-27"
"B","33","23001IC04174792W","181023","150","10","140","2023-10-27","2024-01-15"
"B","34","11001IC04199085V","61011","263","264","-1","2011-10-11","2012-10-17"
"B","34","11001IC04236558S","231111","104","104","0.0000","2011-11-29","2013-01-23"
"B","34","13001IC04101121","220513","302","303","-1","2013-05-23","2014-07-28"
"B","34","14001IC04241965T","20115","304","304","0.0000","2015-01-05","2015-12-09"
"B","34","15091IC04055318B","91015","299","299","0.0000","2015-10-14","2016-12-15"
"B","34","16001IC04087468E","80916","406","406","0.0000","2016-09-12","2017-10-27"
"B","34","17001IC04180892A","80917","216","216","0.0000","2017-09-15","2019-02-15"
"B","34","18001IC04080837W","90418","192","192","0.0000","2018-04-13","2019-04-15"
"B","34","19001IC04015932R","240119","300","300","0.0000","2019-01-28","2021-11-18"
"B","34","19001IC04158500Z","60919","150","151","-1","2019-09-11","2022-01-20"
"B","34","20001IC04111282E","200720","417","418","-1","2020-07-23","2025-02-11"
"B","34","20001IC04173188R","221020","100","100","0.0000","2020-10-28","2024-03-14"
"B","34","20001IC04192939W","181120","300","134","166","2020-11-24","2025-03-19"
"B","34","21001IC04054806N","190321","270","74","196","2021-03-23","2023-03-28"
"B","34","21001IC04161492N","240821","270","115","155","2021-08-30","2023-10-03"
"B","34","21001IC04245806P","131221","150","76","74","2021-12-17","2025-03-07"
"B","34","21001IC05014592M","280621","270","92","178","2021-06-30","2025-03-17"
"B","34","22001IC04105136H","160522","150","81","69","2022-05-20","2025-04-03"
"B","34","22001IC05023281X","260922","149","43","106","2022-09-26","2025-01-21"
"B","34","23001IC04049866C","280323","167","45","122","2023-03-30","2025-01-27"
"B","34","23001IC04174792W","181023","150","20","130","2023-10-27","2024-12-23"
"B","35","11001IC04199085V","61011","198","199","-1","2011-10-11","2012-07-30"
"B","35","11001IC04236558S","231111","102","103","-1","2011-11-29","2012-11-05"
"B","35","13001IC04101121","220513","304","305","-1","2013-05-23","2014-05-15"
"B","35","14001IC04241965T","20115","310","310","0.0000","2015-01-05","2016-01-05"
"B","35","15091IC04055318B","91015","300","301","-1","2015-10-14","2017-03-14"
"B","35","16001IC04087468E","80916","405","407","-2","2016-09-12","2018-04-16"
"B","35","17001IC04180892A","80917","189","189","0.0000","2017-09-15","2019-03-29"
"B","35","18001IC04080837W","90418","192","192","0.0000","2018-04-13","2019-12-03"
"B","35","19001IC04015932R","240119","250","250","0.0000","2019-01-28","2020-11-06"
"B","35","19001IC04158500Z","60919","150","150","0.0000","2019-09-11","2021-01-18"
"B","35","20001IC04111282E","200720","300","300","0.0000","2020-07-23","2023-03-20"
"B","35","20001IC04173188R","221020","100","100","0.0000","2020-10-28","2022-07-12"
"B","35","20001IC04192939W","181120","300","212","88","2020-11-24","2024-10-03"
"B","35","21001IC04054806N","190321","270","77","193","2021-03-23","2023-03-01"
"B","35","21001IC04161492N","240821","270","100","170","2021-08-30","2024-06-03"
"B","35","21001IC04245806P","131221","150","150","0.0000","2021-12-17","2024-03-05"
"B","35","21001IC05014592M","280621","269","86","183","2021-06-30","2024-10-18"
"B","35","22001IC04105136H","160522","150","117","33","2022-05-20","2025-04-15"
"B","35","22001IC05023281X","260922","150","150","0.0000","2022-09-26","2025-02-11"
"B","35","23001IC04049866C","280323","167","18","149","2023-03-30","2025-01-21"
"B","35","23001IC04174792W","181023","150","4","146","2023-10-27","2023-10-27"
"B","36","11001IC04199085V","61011","254","255","-1","2011-10-11","2012-10-09"
"B","36","11001IC04236558S","231111","203","204","-1","2011-11-29","2012-12-21"
"B","36","13001IC04101121","220513","297","297","0.0000","2013-05-23","2014-06-02"
"B","36","14001IC04241965T","20115","307","308","-1","2015-01-05","2015-12-30"
"B","36","15091IC04055318B","91015","299","299","0.0000","2015-10-14","2016-10-03"
"B","36","16001IC04087468E","80916","405","406","-1","2016-09-12","2017-11-03"
"B","36","17001IC04180892A","80917","216","216","0.0000","2017-09-15","2018-11-23"
"B","36","18001IC04080837W","90418","177","177","0.0000","2018-04-13","2020-08-14"
"B","36","19001IC04015932R","240119","247","248","-1","2019-01-28","2021-02-25"
"B","36","19001IC04158500Z","60919","150","150","0.0000","2019-09-11","2021-03-26"
"B","36","20001IC04111282E","200720","299","299","0.0000","2020-07-23","2024-10-23"
"B","36","20001IC04173188R","221020","50","51","-1","2020-10-28","2021-11-23"
"B","36","20001IC04192939W","181120","300","99","201","2020-11-24","2025-02-11"
"B","36","21001IC04054806N","190321","210","52","158","2021-03-23","2024-09-23"
"B","36","21001IC04161492N","240821","210","50","160","2021-08-30","2025-02-07"
"B","36","21001IC04245806P","131221","149","149","0.0000","2021-12-17","2024-08-07"
"B","36","21001IC05014592M","280621","200","200","0.0000","2021-06-30","2024-04-12"
"B","36","22001IC04105136H","160522","150","100","50","2022-05-20","2025-04-28"
"B","36","22001IC05023281X","260922","150","150","0.0000","2022-09-26","2025-01-13"
"B","36","23001IC04049866C","280323","167","60","107","2023-03-30","2025-04-29"
"B","36","23001IC04174792W","181023","179","21","158","2023-10-27","2025-04-10"
"B","37","11001IC04199085V","61011","205","205","0.0000","2011-10-11","2012-12-03"
"B","37","11001IC04236558S","231111","204","204","0.0000","2011-11-29","2013-03-14"
"B","37","13001IC04101121","220513","405","405","0.0000","2013-05-23","2014-09-02"
"B","37","14001IC04241965T","20115","304","304","0.0000","2015-01-05","2016-01-15"
"B","37","15091IC04055318B","91015","300","300","0.0000","2015-10-14","2016-10-31"
"B","37","16001IC04087468E","80916","405","406","-1","2016-09-12","2017-12-06"
"B","37","17001IC04180892A","80917","215","215","0.0000","2017-09-15","2019-01-11"
"B","37","18001IC04080837W","90418","191","191","0.0000","2018-04-13","2020-08-14"
"B","37","19001IC04015932R","240119","250","250","0.0000","2019-01-28","2021-05-28"
"B","37","19001IC04158500Z","60919","120","120","0.0000","2019-09-11","2021-04-23"
"B","37","20001IC04111282E","200720","300","300","0.0000","2020-07-23","2022-08-24"
"B","37","20001IC04173188R","221020","50","51","-1","2020-10-28","2022-01-18"
"B","37","20001IC04192939W","181120","299","300","-1","2020-11-24","2024-03-04"
"B","37","21001IC04054806N","190321","210","189","21","2021-03-23","2025-03-31"
"B","37","21001IC04161492N","240821","208","95","113","2021-08-30","2024-03-27"
"B","37","21001IC04245806P","131221","150","151","-1","2021-12-17","2023-07-18"
"B","37","21001IC05014592M","280621","209","209","0.0000","2021-06-30","2025-03-21"
"B","37","22001IC04105136H","160522","150","27","123","2022-05-20","2023-07-04"
"B","37","22001IC05023281X","260922","150","57","93","2022-09-26","2025-04-22"
"B","37","23001IC04049866C","280323","167","166","1","2023-03-30","2025-01-03"
"B","37","23001IC04174792W","181023","180","36","144","2023-10-27","2025-04-29"
"B","38","11001IC04199085V","61011","348","348","0.0000","2011-10-11","2012-10-10"
"B","38","11001IC04236558S","231111","200","203","-3","2011-11-29","2013-02-22"
"B","38","13001IC04101121","220513","407","408","-1","2013-05-23","2014-02-25"
"B","38","14001IC04241965T","20115","406","407","-1","2015-01-05","2016-01-04"
"B","38","15091IC04055318B","91015","395","395","0.0000","2015-10-14","2017-01-05"
"B","38","16001IC04087468E","80916","406","406","0.0000","2016-09-12","2017-12-28"
"B","38","17001IC04180892A","80917","213","213","0.0000","2017-09-15","2018-09-21"
"B","38","18001IC04080837W","90418","192","192","0.0000","2018-04-13","2019-01-10"
"B","38","19001IC04015932R","240119","250","250","0.0000","2019-01-28","2019-12-23"
"B","38","19001IC04158500Z","60919","150","152","-2","2019-09-11","2020-02-26"
"B","38","20001IC04111282E","200720","300","300","0.0000","2020-07-23","2021-07-15"
"B","38","20001IC04173188R","221020","100","100","0.0000","2020-10-28","2021-03-02"
"B","38","20001IC04192939W","181120","300","300","0.0000","2020-11-24","2022-02-16"
"B","38","21001IC04054806N","190321","270","270","0.0000","2021-03-23","2022-10-19"
"B","38","21001IC04161492N","240821","270","270","0.0000","2021-08-30","2023-03-17"
"B","38","21001IC04245806P","131221","150","150","0.0000","2021-12-17","2023-04-12"
"B","38","21001IC05014592M","280621","270","270","0.0000","2021-06-30","2023-09-07"
"B","38","22001IC04105136H","160522","150","150","0.0000","2022-05-20","2023-12-26"
"B","38","22001IC05023281X","260922","145","145","0.0000","2022-09-26","2023-10-12"
"B","38","23001IC04049866C","280323","167","167","0.0000","2023-03-30","2024-03-21"
"B","38","23001IC04174792W","181023","240","240","0.0000","2023-10-27","2024-09-27"
"B","39","11001IC04199085V","61011","209","212","-3","2011-10-11","2012-10-05"
"B","39","11001IC04236558S","231111","198","199","-1","2011-11-29","2013-03-27"
"B","39","13001IC04101121","220513","300","300","0.0000","2013-05-23","2014-05-26"
"B","39","14001IC04241965T","20115","403","403","0.0000","2015-01-05","2016-09-01"
"B","39","15091IC04055318B","91015","404","405","-1","2015-10-14","2018-02-22"
"B","39","16001IC04087468E","80916","408","409","-1","2016-09-12","2020-01-20"
"B","39","17001IC04180892A","80917","215","215","0.0000","2017-09-15","2022-01-20"
"B","39","18001IC04080837W","90418","188","188","0.0000","2018-04-13","2023-09-28"
"B","39","19001IC04015932R","240119","250","250","0.0000","2019-01-28","2024-01-24"
"B","39","19001IC04158500Z","60919","110","110","0.0000","2019-09-11","2023-03-14"
"B","39","20001IC04111282E","200720","240","240","0.0000","2020-07-23","2025-02-05"
"B","39","20001IC04173188R","221020","100","100","0.0000","2020-10-28","2023-12-26"
"B","39","20001IC04192939W","181120","250","150","100","2020-11-24","2025-02-12"
"B","39","21001IC04054806N","190321","210","38","172","2021-03-23","2023-03-28"
"B","39","21001IC04161492N","240821","210","102","108","2021-08-30","2023-10-12"
"B","39","21001IC04245806P","131221","149","149","0.0000","2021-12-17","2025-02-25"
"B","39","21001IC05014592M","280621","210","128","82","2021-06-30","2025-04-03"
"B","39","22001IC04105136H","160522","150","47","103","2022-05-20","2024-12-05"
"B","39","22001IC05023281X","260922","150","37","113","2022-09-26","2025-03-21"
"B","39","23001IC04049866C","280323","167","62","105","2023-03-30","2024-05-24"
"B","39","23001IC04174792W","181023","179","45","134","2023-10-27","2025-04-03"
"B","40","11001IC04199085V","61011","404","404","0.0000","2011-10-11","2012-06-22"
"B","40","11001IC04236558S","231111","308","308","0.0000","2011-11-29","2013-04-15"
"B","40","13001IC04101121","220513","504","505","-1","2013-05-23","2014-07-23"
"B","40","14001IC04241965T","20115","500","503","-3","2015-01-05","2015-09-22"
"B","40","15091IC04055318B","91015","402","402","0.0000","2015-10-14","2017-01-02"
"B","40","16001IC04087468E","80916","395","395","0.0000","2016-09-12","2017-12-13"
"B","40","17001IC04180892A","80917","96","96","0.0000","2017-09-15","2018-04-23"
"B","40","18001IC04080837W","90418","192","192","0.0000","2018-04-13","2018-11-23"
"B","40","19001IC04015932R","240119","270","270","0.0000","2019-01-28","2019-12-18"
"B","40","19001IC04158500Z","60919","150","150","0.0000","2019-09-11","2020-08-05"
"B","40","20001IC04111282E","200720","422","422","0.0000","2020-07-23","2022-08-11"
"B","40","20001IC04173188R","221020","150","150","0.0000","2020-10-28","2021-09-27"
"B","40","20001IC04192939W","181120","400","400","0.0000","2020-11-24","2024-06-06"
"B","40","21001IC04054806N","190321","210","210","0.0000","2021-03-23","2023-08-23"
"B","40","21001IC04161492N","240821","199","199","0.0000","2021-08-30","2024-02-22"
"B","40","21001IC04245806P","131221","150","37","113","2021-12-17","2025-03-19"
"B","40","21001IC05014592M","280621","209","210","-1","2021-06-30","2024-10-23"
"B","40","22001IC04105136H","160522","150","150","0.0000","2022-05-20","2025-01-13"
"B","40","22001IC05023281X","260922","150","128","22","2022-09-26","2025-04-28"
"B","40","23001IC04049866C","280323","167","50","117","2023-03-30","2024-10-09"
"B","40","23001IC04174792W","181023","180","23","157","2023-10-27","2024-10-23"
"B","41","11001IC04199085V","61011","257","257","0.0000","2011-10-11","2012-05-07"
"B","41","11001IC04236558S","231111","190","196","-6","2011-11-29","2012-11-14"
"B","41","13001IC04101121","220513","304","304","0.0000","2013-05-23","2014-06-05"
"B","41","14001IC04241965T","20115","503","503","0.0000","2015-01-05","2017-02-08"
"B","41","15091IC04055318B","91015","406","406","0.0000","2015-10-14","2018-02-27"
"B","41","16001IC04087468E","80916","408","408","0.0000","2016-09-12","2019-11-06"
"B","41","17001IC04180892A","80917","96","96","0.0000","2017-09-15","2020-03-03"
"B","41","18001IC04080837W","90418","188","188","0.0000","2018-04-13","2020-11-02"
"B","41","19001IC04015932R","240119","250","250","0.0000","2019-01-28","2022-08-11"
"B","41","19001IC04158500Z","60919","120","123","-3","2019-09-11","2022-08-25"
"B","41","20001IC04111282E","200720","437","432","5","2020-07-23","2025-04-10"
"B","41","20001IC04173188R","221020","100","100","0.0000","2020-10-28","2023-05-19"
"B","41","20001IC04192939W","181120","300","113","187","2020-11-24","2024-09-18"
"B","41","21001IC04054806N","190321","210","210","0.0000","2021-03-23","2024-08-01"
"B","41","21001IC04161492N","240821","220","101","119","2021-08-30","2025-03-31"
"B","41","21001IC04245806P","131221","141","141","0.0000","2021-12-17","2023-11-08"
"B","41","21001IC05014592M","280621","210","37","173","2021-06-30","2023-09-14"
"B","41","22001IC04105136H","160522","150","150","0.0000","2022-05-20","2024-03-13"
"B","41","22001IC05023281X","260922","150","43","107","2022-09-26","2025-04-16"
"B","41","23001IC04049866C","280323","167","21","146","2023-03-30","2025-02-26"
"B","41","23001IC04174792W","181023","180","42","138","2023-10-27","2025-01-29"
"B","42","11001IC04199085V","61011","413","413","0.0000","2011-10-11","2012-06-01"
"B","42","11001IC04236558S","231111","202","203","-1","2011-11-29","2012-10-01"
"B","42","13001IC04101121","220513","509","510","-1","2013-05-23","2014-10-01"
"B","42","14001IC04241965T","20115","503","503","0.0000","2015-01-05","2016-01-18"
"B","42","15091IC04055318B","91015","403","412","-9","2015-10-14","2017-01-13"
"B","42","16001IC04087468E","80916","504","505","-1","2016-09-12","2017-10-19"
"B","42","17001IC04180892A","80917","95","95","0.0000","2017-09-15","2018-02-28"
"B","42","18001IC04080837W","90418","192","192","0.0000","2018-04-13","2018-10-04"
"B","42","19001IC04015932R","240119","310","310","0.0000","2019-01-28","2020-01-09"
"B","42","19001IC04158500Z","60919","150","150","0.0000","2019-09-11","2020-09-21"
"B","42","20001IC04111282E","200720","416","416","0.0000","2020-07-23","2022-02-08"
"B","42","20001IC04173188R","221020","150","150","0.0000","2020-10-28","2021-02-08"
"B","42","20001IC04192939W","181120","400","403","-3","2020-11-24","2023-06-07"
"B","42","21001IC04054806N","190321","210","210","0.0000","2021-03-23","2023-11-17"
"B","42","21001IC04161492N","240821","210","210","0.0000","2021-08-30","2023-11-02"
"B","42","21001IC04245806P","131221","150","155","-5","2021-12-17","2024-01-31"
"B","42","21001IC05014592M","280621","210","210","0.0000","2021-06-30","2024-04-19"
"B","42","22001IC04105136H","160522","150","150","0.0000","2022-05-20","2024-06-11"
"B","42","22001IC05023281X","260922","150","150","0.0000","2022-09-26","2024-09-30"
"B","42","23001IC04049866C","280323","167","168","-1","2023-03-30","2025-02-05"
"B","42","23001IC04174792W","181023","180","181","-1","2023-10-27","2025-03-12"
"B","43","11001IC04199085V","61011","209","210","-1","2011-10-11","2012-09-06"
"B","43","11001IC04236558S","231111","203","212","-9","2011-11-29","2013-03-01"
"B","43","13001IC04101121","220513","307","316","-9","2013-05-23","2014-06-03"
"B","43","14001IC04241965T","20115","407","408","-1","2015-01-05","2016-07-15"
"B","43","15091IC04055318B","91015","402","403","-1","2015-10-14","2017-11-30"
"B","43","16001IC04087468E","80916","404","404","0.0000","2016-09-12","2020-05-27"
"B","43","17001IC04180892A","80917","96","96","0.0000","2017-09-15","2020-02-12"
"B","43","18001IC04080837W","90418","190","190","0.0000","2018-04-13","2022-03-15"
"B","43","19001IC04015932R","240119","250","250","0.0000","2019-01-28","2023-12-27"
"B","43","19001IC04158500Z","60919","128","128","0.0000","2019-09-11","2024-08-20"
"B","43","20001IC04111282E","200720","300","92","208","2020-07-23","2025-03-19"
"B","43","20001IC04173188R","221020","100","100","0.0000","2020-10-28","2022-05-31"
"B","43","20001IC04192939W","181120","300","62","238","2020-11-24","2022-09-12"
"B","43","21001IC04054806N","190321","208","98","110","2021-03-23","2023-03-01"
"B","43","21001IC04161492N","240821","210","209","1","2021-08-30","2025-02-26"
"B","43","21001IC04245806P","131221","150","74","76","2021-12-17","2025-04-24"
"B","43","21001IC05014592M","280621","210","73","137","2021-06-30","2024-12-16"
"B","43","22001IC04105136H","160522","149","149","0.0000","2022-05-20","2024-06-06"
"B","43","22001IC05023281X","260922","149","149","0.0000","2022-09-26","2025-02-11"
"B","43","23001IC04049866C","280323","167","31","136","2023-03-30","2024-08-19"
"B","43","23001IC04174792W","181023","179","33","146","2023-10-27","2025-02-14"
"B","44","11001IC04199085V","61011","512","513","-1","2011-10-11","2013-01-11"
"B","44","11001IC04236558S","231111","204","204","0.0000","2011-11-29","2013-08-14"
"B","44","13001IC04101121","220513","500","501","-1","2013-05-23","2015-01-13"
"B","44","14001IC04026899D","100214","300","300","0.0000","2014-02-10","2015-10-15"
"B","44","14001IC04241965T","20115","412","412","0.0000","2015-01-05","2017-03-09"
"B","44","15091IC04055318B","91015","502","502","0.0000","2015-10-14","2018-09-21"
"B","44","16001IC04087468E","80916","504","504","0.0000","2016-09-12","2022-06-07"
"B","44","17001IC04180892A","80917","95","95","0.0000","2017-09-15","2020-10-01"
"B","44","18001IC04080837W","90418","408","408","0.0000","2018-04-13","2023-09-28"
"B","44","19001IC04015932R","240119","300","132","168","2019-01-28","2025-04-11"
"B","44","19001IC04158500Z","60919","150","150","0.0000","2019-09-11","2022-11-29"
"B","44","20001IC04111282E","200720","419","120","299","2020-07-23","2025-03-28"
"B","44","20001IC04173188R","221020","150","150","0.0000","2020-10-28","2024-07-16"
"B","44","20001IC04192939W","181120","400","87","313","2020-11-24","2022-09-14"
"B","44","21001IC04054806N","190321","210","88","122","2021-03-23","2025-04-03"
"B","44","21001IC04161492N","240821","216","216","0.0000","2021-08-30","2024-12-18"
"B","44","21001IC04245806P","131221","147","26","121","2021-12-17","2023-11-07"
"B","44","21001IC05014592M","280621","210","58","152","2021-06-30","2023-12-04"
"B","44","22001IC04105136H","160522","150","151","-1","2022-05-20","2025-03-19"
"B","44","22001IC05023281X","260922","150","150","0.0000","2022-09-26","2023-12-27"
"B","44","23001IC04049866C","280323","167","167","0.0000","2023-03-30","2024-04-19"
"B","44","23001IC04174792W","181023","240","37","203","2023-10-27","2025-02-26"
"B","45","11001IC04199085V","61011","399","400","-1","2011-10-11","2012-11-14"
"B","45","11001IC04236558S","231111","201","201","0.0000","2011-11-29","2013-04-19"
"B","45","13001IC04101121","220513","500","501","-1","2013-05-23","2014-09-12"
"B","45","14001IC04026899D","100214","296","297","-1","2014-02-10","2015-03-17"
"B","45","14001IC04241965T","20115","504","504","0.0000","2015-01-05","2016-06-29"
"B","45","15091IC04055318B","91015","502","502","0.0000","2015-10-14","2017-10-18"
"B","45","16001IC04087468E","80916","424","424","0.0000","2016-09-12","2018-10-08"
"B","45","17001IC04180892A","80917","93","93","0.0000","2017-09-15","2019-01-31"
"B","45","18001IC04080837W","90418","503","503","0.0000","2018-04-13","2020-11-02"
"B","45","19001IC04015932R","240119","300","300","0.0000","2019-01-28","2022-03-30"
"B","45","19001IC04158500Z","60919","150","152","-2","2019-09-11","2022-08-24"
"B","45","20001IC04111282E","200720","411","350","61","2020-07-23","2025-02-04"
"B","45","20001IC04173188R","221020","150","150","0.0000","2020-10-28","2023-06-21"
"B","45","20001IC04192939W","181120","400","97","303","2020-11-24","2022-09-20"
"B","45","21001IC04054806N","190321","210","210","0.0000","2021-03-23","2024-06-19"
"B","45","21001IC04161492N","240821","220","220","0.0000","2021-08-30","2024-08-08"
"B","45","21001IC04245806P","131221","160","160","0.0000","2021-12-17","2024-06-11"
"B","45","21001IC05014592M","280621","210","124","86","2021-06-30","2025-03-28"
"B","45","22001IC04105136H","160522","149","148","1","2022-05-20","2024-09-26"
"B","45","22001IC05023281X","260922","146","64","82","2022-09-26","2025-04-24"
"B","45","23001IC04049866C","280323","167","26","141","2023-03-30","2024-12-16"
"B","45","23001IC04174792W","181023","240","54","186","2023-10-27","2025-02-26"
"B","46","11001IC04199085V","61011","412","413","-1","2011-10-11","2012-09-12"
"B","46","11001IC04236558S","231111","200","201","-1","2011-11-29","2013-01-21"
"B","46","13001IC04101121","220513","602","603","-1","2013-05-23","2014-10-20"
"B","46","14001IC04026899D","100214","402","402","0.0000","2014-02-10","2015-07-08"
"B","46","14001IC04241965T","20115","500","501","-1","2015-01-05","2016-08-25"
"B","46","15091IC04055318B","91015","499","499","0.0000","2015-10-14","2017-09-05"
"B","46","16001IC04087468E","80916","600","600","0.0000","2016-09-12","2019-04-15"
"B","46","17001IC04180892A","80917","100","100","0.0000","2017-09-15","2019-04-26"
"B","46","18001IC04080837W","90418","486","486","0.0000","2018-04-13","2021-02-02"
"B","46","19001IC04015932R","240119","388","388","0.0000","2019-01-28","2022-11-28"
"B","46","19001IC04158500Z","60919","210","210","0.0000","2019-09-11","2023-11-17"
"B","46","20001IC04111282E","200720","297","297","0.0000","2020-07-23","2023-09-04"
"B","46","20001IC04173188R","221020","150","151","-1","2020-10-28","2022-10-03"
"B","46","20001IC04192939W","181120","400","402","-2","2020-11-24","2025-03-20"
"B","46","21001IC04054806N","190321","270","167","103","2021-03-23","2025-03-13"
"B","46","21001IC04161492N","240821","264","264","0.0000","2021-08-30","2024-12-09"
"B","46","21001IC04245806P","131221","203","202","1","2021-12-17","2025-03-11"
"B","46","21001IC05014592M","280621","270","76","194","2021-06-30","2024-11-20"
"B","46","22001IC04105136H","160522","210","173","37","2022-05-20","2025-04-29"
"B","46","22001IC05023281X","260922","208","208","0.0000","2022-09-26","2024-08-08"
"B","46","23001IC04049866C","280323","400","69","331","2023-03-30","2025-01-29"
"B","46","23001IC04174792W","181023","357","105","252","2023-10-27","2025-02-26"
"B","47","11001IC04199085V","61011","446","447","-1","2011-10-11","2012-09-25"
"B","47","11001IC04236558S","231111","200","200","0.0000","2011-11-29","2013-03-12"
"B","47","13001IC04101121","220513","709","709","0.0000","2013-05-23","2014-12-15"
"B","47","14001IC04026899D","100214","404","404","0.0000","2014-02-10","2015-06-29"
"B","47","14001IC04241965T","20115","496","496","0.0000","2015-01-05","2016-10-31"
"B","47","15091IC04055318B","91015","497","498","-1","2015-10-14","2017-12-27"
"B","47","16001IC04087468E","80916","803","804","-1","2016-09-12","2019-10-11"
"B","47","18001IC04080837W","90418","504","504","0.0000","2018-04-13","2024-03-05"
"B","47","19001IC04015932R","240119","420","424","-4","2019-01-28","2024-01-31"
"B","47","19001IC04158500Z","60919","269","265","4","2019-09-11","2025-03-28"
"B","47","20001IC04111282E","200720","299","158","141","2020-07-23","2025-04-29"
"B","47","20001IC04173188R","221020","100","101","-1","2020-10-28","2021-09-30"
"B","47","20001IC04192939W","181120","400","75","325","2020-11-24","2025-03-07"
"B","47","21001IC04054806N","190321","270","110","160","2021-03-23","2023-03-14"
"B","47","21001IC04161492N","240821","270","151","119","2021-08-30","2023-10-11"
"B","47","21001IC04245806P","131221","210","54","156","2021-12-17","2025-04-03"
"B","47","21001IC05014592M","280621","270","164","106","2021-06-30","2025-04-03"
"B","47","22001IC04105136H","160522","210","210","0.0000","2022-05-20","2025-02-18"
"B","47","22001IC05023281X","260922","210","54","156","2022-09-26","2025-02-26"
"B","47","23001IC04049866C","280323","400","20","380","2023-03-30","2023-11-15"
"B","47","23001IC04174792W","181023","360","37","323","2023-10-27","2024-12-05"
"B","48","11001IC04199085V","61011","705","708","-3","2011-10-11","2012-10-01"
"B","48","11001IC04236558S","231111","300","300","0.0000","2011-11-29","2012-12-21"
"B","48","13001IC04101121","220513","1005","1006","-1","2013-05-23","2014-12-03"
"B","48","14001IC04026899D","100214","801","801","0.0000","2014-02-10","2016-11-14"
"B","48","14001IC04241965T","20115","810","810","0.0000","2015-01-05","2018-01-31"
"B","48","15091IC04055318B","91015","498","498","0.0000","2015-10-14","2019-01-23"
"B","48","16001IC04087468E","80916","1000","1001","-1","2016-09-12","2023-01-17"
"B","48","18001IC04080837W","90418","917","562","355","2018-04-13","2025-03-19"
"B","48","19001IC04015932R","240119","500","93","407","2019-01-28","2023-07-19"
"B","48","19001IC04158500Z","60919","538","187","351","2019-09-11","2023-04-04"
"B","48","20001IC04111282E","200720","416","75","341","2020-07-23","2022-04-26"
"B","48","20001IC04192939W","181120","597","156","441","2020-11-24","2024-06-26"
"B","48","21001IC04054806N","190321","270","271","-1","2021-03-23","2024-07-18"
"B","48","21001IC04161492N","240821","270","270","0.0000","2021-08-30","2023-08-08"
"B","48","21001IC04245806P","131221","270","155","115","2021-12-17","2024-06-12"
"B","48","21001IC05014592M","280621","270","219","51","2021-06-30","2025-04-29"
"B","48","22001IC04105136H","160522","270","131","139","2022-05-20","2025-02-25"
"B","48","22001IC05023281X","260922","270","23","247","2022-09-26","2025-03-07"
"B","48","23001IC04049866C","280323","500","45","455","2023-03-30","2025-02-20"
"B","48","23001IC04174792W","181023","510","93","417","2023-10-27","2025-02-26"
"B","49","11001IC04199085V","61011","709","712","-3","2011-10-11","2012-09-26"
"B","49","11001IC04236558S","231111","300","303","-3","2011-11-29","2013-01-04"
"B","49","13001IC04101121","220513","1004","1007","-3","2013-05-23","2014-11-13"
"B","49","14001IC04026899D","100214","50","52","-2","2014-02-10","2014-10-08"
"B","49","14001IC04241965T","20115","807","807","0.0000","2015-01-05","2016-04-15"
"B","49","15091IC04055318B","91015","495","495","0.0000","2015-10-14","2017-04-26"
"B","49","16001IC04087468E","80916","1006","1008","-2","2016-09-12","2018-04-06"
"B","49","18001IC04080837W","90418","1005","1005","0.0000","2018-04-13","2020-11-18"
"B","49","19001IC04015932R","240119","500","500","0.0000","2019-01-28","2021-07-14"
"B","49","19001IC04158500Z","60919","510","512","-2","2019-09-11","2023-01-18"
"B","49","20001IC04111282E","200720","420","421","-1","2020-07-23","2023-07-20"
"B","49","20001IC04192939W","181120","599","293","306","2020-11-24","2025-03-20"
"B","49","21001IC04054806N","190321","270","270","0.0000","2021-03-23","2024-06-06"
"B","49","21001IC04161492N","240821","265","265","0.0000","2021-08-30","2024-04-05"
"B","49","21001IC04245806P","131221","270","269","1","2021-12-17","2025-01-24"
"B","49","21001IC05014592M","280621","270","270","0.0000","2021-06-30","2024-09-02"
"B","49","22001IC04105136H","160522","268","152","116","2022-05-20","2025-04-28"
"B","49","22001IC05023281X","260922","269","62","207","2022-09-26","2024-02-19"
"B","49","23001IC04049866C","280323","500","25","475","2023-03-30","2025-03-07"
"B","49","23001IC04174792W","181023","508","48","460","2023-10-27","2025-02-20"
"B","50","11001IC04199085V","61011","556","557","-1","2011-10-11","2012-08-28"
"B","50","11001IC04236558S","231111","257","258","-1","2011-11-29","2013-03-04"
"B","50","13001IC04101121","220513","505","506","-1","2013-05-23","2014-09-10"
"B","50","14001IC04026899D","100214","303","304","-1","2014-02-10","2015-01-12"
"B","50","14001IC04241965T","20115","515","515","0.0000","2015-01-05","2016-07-11"
"B","50","15091IC04055318B","91015","503","503","0.0000","2015-10-14","2017-10-20"
"B","50","16001IC04087468E","80916","794","794","0.0000","2016-09-12","2019-05-16"
"B","50","17001IC04180892A","80917","48","48","0.0000","2017-09-15","2018-02-02"
"B","50","18001IC04080837W","90418","288","288","0.0000","2018-04-13","2020-10-01"
"B","50","19001IC04015932R","240119","396","397","-1","2019-01-28","2021-06-02"
"B","50","19001IC04158500Z","60919","146","146","0.0000","2019-09-11","2021-08-17"
"B","50","20001IC04111282E","200720","305","305","0.0000","2020-07-23","2023-01-05"
"B","50","20001IC04173188R","221020","150","150","0.0000","2020-10-28","2022-12-27"
"B","50","20001IC04192939W","181120","400","400","0.0000","2020-11-24","2024-05-08"
"B","50","21001IC04054806N","190321","280","254","26","2021-03-23","2025-04-29"
"B","50","21001IC04161492N","240821","270","270","0.0000","2021-08-30","2024-08-06"
"B","50","21001IC04245806P","131221","240","87","153","2021-12-17","2024-06-11"
"B","50","21001IC05014592M","280621","266","269","-3","2021-06-30","2025-02-13"
"B","50","22001IC04105136H","160522","240","131","109","2022-05-20","2025-04-04"
"B","50","22001IC05023281X","260922","240","70","170","2022-09-26","2024-07-10"
"B","50","23001IC04049866C","280323","233","37","196","2023-03-30","2025-04-22"
"B","50","23001IC04174792W","181023","240","53","187","2023-10-27","2025-02-26"
"B","51","11001IC04199085V","61011","503","503","0.0000","2011-10-11","2013-02-14"
"B","51","11001IC04236558S","231111","252","252","0.0000","2011-11-29","2013-05-10"
"B","51","16001IC04087468E","80916","405","407","-2","2016-09-12","2017-08-24"
"B","51","17001IC04180892A","80917","407","408","-1","2017-09-15","2018-07-30"
"B","51","18001IC04080837W","90418","282","282","0.0000","2018-04-13","2020-01-09"
"B","51","19001IC04015932R","240119","244","244","0.0000","2019-01-28","2021-04-20"
"B","51","19001IC04158500Z","60919","150","150","0.0000","2019-09-11","2024-04-17"
"B","51","20001IC04111282E","200720","300","300","0.0000","2020-07-23","2024-07-18"
"B","51","20001IC04173188R","221020","150","150","0.0000","2020-10-28","2022-04-06"
"B","51","20001IC04192939W","181120","300","142","158","2020-11-24","2025-04-28"
"B","51","21001IC04054806N","190321","205","206","-1","2021-03-23","2024-07-16"
"B","51","21001IC04161492N","240821","210","210","0.0000","2021-08-30","2023-08-10"
"B","51","21001IC04245806P","131221","240","70","170","2021-12-17","2025-03-27"
"B","51","21001IC05014592M","280621","205","205","0.0000","2021-06-30","2025-03-31"
"B","51","22001IC04105136H","160522","240","105","135","2022-05-20","2025-04-01"
"B","51","22001IC05023281X","260922","240","37","203","2022-09-26","2024-10-23"
"B","51","23001IC04049866C","280323","233","6","227","2023-03-30","2024-12-12"
"B","51","23001IC04174792W","181023","239","40","199","2023-10-27","2025-04-29"
"B","52","11001IC04199085V","61011","503","503","0.0000","2011-10-11","2012-06-29"
"B","52","11001IC04236558S","231111","250","251","-1","2011-11-29","2012-11-19"
"B","52","16001IC04087468E","80916","404","404","0.0000","2016-09-12","2017-06-01"
"B","52","17001IC04180892A","80917","407","407","0.0000","2017-09-15","2018-03-08"
"B","52","18001IC04080837W","90418","288","301","-13","2018-04-13","2019-01-24"
"B","52","19001IC04015932R","240119","260","260","0.0000","2019-01-28","2019-08-22"
"B","52","19001IC04158500Z","60919","150","150","0.0000","2019-09-11","2021-01-22"
"B","52","20001IC04111282E","200720","294","294","0.0000","2020-07-23","2021-04-26"
"B","52","20001IC04173188R","221020","150","150","0.0000","2020-10-28","2021-07-29"
"B","52","20001IC04192939W","181120","410","410","0.0000","2020-11-24","2022-12-27"
"B","52","21001IC04054806N","190321","210","210","0.0000","2021-03-23","2022-11-02"
"B","52","21001IC04161492N","240821","210","210","0.0000","2021-08-30","2023-10-03"
"B","52","21001IC04245806P","131221","237","237","0.0000","2021-12-17","2024-04-04"
"B","52","21001IC05014592M","280621","220","220","0.0000","2021-06-30","2023-05-08"
"B","52","22001IC04105136H","160522","240","240","0.0000","2022-05-20","2025-03-05"
"B","52","22001IC05023281X","260922","240","240","0.0000","2022-09-26","2024-04-19"
"B","52","23001IC04049866C","280323","233","233","0.0000","2023-03-30","2024-08-22"
"B","52","23001IC04174792W","181023","238","238","0.0000","2023-10-27","2025-04-29"
"B","53","11001IC04199085V","61011","403","404","-1","2011-10-11","2013-03-15"
"B","53","11001IC04236558S","231111","202","202","0.0000","2011-11-29","2013-04-25"
"B","53","16001IC04087468E","80916","396","399","-3","2016-09-12","2017-08-03"
"B","53","17001IC04180892A","80917","376","376","0.0000","2017-09-15","2018-07-17"
"B","53","18001IC04080837W","90418","192","194","-2","2018-04-13","2018-12-04"
"B","53","19001IC04015932R","240119","262","262","0.0000","2019-01-28","2020-01-09"
"B","53","19001IC04158500Z","60919","150","150","0.0000","2019-09-11","2020-10-15"
"B","53","20001IC04111282E","200720","298","298","0.0000","2020-07-23","2021-05-17"
"B","53","20001IC04173188R","221020","150","150","0.0000","2020-10-28","2021-12-02"
"B","53","20001IC04192939W","181120","300","300","0.0000","2020-11-24","2023-02-02"
"B","53","21001IC04054806N","190321","210","216","-6","2021-03-23","2023-06-07"
"B","53","21001IC04161492N","240821","210","210","0.0000","2021-08-30","2024-04-19"
"B","53","21001IC04245806P","131221","148","149","-1","2021-12-17","2024-01-30"
"B","53","21001IC05014592M","280621","210","211","-1","2021-06-30","2025-02-12"
"B","53","22001IC04105136H","160522","150","149","1","2022-05-20","2024-11-20"
"B","53","22001IC05023281X","260922","150","150","0.0000","2022-09-26","2025-02-26"
"B","53","23001IC04049866C","280323","167","48","119","2023-03-30","2025-04-28"
"B","53","23001IC04174792W","181023","180","68","112","2023-10-27","2025-02-20"
"B","54","11001IC04199085V","61011","523","523","0.0000","2011-10-11","2012-12-03"
"B","54","11001IC04236558S","231111","192","194","-2","2011-11-29","2013-01-08"
"B","54","16001IC04087468E","80916","400","402","-2","2016-09-12","2017-06-30"
"B","54","17001IC04180892A","80917","405","406","-1","2017-09-15","2018-05-21"
"B","54","18001IC04080837W","90418","192","192","0.0000","2018-04-13","2019-11-28"
"B","54","19001IC04015932R","240119","250","250","0.0000","2019-01-28","2019-10-04"
"B","54","19001IC04158500Z","60919","150","151","-1","2019-09-11","2020-06-03"
"B","54","20001IC04111282E","200720","300","300","0.0000","2020-07-23","2021-04-29"
"B","54","20001IC04173188R","221020","150","152","-2","2020-10-28","2021-08-24"
"B","54","20001IC04192939W","181120","300","301","-1","2020-11-24","2023-01-18"
"B","54","21001IC04054806N","190321","210","210","0.0000","2021-03-23","2022-12-27"
"B","54","21001IC04161492N","240821","209","209","0.0000","2021-08-30","2023-04-10"
"B","54","21001IC04245806P","131221","150","150","0.0000","2021-12-17","2024-04-23"
"B","54","21001IC05014592M","280621","210","210","0.0000","2021-06-30","2023-07-20"
"B","54","22001IC04105136H","160522","150","150","0.0000","2022-05-20","2024-06-11"
"B","54","22001IC05023281X","260922","150","150","0.0000","2022-09-26","2023-10-03"
"B","54","23001IC04049866C","280323","167","167","0.0000","2023-03-30","2024-03-05"
"B","54","23001IC04174792W","181023","180","181","-1","2023-10-27","2024-08-19"
"B","55","11001IC04199085V","61011","416","417","-1","2011-10-11","2013-01-11"
"B","55","11001IC04236558S","231111","152","152","0.0000","2011-11-29","2013-05-10"
"B","55","16001IC04087468E","80916","406","407","-1","2016-09-12","2017-11-03"
"B","55","17001IC04180892A","80917","396","396","0.0000","2017-09-15","2018-10-08"
"B","55","18001IC04080837W","90418","174","174","0.0000","2018-04-13","2019-06-04"
"B","55","19001IC04015932R","240119","250","250","0.0000","2019-01-28","2020-08-17"
"B","55","19001IC04158500Z","60919","150","151","-1","2019-09-11","2021-07-29"
"B","55","20001IC04111282E","200720","299","299","0.0000","2020-07-23","2022-02-08"
"B","55","20001IC04173188R","221020","150","152","-2","2020-10-28","2022-08-23"
"B","55","20001IC04192939W","181120","300","274","26","2020-11-24","2025-02-07"
"B","55","21001IC04054806N","190321","177","173","4","2021-03-23","2025-02-26"
"B","55","21001IC04161492N","240821","180","180","0.0000","2021-08-30","2024-04-10"
"B","55","21001IC04245806P","131221","120","120","0.0000","2021-12-17","2023-11-28"
"B","55","21001IC05014592M","280621","179","68","111","2021-06-30","2025-04-24"
"B","55","22001IC04105136H","160522","120","120","0.0000","2022-05-20","2024-11-13"
"B","55","22001IC05023281X","260922","120","120","0.0000","2022-09-26","2024-12-27"
"B","55","23001IC04049866C","280323","133","133","0.0000","2023-03-30","2025-04-21"
"B","55","23001IC04174792W","181023","180","42","138","2023-10-27","2025-03-25"
"B","56","11001IC04199085V","61011","295","296","-1","2011-10-11","2012-10-09"
"B","56","11001IC04236558S","231111","153","153","0.0000","2011-11-29","2013-02-22"
"B","56","16001IC04087468E","80916","405","405","0.0000","2016-09-12","2017-08-18"
"B","56","17001IC04180892A","80917","402","402","0.0000","2017-09-15","2018-05-15"
"B","56","18001IC04080837W","90418","192","192","0.0000","2018-04-13","2019-04-17"
"B","56","19001IC04015932R","240119","258","258","0.0000","2019-01-28","2020-01-30"
"B","56","19001IC04158500Z","60919","150","150","0.0000","2019-09-11","2020-10-01"
"B","56","20001IC04111282E","200720","179","179","0.0000","2020-07-23","2021-04-23"
"B","56","20001IC04173188R","221020","150","150","0.0000","2020-10-28","2021-09-22"
"B","56","20001IC04192939W","181120","293","293","0.0000","2020-11-24","2022-05-05"
"B","56","21001IC04054806N","190321","180","180","0.0000","2021-03-23","2022-07-20"
"B","56","21001IC04161492N","240821","180","180","0.0000","2021-08-30","2023-02-08"
"B","56","21001IC04245806P","131221","120","121","-1","2021-12-17","2023-04-20"
"B","56","21001IC05014592M","280621","180","181","-1","2021-06-30","2023-07-20"
"B","56","22001IC04105136H","160522","119","119","0.0000","2022-05-20","2023-11-21"
"B","56","22001IC05023281X","260922","120","120","0.0000","2022-09-26","2023-10-27"
"B","56","23001IC04049866C","280323","133","133","0.0000","2023-03-30","2023-10-05"
"B","56","23001IC04174792W","181023","180","180","0.0000","2023-10-27","2023-12-13"
"B","57","11001IC04199085V","61011","397","415","-18","2011-10-11","2012-07-10"
"B","57","11001IC04236558S","231111","153","153","0.0000","2011-11-29","2012-12-21"
"B","57","16001IC04087468E","80916","402","403","-1","2016-09-12","2017-12-18"
"B","57","17001IC04180892A","80917","405","405","0.0000","2017-09-15","2018-11-23"
"B","57","18001IC04080837W","90418","189","189","0.0000","2018-04-13","2019-12-23"
"B","57","19001IC04015932R","240119","253","254","-1","2019-01-28","2021-07-29"
"B","57","19001IC04158500Z","60919","148","148","0.0000","2019-09-11","2021-08-17"
"B","57","20001IC04111282E","200720","177","177","0.0000","2020-07-23","2022-08-12"
"B","57","20001IC04173188R","221020","150","150","0.0000","2020-10-28","2023-05-19"
"B","57","20001IC04192939W","181120","296","275","21","2020-11-24","2025-04-28"
"B","57","21001IC04054806N","190321","180","51","129","2021-03-23","2023-02-08"
"B","57","21001IC04161492N","240821","180","180","0.0000","2021-08-30","2024-05-08"
"B","57","21001IC04245806P","131221","120","122","-2","2021-12-17","2024-10-09"
"B","57","21001IC05014592M","280621","180","43","137","2021-06-30","2024-08-22"
"B","57","22001IC04105136H","160522","120","120","0.0000","2022-05-20","2023-11-08"
"B","57","22001IC05023281X","260922","120","120","0.0000","2022-09-26","2023-12-26"
"B","57","23001IC04049866C","280323","133","92","41","2023-03-30","2025-04-28"
"B","57","23001IC04174792W","181023","180","37","143","2023-10-27","2025-02-05"
"B","58","11001IC04199085V","61011","305","305","0.0000","2011-10-11","2012-06-19"
"B","58","11001IC04236558S","231111","204","205","-1","2011-11-29","2012-12-05"
"B","58","16001IC04087468E","80916","408","412","-4","2016-09-12","2017-08-28"
"B","58","17001IC04180892A","80917","404","405","-1","2017-09-15","2018-08-13"
"B","58","18001IC04080837W","90418","192","192","0.0000","2018-04-13","2019-01-11"
"B","58","19001IC04015932R","240119","261","261","0.0000","2019-01-28","2019-12-02"
"B","58","19001IC04158500Z","60919","150","151","-1","2019-09-11","2020-07-07"
"B","58","20001IC04111282E","200720","180","180","0.0000","2020-07-23","2021-03-05"
"B","58","20001IC04173188R","221020","150","150","0.0000","2020-10-28","2021-04-30"
"B","58","20001IC04192939W","181120","300","300","0.0000","2020-11-24","2021-11-30"
"B","58","21001IC04054806N","190321","180","180","0.0000","2021-03-23","2022-07-06"
"B","58","21001IC04161492N","240821","180","180","0.0000","2021-08-30","2023-05-16"
"B","58","21001IC04245806P","131221","120","120","0.0000","2021-12-17","2023-04-17"
"B","58","21001IC05014592M","280621","180","180","0.0000","2021-06-30","2023-10-11"
"B","58","22001IC04105136H","160522","120","120","0.0000","2022-05-20","2023-09-15"
"B","58","22001IC05023281X","260922","118","118","0.0000","2022-09-26","2023-03-22"
"B","58","23001IC04049866C","280323","133","133","0.0000","2023-03-30","2024-02-22"
"B","58","23001IC04174792W","181023","180","182","-2","2023-10-27","2024-02-14"
"B","59","11001IC04199085V","61011","399","400","-1","2011-10-11","2012-12-28"
"B","59","11001IC04236558S","231111","155","162","-7","2011-11-29","2013-03-12"
"B","59","16001IC04087468E","80916","410","410","0.0000","2016-09-12","2017-10-20"
"B","59","17001IC04180892A","80917","402","402","0.0000","2017-09-15","2019-01-03"
"B","59","18001IC04080837W","90418","192","192","0.0000","2018-04-13","2019-07-08"
"B","59","19001IC04015932R","240119","270","271","-1","2019-01-28","2021-02-19"
"B","59","19001IC04158500Z","60919","150","151","-1","2019-09-11","2021-08-09"
"B","59","20001IC04111282E","200720","179","179","0.0000","2020-07-23","2022-09-20"
"B","59","20001IC04173188R","221020","150","150","0.0000","2020-10-28","2023-09-07"
"B","59","20001IC04192939W","181120","300","300","0.0000","2020-11-24","2024-05-24"
"B","59","21001IC04054806N","190321","176","39","137","2021-03-23","2024-09-04"
"B","59","21001IC04161492N","240821","180","180","0.0000","2021-08-30","2025-03-20"
"B","59","21001IC04245806P","131221","115","117","-2","2021-12-17","2024-07-16"
"B","59","21001IC05014592M","280621","173","142","31","2021-06-30","2025-04-28"
"B","59","22001IC04105136H","160522","110","110","0.0000","2022-05-20","2024-04-09"
"B","59","22001IC05023281X","260922","120","120","0.0000","2022-09-26","2024-09-30"
"B","59","23001IC04049866C","280323","133","5","128","2023-03-30","2023-05-08"
"B","59","23001IC04174792W","181023","180","128","52","2023-10-27","2025-04-29"
"B","60","11001IC04199085V","61011","509","509","0.0000","2011-10-11","2012-08-28"
"B","60","11001IC04236558S","231111","148","149","-1","2011-11-29","2012-12-26"
"B","60","16001IC04087468E","80916","350","350","0.0000","2016-09-12","2017-07-28"
"B","60","17001IC04058927D","290317","54","54","0.0000","2017-04-04","2017-05-18"
"B","60","17001IC04180892A","80917","408","408","0.0000","2017-09-15","2018-05-15"
"B","60","18001IC04080837W","90418","284","284","0.0000","2018-04-13","2019-01-03"
"B","60","19001IC04015932R","240119","270","270","0.0000","2019-01-28","2019-10-04"
"B","60","19001IC04158500Z","60919","147","148","-1","2019-09-11","2020-02-04"
"B","60","20001IC04111282E","200720","180","180","0.0000","2020-07-23","2020-12-18"
"B","60","20001IC04173188R","221020","200","205","-5","2020-10-28","2021-04-30"
"B","60","20001IC04192939W","181120","400","400","0.0000","2020-11-24","2021-11-11"
"B","60","21001IC04054806N","190321","181","181","0.0000","2021-03-23","2022-02-14"
"B","60","21001IC04161492N","240821","185","185","0.0000","2021-08-30","2022-08-23"
"B","60","21001IC04245806P","131221","120","120","0.0000","2021-12-17","2022-11-07"
"B","60","21001IC05014592M","280621","197","197","0.0000","2021-06-30","2022-12-02"
"B","60","22001IC04105136H","160522","119","123","-4","2022-05-20","2023-03-01"
"B","60","22001IC05023281X","260922","120","121","-1","2022-09-26","2023-06-07"
"B","60","23001IC04049866C","280323","133","134","-1","2023-03-30","2023-05-08"
"B","60","23001IC04174792W","181023","180","181","-1","2023-10-27","2024-01-11"
"B","61","11001IC04199085V","61011","353","353","0.0000","2011-10-11","2012-07-12"
"B","61","11001IC04236558S","231111","150","150","0.0000","2011-11-29","2012-11-14"
"B","61","16001IC04087468E","80916","305","307","-2","2016-09-12","2017-04-28"
"B","61","17001IC04180892A","80917","408","408","0.0000","2017-09-15","2018-07-17"
"B","61","18001IC04080837W","90418","271","272","-1","2018-04-13","2019-07-11"
"B","61","19001IC04015932R","240119","250","250","0.0000","2019-01-28","2020-08-18"
"B","61","19001IC04158500Z","60919","150","154","-4","2019-09-11","2020-09-24"
"B","61","20001IC04111282E","200720","180","180","0.0000","2020-07-23","2021-10-12"
"B","61","20001IC04173188R","221020","200","200","0.0000","2020-10-28","2021-12-02"
"B","61","20001IC04192939W","181120","250","250","0.0000","2020-11-24","2022-07-20"
"B","61","21001IC04054806N","190321","167","167","0.0000","2021-03-23","2022-10-27"
"B","61","21001IC04161492N","240821","173","175","-2","2021-08-30","2023-06-07"
"B","61","21001IC04245806P","131221","120","120","0.0000","2021-12-17","2023-08-02"
"B","61","21001IC05014592M","280621","178","178","0.0000","2021-06-30","2023-12-26"
"B","61","22001IC04105136H","160522","116","116","0.0000","2022-05-20","2024-05-31"
"B","61","22001IC05023281X","260922","120","120","0.0000","2022-09-26","2024-04-17"
"B","61","23001IC04049866C","280323","133","134","-1","2023-03-30","2024-07-30"
"B","61","23001IC04174792W","181023","180","182","-2","2023-10-27","2025-01-07"
"B","62","11001IC04199085V","61011","408","408","0.0000","2011-10-11","2012-09-05"
"B","62","11001IC04236558S","231111","152","155","-3","2011-11-29","2012-10-31"
"B","62","16001IC04087468E","80916","296","296","0.0000","2016-09-12","2017-03-28"
"B","62","17001IC04180892A","80917","398","405","-7","2017-09-15","2018-04-03"
"B","62","18001IC04080837W","90418","270","270","0.0000","2018-04-13","2018-12-20"
"B","62","19001IC04015932R","240119","267","269","-2","2019-01-28","2019-09-18"
"B","62","19001IC04158500Z","60919","240","241","-1","2019-09-11","2020-05-27"
"B","62","20001IC04111282E","200720","179","179","0.0000","2020-07-23","2020-12-04"
"B","62","20001IC04173188R","221020","200","200","0.0000","2020-10-28","2021-03-19"
"B","62","20001IC04192939W","181120","400","401","-1","2020-11-24","2022-03-08"
"B","62","21001IC04054806N","190321","210","210","0.0000","2021-03-23","2022-07-19"
"B","62","21001IC04161492N","240821","205","205","0.0000","2021-08-30","2022-10-19"
"B","62","21001IC04245806P","131221","154","155","-1","2021-12-17","2023-09-18"
"B","62","21001IC05014592M","280621","210","210","0.0000","2021-06-30","2023-07-14"
"B","62","22001IC04105136H","160522","150","150","0.0000","2022-05-20","2024-01-18"
"B","62","22001IC05023281X","260922","150","150","0.0000","2022-09-26","2023-06-30"
"B","62","23001IC04049866C","280323","167","167","0.0000","2023-03-30","2023-11-30"
"B","62","23001IC04174792W","181023","180","181","-1","2023-10-27","2024-09-26"
"B","63","11001IC04199085V","61011","356","357","-1","2011-10-11","2012-11-05"
"B","63","11001IC04236558S","231111","203","211","-8","2011-11-29","2013-03-12"
"B","63","16001IC04087468E","80916","305","305","0.0000","2016-09-12","2017-06-06"
"B","63","17001IC04180892A","80917","408","409","-1","2017-09-15","2018-05-24"
"B","63","18001IC04080837W","90418","303","304","-1","2018-04-13","2018-12-05"
"B","63","19001IC04015932R","240119","270","270","0.0000","2019-01-28","2020-02-26"
"B","63","19001IC04158500Z","60919","149","149","0.0000","2019-09-11","2020-12-17"
"B","63","20001IC04111282E","200720","179","179","0.0000","2020-07-23","2021-08-03"
"B","63","20001IC04173188R","221020","200","200","0.0000","2020-10-28","2021-07-14"
"B","63","20001IC04192939W","181120","250","251","-1","2020-11-24","2022-02-03"
"B","63","21001IC04054806N","190321","190","190","0.0000","2021-03-23","2022-11-18"
"B","63","21001IC04161492N","240821","180","180","0.0000","2021-08-30","2023-03-08"
"B","63","21001IC04245806P","131221","120","120","0.0000","2021-12-17","2023-02-01"
"B","63","21001IC05014592M","280621","180","180","0.0000","2021-06-30","2023-06-29"
"B","63","22001IC04105136H","160522","120","120","0.0000","2022-05-20","2023-11-08"
"B","63","22001IC05023281X","260922","120","120","0.0000","2022-09-26","2023-08-17"
"B","63","23001IC04049866C","280323","133","133","0.0000","2023-03-30","2024-01-11"
"B","63","23001IC04174792W","181023","150","150","0.0000","2023-10-27","2024-06-06"
"B","64","11001IC04199085V","61011","303","308","-5","2011-10-11","2012-05-17"
"B","64","11001IC04236558S","231111","153","162","-9","2011-11-29","2012-08-06"
"B","64","16001IC04087468E","80916","492","493","-1","2016-09-12","2017-08-17"
"B","64","17001IC04180892A","80917","433","433","0.0000","2017-09-15","2018-06-08"
"B","64","18001IC04080837W","90418","278","278","0.0000","2018-04-13","2018-12-10"
"B","64","19001IC04015932R","240119","270","270","0.0000","2019-01-28","2019-09-30"
"B","64","19001IC04158500Z","60919","149","149","0.0000","2019-09-11","2019-12-18"
"B","64","20001IC04111282E","200720","178","178","0.0000","2020-07-23","2021-02-08"
"B","64","20001IC04173188R","221020","200","200","0.0000","2020-10-28","2021-08-25"
"B","64","20001IC04192939W","181120","400","400","0.0000","2020-11-24","2022-12-05"
"B","64","21001IC04054806N","190321","210","210","0.0000","2021-03-23","2022-12-28"
"B","64","21001IC04161492N","240821","210","210","0.0000","2021-08-30","2024-02-15"
"B","64","21001IC04245806P","131221","134","134","0.0000","2021-12-17","2023-12-26"
"B","64","21001IC05014592M","280621","210","210","0.0000","2021-06-30","2023-11-17"
"B","64","22001IC04105136H","160522","145","145","0.0000","2022-05-20","2024-09-26"
"B","64","22001IC05023281X","260922","150","150","0.0000","2022-09-26","2024-02-20"
"B","64","23001IC04049866C","280323","167","168","-1","2023-03-30","2024-10-23"
"B","64","23001IC04174792W","181023","149","149","0.0000","2023-10-27","2024-11-21"
"B","65","11001IC04199085V","61011","301","305","-4","2011-10-11","2012-05-17"
"B","65","11001IC04236558S","231111","153","154","-1","2011-11-29","2012-10-01"
"B","65","16001IC04087468E","80916","405","406","-1","2016-09-12","2017-05-22"
"B","65","17001IC04180892A","80917","408","408","0.0000","2017-09-15","2018-08-08"
"B","65","18001IC04080837W","90418","283","283","0.0000","2018-04-13","2019-08-27"
"B","65","19001IC04015932R","240119","246","246","0.0000","2019-01-28","2020-10-30"
"B","65","19001IC04158500Z","60919","150","150","0.0000","2019-09-11","2020-12-17"
"B","65","20001IC04111282E","200720","176","176","0.0000","2020-07-23","2021-06-04"
"B","65","20001IC04173188R","221020","200","200","0.0000","2020-10-28","2022-01-13"
"B","65","20001IC04192939W","181120","250","250","0.0000","2020-11-24","2022-06-02"
"B","65","21001IC04054806N","190321","270","270","0.0000","2021-03-23","2022-10-14"
"B","65","21001IC04161492N","240821","275","275","0.0000","2021-08-30","2023-08-09"
"B","65","21001IC04245806P","131221","209","209","0.0000","2021-12-17","2025-01-07"
"B","65","21001IC05014592M","280621","270","270","0.0000","2021-06-30","2024-03-05"
"B","65","22001IC04105136H","160522","210","191","19","2022-05-20","2025-04-21"
"B","65","22001IC05023281X","260922","203","204","-1","2022-09-26","2024-07-16"
"B","65","23001IC04049866C","280323","200","34","166","2023-03-30","2024-10-29"
"B","65","23001IC04174792W","181023","180","82","98","2023-10-27","2025-03-31"
"B","66","11001IC04199085V","61011","406","406","0.0000","2011-10-11","2012-05-18"
"B","66","11001IC04236558S","231111","203","203","0.0000","2011-11-29","2012-12-07"
"B","66","16001IC04087468E","80916","499","500","-1","2016-09-12","2018-01-09"
"B","66","17001IC04180892A","80917","404","404","0.0000","2017-09-15","2019-07-03"
"B","66","18001IC04080837W","90418","282","282","0.0000","2018-04-13","2020-11-20"
"B","66","19001IC04015932R","240119","250","251","-1","2019-01-28","2022-03-11"
"B","66","19001IC04158500Z","60919","150","150","0.0000","2019-09-11","2022-03-15"
"B","66","20001IC04111282E","200720","180","182","-2","2020-07-23","2023-01-16"
"B","66","20001IC04173188R","221020","200","200","0.0000","2020-10-28","2023-08-08"
"B","66","20001IC04192939W","181120","400","288","112","2020-11-24","2025-04-14"
"B","66","21001IC04054806N","190321","270","87","183","2021-03-23","2025-02-07"
"B","66","21001IC04161492N","240821","270","270","0.0000","2021-08-30","2024-07-25"
"B","66","21001IC04245806P","131221","210","67","143","2021-12-17","2025-02-26"
"B","66","21001IC05014592M","280621","270","129","141","2021-06-30","2025-03-14"
"B","66","22001IC04105136H","160522","210","55","155","2022-05-20","2024-08-13"
"B","66","22001IC05023281X","260922","224","54","170","2022-09-26","2024-03-22"
"B","66","23001IC04049866C","280323","200","36","164","2023-03-30","2025-03-31"
"B","66","23001IC04174792W","181023","180","18","162","2023-10-27","2025-01-13"
"B","67","11001IC04199085V","61011","345","345","0.0000","2011-10-11","2012-06-26"
"B","67","11001IC04236558S","231111","204","215","-11","2011-11-29","2012-12-07"
"B","67","16001IC04087468E","80916","404","405","-1","2016-09-12","2017-12-06"
"B","67","17001IC04180892A","80917","406","406","0.0000","2017-09-15","2019-02-14"
"B","67","18001IC04080837W","90418","288","288","0.0000","2018-04-13","2020-05-29"
"B","67","19001IC04015932R","240119","269","270","-1","2019-01-28","2021-06-10"
"B","67","19001IC04158500Z","60919","145","145","0.0000","2019-09-11","2022-04-11"
"B","67","20001IC04111282E","200720","179","181","-2","2020-07-23","2022-08-23"
"B","67","20001IC04173188R","221020","100","100","0.0000","2020-10-28","2022-05-10"
"B","67","20001IC04192939W","181120","300","300","0.0000","2020-11-24","2023-11-10"
"B","67","21001IC04054806N","190321","209","69","140","2021-03-23","2025-03-19"
"B","67","21001IC04161492N","240821","210","208","2","2021-08-30","2024-12-09"
"B","67","21001IC04245806P","131221","150","150","0.0000","2021-12-17","2024-04-23"
"B","67","21001IC05014592M","280621","210","159","51","2021-06-30","2025-04-10"
"B","67","22001IC04105136H","160522","150","150","0.0000","2022-05-20","2024-10-09"
"B","67","22001IC05023281X","260922","150","31","119","2022-09-26","2024-06-03"
"B","67","23001IC04049866C","280323","167","37","130","2023-03-30","2024-11-07"
"B","67","23001IC04174792W","181023","150","102","48","2023-10-27","2025-04-29"
"B","68","11001IC04199085V","61011","446","447","-1","2011-10-11","2012-07-26"
"B","68","11001IC04236558S","231111","200","200","0.0000","2011-11-29","2013-02-15"
"B","68","16001IC04087468E","80916","500","500","0.0000","2016-09-12","2017-07-24"
"B","68","17001IC04180892A","80917","408","408","0.0000","2017-09-15","2018-07-03"
"B","68","18001IC04080837W","90418","288","288","0.0000","2018-04-13","2019-03-29"
"B","68","19001IC04015932R","240119","248","248","0.0000","2019-01-28","2019-10-23"
"B","68","19001IC04158500Z","60919","150","151","-1","2019-09-11","2020-03-11"
"B","68","20001IC04111282E","200720","180","180","0.0000","2020-07-23","2020-11-13"
"B","68","20001IC04173188R","221020","150","150","0.0000","2020-10-28","2021-01-05"
"B","68","20001IC04192939W","181120","400","401","-1","2020-11-24","2021-09-06"
"B","68","21001IC04054806N","190321","270","271","-1","2021-03-23","2022-03-11"
"B","68","21001IC04161492N","240821","270","270","0.0000","2021-08-30","2022-08-10"
"B","68","21001IC04245806P","131221","210","219","-9","2021-12-17","2023-07-28"
"B","68","21001IC05014592M","280621","260","260","0.0000","2021-06-30","2023-02-27"
"B","68","22001IC04105136H","160522","210","211","-1","2022-05-20","2023-05-11"
"B","68","22001IC05023281X","260922","205","205","0.0000","2022-09-26","2023-06-29"
"B","68","23001IC04049866C","280323","200","201","-1","2023-03-30","2023-07-04"
"B","68","23001IC04174792W","181023","180","184","-4","2023-10-27","2024-01-29"
"B","69","11001IC04199085V","61011","200","207","-7","2011-10-11","2012-03-23"
"B","69","11001IC04236558S","231111","152","154","-2","2011-11-29","2012-09-25"
"B","69","16001IC04087468E","80916","402","402","0.0000","2016-09-12","2017-12-18"
"B","69","17001IC04180892A","80917","416","416","0.0000","2017-09-15","2020-01-29"
"B","69","18001IC04080837W","90418","281","283","-2","2018-04-13","2022-08-23"
"B","69","19001IC04015932R","240119","270","210","60","2019-01-28","2024-07-15"
"B","69","19001IC04158500Z","60919","139","30","109","2019-09-11","2021-08-09"
"B","69","20001IC04111282E","200720","179","106","73","2020-07-23","2024-01-09"
"B","69","20001IC04173188R","221020","100","100","0.0000","2020-10-28","2022-05-26"
"B","69","20001IC04192939W","181120","300","129","171","2020-11-24","2022-08-01"
"B","69","21001IC04054806N","190321","180","180","0.0000","2021-03-23","2023-12-26"
"B","69","21001IC04161492N","240821","180","180","0.0000","2021-08-30","2024-08-08"
"B","69","21001IC04245806P","131221","150","149","1","2021-12-17","2024-07-05"
"B","69","21001IC05014592M","280621","169","167","2","2021-06-30","2025-04-03"
"B","69","22001IC04105136H","160522","150","150","0.0000","2022-05-20","2024-11-21"
"B","69","22001IC05023281X","260922","145","53","92","2022-09-26","2025-04-04"
"B","69","23001IC04049866C","280323","133","25","108","2023-03-30","2025-01-13"
"B","69","23001IC04174792W","181023","149","24","125","2023-10-27","2024-12-05"
"B","70","11001IC04199085V","61011","154","154","0.0000","2011-10-11","2012-03-07"
"B","70","11001IC04236558S","231111","151","151","0.0000","2011-11-29","2012-05-18"
"B","70","16001IC04087468E","80916","303","305","-2","2016-09-12","2017-07-31"
"B","70","17001IC04180892A","80917","215","216","-1","2017-09-15","2018-04-05"
"B","70","18001IC04080837W","90418","99","103","-4","2018-04-13","2018-10-26"
"B","70","19001IC04015932R","240119","146","146","0.0000","2019-01-28","2019-07-03"
"B","70","19001IC04158500Z","60919","120","120","0.0000","2019-09-11","2020-02-12"
"B","70","20001IC04111282E","200720","179","179","0.0000","2020-07-23","2021-01-20"
"B","70","20001IC04173188R","221020","100","102","-2","2020-10-28","2021-02-18"
"B","70","20001IC04192939W","181120","150","150","0.0000","2020-11-24","2022-03-15"
"B","70","21001IC04054806N","190321","180","180","0.0000","2021-03-23","2022-03-04"
"B","70","21001IC04161492N","240821","180","180","0.0000","2021-08-30","2023-01-25"
"B","70","21001IC04245806P","131221","150","150","0.0000","2021-12-17","2023-08-18"
"B","70","21001IC05014592M","280621","180","180","0.0000","2021-06-30","2023-05-23"
"B","70","22001IC04105136H","160522","149","149","0.0000","2022-05-20","2025-01-29"
"B","70","22001IC05023281X","260922","150","150","0.0000","2022-09-26","2023-10-11"
"B","70","23001IC04049866C","280323","133","133","0.0000","2023-03-30","2024-04-17"
"B","70","23001IC04174792W","181023","150","151","-1","2023-10-27","2024-11-26"
"B","71","11001IC04199085V","61011","206","224","-18","2011-10-11","2012-12-07"
"B","71","16001IC04087468E","80916","299","300","-1","2016-09-12","2018-11-02"
"B","71","17001IC04180892A","80917","215","215","0.0000","2017-09-15","2022-05-26"
"B","71","18001IC04080837W","90418","96","99","-3","2018-04-13","2021-02-26"
"B","71","19001IC04015932R","240119","150","150","0.0000","2019-01-28","2024-06-12"
"B","71","19001IC04158500Z","60919","120","120","0.0000","2019-09-11","2023-01-05"
"B","71","20001IC04111282E","200720","180","180","0.0000","2020-07-23","2025-01-08"
"B","71","20001IC04173188R","221020","50","50","0.0000","2020-10-28","2021-10-26"
"B","71","20001IC04192939W","181120","150","84","66","2020-11-24","2025-02-05"
"B","71","21001IC04054806N","190321","180","30","150","2021-03-23","2023-03-13"
"B","71","21001IC04161492N","240821","180","62","118","2021-08-30","2024-01-09"
"B","71","21001IC04245806P","131221","120","58","62","2021-12-17","2025-04-15"
"B","71","21001IC05014592M","280621","180","26","154","2021-06-30","2024-01-23"
"B","71","22001IC04105136H","160522","117","74","43","2022-05-20","2025-04-21"
"B","71","22001IC05023281X","260922","120","120","0.0000","2022-09-26","2024-01-05"
"B","71","23001IC04049866C","280323","133","28","105","2023-03-30","2024-11-22"
"B","71","23001IC04174792W","181023","90","90","0.0000","2023-10-27","2024-09-26"
"B","72","11001IC04199085V","61011","250","250","0.0000","2011-10-11","2012-02-29"
"B","72","16001IC04087468E","80916","306","306","0.0000","2016-09-12","2017-09-22"
"B","72","17001IC04180892A","80917","216","217","-1","2017-09-15","2018-05-29"
"B","72","18001IC04080837W","90418","85","85","0.0000","2018-04-13","2018-11-21"
"B","72","19001IC04015932R","240119","150","150","0.0000","2019-01-28","2019-09-25"
"B","72","19001IC04158500Z","60919","100","100","0.0000","2019-09-11","2020-02-26"
"B","72","20001IC04111282E","200720","178","178","0.0000","2020-07-23","2020-12-09"
"B","72","20001IC04173188R","221020","50","50","0.0000","2020-10-28","2021-01-07"
"B","72","20001IC04192939W","181120","150","150","0.0000","2020-11-24","2021-08-11"
"B","72","21001IC04054806N","190321","180","180","0.0000","2021-03-23","2022-11-03"
"B","72","21001IC04161492N","240821","180","181","-1","2021-08-30","2023-01-17"
"B","72","21001IC04245806P","131221","120","120","0.0000","2021-12-17","2023-06-22"
"B","72","21001IC05014592M","280621","175","212","-37","2021-06-30","2021-12-27"
"B","72","22001IC04105136H","160522","120","120","0.0000","2022-05-20","2024-03-05"
"B","72","22001IC05023281X","260922","123","124","-1","2022-09-26","2023-05-11"
"B","72","23001IC04049866C","280323","133","133","0.0000","2023-03-30","2024-04-04"
"B","72","23001IC04174792W","181023","150","150","0.0000","2023-10-27","2024-02-19"
"B","73","11001IC04199085V","61011","202","203","-1","2011-10-11","2012-11-16"
"B","73","16001IC04087468E","80916","292","292","0.0000","2016-09-12","2017-10-25"
"B","73","17001IC04180892A","80917","216","216","0.0000","2017-09-15","2018-09-28"
"B","73","18001IC04080837W","90418","92","92","0.0000","2018-04-13","2019-02-26"
"B","73","19001IC04015932R","240119","150","150","0.0000","2019-01-28","2019-11-28"
"B","73","19001IC04158500Z","60919","120","120","0.0000","2019-09-11","2021-01-04"
"B","73","20001IC04111282E","200720","180","180","0.0000","2020-07-23","2021-06-09"
"B","73","20001IC04173188R","221020","50","50","0.0000","2020-10-28","2021-07-14"
"B","73","20001IC04192939W","181120","150","150","0.0000","2020-11-24","2022-11-22"
"B","73","21001IC04054806N","190321","210","212","-2","2021-03-23","2023-01-26"
"B","73","21001IC04161492N","240821","210","210","0.0000","2021-08-30","2024-06-19"
"B","73","21001IC04245806P","131221","118","103","15","2021-12-17","2025-04-14"
"B","73","21001IC05014592M","280621","210","211","-1","2021-06-30","2023-07-19"
"B","73","22001IC04105136H","160522","120","120","0.0000","2022-05-20","2024-08-06"
"B","73","22001IC05023281X","260922","120","123","-3","2022-09-26","2024-02-07"
"B","73","23001IC04049866C","280323","133","0.0000","133","2023-03-30","2023-03-30"
"B","73","23001IC04174792W","181023","90","89","1","2023-10-27","2025-04-21"
"B","74","11001IC04199085V","61011","146","146","0.0000","2011-10-11","2012-02-29"
"B","74","16001IC04087468E","80916","305","306","-1","2016-09-12","2017-12-01"
"B","74","17001IC04180892A","80917","214","214","0.0000","2017-09-15","2018-08-08"
"B","74","18001IC04080837W","90418","91","91","0.0000","2018-04-13","2019-01-02"
"B","74","19001IC04015932R","240119","150","150","0.0000","2019-01-28","2019-11-19"
"B","74","19001IC04158500Z","60919","120","120","0.0000","2019-09-11","2020-11-12"
"B","74","20001IC04111282E","200720","180","180","0.0000","2020-07-23","2021-06-02"
"B","74","20001IC04173188R","221020","50","55","-5","2020-10-28","2021-06-17"
"B","74","20001IC04192939W","181120","150","150","0.0000","2020-11-24","2022-04-06"
"B","74","21001IC04054806N","190321","195","197","-2","2021-03-23","2023-01-18"
"B","74","21001IC04161492N","240821","201","201","0.0000","2021-08-30","2024-11-05"
"B","74","21001IC04245806P","131221","120","120","0.0000","2021-12-17","2024-04-12"
"B","74","21001IC05014592M","280621","215","215","0.0000","2021-06-30","2025-01-14"
"B","74","22001IC04105136H","160522","120","120","0.0000","2022-05-20","2025-02-11"
"B","74","22001IC05023281X","260922","120","120","0.0000","2022-09-26","2023-07-25"
"B","74","23001IC04049866C","280323","133","99","34","2023-03-30","2025-04-24"
"B","74","23001IC04174792W","181023","150","46","104","2023-10-27","2025-02-07"
"B","75","11001IC04199085V","61011","203","203","0.0000","2011-10-11","2012-08-15"
"B","75","16001IC04087468E","80916","307","308","-1","2016-09-12","2017-12-01"
"B","75","17001IC04180892A","80917","213","213","0.0000","2017-09-15","2018-05-22"
"B","75","18001IC04080837W","90418","96","98","-2","2018-04-13","2018-07-19"
"B","75","19001IC04015932R","240119","150","151","-1","2019-01-28","2020-08-05"
"B","75","19001IC04158500Z","60919","125","127","-2","2019-09-11","2021-02-22"
"B","75","20001IC04111282E","200720","195","196","-1","2020-07-23","2021-07-12"
"B","75","20001IC04173188R","221020","50","50","0.0000","2020-10-28","2022-08-10"
"B","75","20001IC04192939W","181120","150","151","-1","2020-11-24","2022-08-24"
"B","75","21001IC04054806N","190321","150","152","-2","2021-03-23","2023-01-26"
"B","75","21001IC04161492N","240821","150","150","0.0000","2021-08-30","2024-06-12"
"B","75","21001IC04245806P","131221","120","120","0.0000","2021-12-17","2023-02-09"
"B","75","21001IC05014592M","280621","150","81","69","2021-06-30","2025-04-24"
"B","75","22001IC04105136H","160522","120","88","32","2022-05-20","2025-04-24"
"B","75","22001IC05023281X","260922","120","120","0.0000","2022-09-26","2024-03-04"
"B","75","23001IC04049866C","280323","100","100","0.0000","2023-03-30","2025-01-29"
"B","75","23001IC04174792W","181023","90","99","-9","2023-10-27","2025-02-07"
"B","76","11001IC04199085V","61011","152","160","-8","2011-10-11","2012-03-09"
"B","76","16001IC04087468E","80916","297","298","-1","2016-09-12","2018-02-20"
"B","76","17001IC04180892A","80917","212","212","0.0000","2017-09-15","2019-07-22"
"B","76","18001IC04080837W","90418","94","94","0.0000","2018-04-13","2020-01-20"
"B","76","19001IC04015932R","240119","144","144","0.0000","2019-01-28","2020-03-06"
"B","76","19001IC04158500Z","60919","120","120","0.0000","2019-09-11","2021-08-04"
"B","76","20001IC04111282E","200720","180","181","-1","2020-07-23","2022-11-29"
"B","76","20001IC04173188R","221020","50","50","0.0000","2020-10-28","2022-04-13"
"B","76","20001IC04192939W","181120","150","150","0.0000","2020-11-24","2023-01-11"
"B","76","21001IC04054806N","190321","150","149","1","2021-03-23","2024-10-23"
"B","76","21001IC04161492N","240821","150","152","-2","2021-08-30","2025-02-04"
"B","76","21001IC04245806P","131221","120","120","0.0000","2021-12-17","2025-02-19"
"B","76","21001IC05014592M","280621","150","56","94","2021-06-30","2025-04-24"
"B","76","22001IC04105136H","160522","120","120","0.0000","2022-05-20","2024-06-25"
"B","76","22001IC05023281X","260922","119","16","103","2022-09-26","2023-02-09"
"B","76","23001IC04049866C","280323","100","100","0.0000","2023-03-30","2024-05-24"
"B","76","23001IC04174792W","181023","141","37","104","2023-10-27","2024-11-22"
"B","77","11001IC04199085V","61011","201","201","0.0000","2011-10-11","2012-06-22"
"B","77","16001IC04087468E","80916","294","294","0.0000","2016-09-12","2018-05-02"
"B","77","17001IC04180892A","80917","93","93","0.0000","2017-09-15","2018-08-06"
"B","77","18001IC04080837W","90418","96","96","0.0000","2018-04-13","2019-06-06"
"B","77","19001IC04015932R","240119","100","100","0.0000","2019-01-28","2020-02-26"
"B","77","19001IC04158500Z","60919","120","120","0.0000","2019-09-11","2020-12-22"
"B","77","20001IC04192939W","181120","100","100","0.0000","2020-11-24","2021-09-22"
"B","77","21001IC04054806N","190321","150","150","0.0000","2021-03-23","2022-07-19"
"B","77","21001IC04161492N","240821","150","150","0.0000","2021-08-30","2023-05-08"
"B","77","21001IC04245806P","131221","120","120","0.0000","2021-12-17","2023-10-31"
"B","77","21001IC05014592M","280621","150","150","0.0000","2021-06-30","2023-01-05"
"B","77","22001IC04105136H","160522","118","118","0.0000","2022-05-20","2024-03-05"
"B","77","22001IC05023281X","260922","120","123","-3","2022-09-26","2023-04-26"
"B","77","23001IC04049866C","280323","100","100","0.0000","2023-03-30","2024-08-08"
"B","77","23001IC04174792W","181023","90","90","0.0000","2023-10-27","2024-09-26"
"B","78","11001IC04199085V","61011","253","254","-1","2011-10-11","2013-02-27"
"B","78","16001IC04087468E","80916","305","305","0.0000","2016-09-12","2018-02-05"
"B","78","17001IC04180892A","80917","96","96","0.0000","2017-09-15","2018-04-18"
"B","78","18001IC04080837W","90418","96","97","-1","2018-04-13","2018-07-30"
"B","78","19001IC04015932R","240119","100","100","0.0000","2019-01-28","2019-10-23"
"B","78","19001IC04158500Z","60919","120","120","0.0000","2019-09-11","2020-10-07"
"B","78","20001IC04111282E","200720","120","120","0.0000","2020-07-23","2021-04-09"
"B","78","20001IC04192939W","181120","100","100","0.0000","2020-11-24","2021-10-12"
"B","78","21001IC04054806N","190321","150","150","0.0000","2021-03-23","2023-03-31"
"B","78","21001IC04161492N","240821","150","150","0.0000","2021-08-30","2023-01-05"
"B","78","21001IC04245806P","131221","120","120","0.0000","2021-12-17","2023-10-03"
"B","78","21001IC05014592M","280621","150","150","0.0000","2021-06-30","2023-05-15"
"B","78","22001IC04105136H","160522","120","120","0.0000","2022-05-20","2024-11-05"
"B","78","22001IC05023281X","260922","120","120","0.0000","2022-09-26","2024-04-12"
"B","78","23001IC04049866C","280323","100","101","-1","2023-03-30","2024-10-09"
"B","78","23001IC04174792W","181023","90","90","0.0000","2023-10-27","2024-01-22"
"B","79","11001IC04199085V","61011","103","104","-1","2011-10-11","2013-02-27"
"B","79","16001IC04087468E","80916","305","305","0.0000","2016-09-12","2018-10-04"
"B","79","17001IC04180892A","80917","95","95","0.0000","2017-09-15","2019-02-15"
"B","79","18001IC04080837W","90418","96","97","-1","2018-04-13","2020-01-16"
"B","79","19001IC04015932R","240119","100","102","-2","2019-01-28","2021-07-29"
"B","79","19001IC04158500Z","60919","150","150","0.0000","2019-09-11","2024-01-22"
"B","79","20001IC04192939W","181120","50","50","0.0000","2020-11-24","2022-12-22"
"B","79","21001IC04054806N","190321","90","90","0.0000","2021-03-23","2023-08-29"
"B","79","21001IC04161492N","240821","90","90","0.0000","2021-08-30","2024-01-25"
"B","79","21001IC04245806P","131221","58","58","0.0000","2021-12-17","2025-02-03"
"B","79","21001IC05014592M","280621","90","87","3","2021-06-30","2025-04-03"
"B","79","22001IC04105136H","160522","60","41","19","2022-05-20","2025-04-25"
"B","79","22001IC05023281X","260922","60","16","44","2022-09-26","2024-09-09"
"B","79","23001IC04049866C","280323","50","9","41","2023-03-30","2025-01-29"
"B","79","23001IC04174792W","181023","90","36","54","2023-10-27","2024-06-11"
"B","80","11001IC04199085V","61011","235","236","-1","2011-10-11","2012-10-05"
"B","80","16001IC04087468E","80916","300","301","-1","2016-09-12","2018-01-18"
"B","80","17001IC04180892A","80917","95","95","0.0000","2017-09-15","2018-01-11"
"B","80","18001IC04080837W","90418","95","95","0.0000","2018-04-13","2019-03-29"
"B","80","19001IC04015932R","240119","100","100","0.0000","2019-01-28","2019-10-23"
"B","80","19001IC04158500Z","60919","60","60","0.0000","2019-09-11","2020-10-07"
"B","80","20001IC04111282E","200720","118","118","0.0000","2020-07-23","2021-10-19"
"B","80","20001IC04192939W","181120","50","50","0.0000","2020-11-24","2022-04-06"
"B","80","21001IC04054806N","190321","150","150","0.0000","2021-03-23","2022-02-07"
"B","80","21001IC04161492N","240821","150","150","0.0000","2021-08-30","2022-08-10"
"B","80","21001IC04245806P","131221","91","91","0.0000","2021-12-17","2023-02-14"
"B","80","21001IC05014592M","280621","150","150","0.0000","2021-06-30","2022-11-09"
"B","80","22001IC04105136H","160522","90","94","-4","2022-05-20","2023-07-18"
"B","80","22001IC05023281X","260922","90","90","0.0000","2022-09-26","2023-04-24"
"B","80","23001IC04049866C","280323","100","100","0.0000","2023-03-30","2024-04-04"
"B","80","23001IC04174792W","181023","90","91","-1","2023-10-27","2024-03-13"
"B","81","16001IC04087468E","80916","205","206","-1","2016-09-12","2018-02-27"
"B","81","17001IC04180892A","80917","94","94","0.0000","2017-09-15","2019-06-06"
"B","81","18001IC04080837W","90418","97","97","0.0000","2018-04-13","2020-02-07"
"B","81","19001IC04015932R","240119","99","99","0.0000","2019-01-28","2021-12-06"
"B","81","19001IC04158500Z","60919","60","61","-1","2019-09-11","2021-10-18"
"B","81","20001IC04192939W","181120","50","50","0.0000","2020-11-24","2021-10-22"
"B","81","21001IC04054806N","190321","90","90","0.0000","2021-03-23","2022-08-08"
"B","81","21001IC04161492N","240821","90","90","0.0000","2021-08-30","2022-11-09"
"B","81","21001IC04245806P","131221","60","60","0.0000","2021-12-17","2023-06-22"
"B","81","21001IC05014592M","280621","90","90","0.0000","2021-06-30","2023-07-04"
"B","81","22001IC04105136H","160522","60","60","0.0000","2022-05-20","2024-04-12"
"B","81","22001IC05023281X","260922","60","60","0.0000","2022-09-26","2024-06-19"
"B","81","23001IC04049866C","280323","50","50","0.0000","2023-03-30","2024-08-05"
"B","81","23001IC04174792W","181023","90","89","1","2023-10-27","2024-09-24"
"B","82","16001IC04087468E","80916","304","304","0.0000","2016-09-12","2018-02-23"
"B","82","17001IC04180892A","80917","90","90","0.0000","2017-09-15","2018-04-23"
"B","82","18001IC04080837W","90418","94","95","-1","2018-04-13","2019-01-02"
"B","82","19001IC04015932R","240119","100","100","0.0000","2019-01-28","2020-09-21"
"B","82","19001IC04158500Z","60919","60","61","-1","2019-09-11","2021-02-22"
"B","82","20001IC04111282E","200720","119","119","0.0000","2020-07-23","2021-05-13"
"B","82","20001IC04192939W","181120","49","49","0.0000","2020-11-24","2021-08-04"
"B","82","21001IC04054806N","190321","150","150","0.0000","2021-03-23","2022-01-17"
"B","82","21001IC04161492N","240821","150","150","0.0000","2021-08-30","2022-05-31"
"B","82","21001IC04245806P","131221","90","90","0.0000","2021-12-17","2022-09-28"
"B","82","21001IC05014592M","280621","150","150","0.0000","2021-06-30","2022-08-25"
"B","82","22001IC04105136H","160522","90","90","0.0000","2022-05-20","2023-04-13"
"B","82","22001IC05023281X","260922","90","90","0.0000","2022-09-26","2023-05-08"
"B","82","23001IC04049866C","280323","100","101","-1","2023-03-30","2023-06-05"
"B","82","23001IC04174792W","181023","90","92","-2","2023-10-27","2024-01-09"
"B","83","11001IC04199085V","61011","31","31","0.0000","2011-10-11","2011-10-17"
"B","83","16001IC04087468E","80916","205","205","0.0000","2016-09-12","2018-01-19"
"B","83","17001IC04180892A","80917","96","96","0.0000","2017-09-15","2019-03-29"
"B","83","18001IC04080837W","90418","95","95","0.0000","2018-04-13","2019-04-22"
"B","83","19001IC04015932R","240119","100","100","0.0000","2019-01-28","2020-03-10"
"B","83","19001IC04158500Z","60919","60","60","0.0000","2019-09-11","2020-12-16"
"B","83","20001IC04192939W","181120","50","50","0.0000","2020-11-24","2021-04-20"
"B","83","21001IC04054806N","190321","90","90","0.0000","2021-03-23","2022-04-13"
"B","83","21001IC04161492N","240821","85","87","-2","2021-08-30","2023-03-23"
"B","83","21001IC04245806P","131221","58","58","0.0000","2021-12-17","2024-01-05"
"B","83","21001IC05014592M","280621","95","95","0.0000","2021-06-30","2023-08-30"
"B","83","22001IC04105136H","160522","60","60","0.0000","2022-05-20","2024-02-28"
"B","83","22001IC05023281X","260922","60","60","0.0000","2022-09-26","2024-01-23"
"B","83","23001IC04049866C","280323","50","50","0.0000","2023-03-30","2024-01-09"
"B","83","23001IC04174792W","181023","90","90","0.0000","2023-10-27","2024-08-28"
"B","84","11001IC04199085V","61011","32","32","0.0000","2011-10-11","2011-10-17"
"B","84","16001IC04087468E","80916","304","305","-1","2016-09-12","2017-11-07"
"B","84","17001IC04180892A","80917","95","95","0.0000","2017-09-15","2018-07-03"
"B","84","18001IC04080837W","90418","91","92","-1","2018-04-13","2018-08-02"
"B","84","19001IC04015932R","240119","100","100","0.0000","2019-01-28","2019-12-02"
"B","84","19001IC04158500Z","60919","53","53","0.0000","2019-09-11","2020-12-03"
"B","84","20001IC04111282E","200720","120","120","0.0000","2020-07-23","2021-03-30"
"B","84","20001IC04192939W","181120","50","51","-1","2020-11-24","2021-07-26"
"B","84","21001IC04054806N","190321","150","150","0.0000","2021-03-23","2022-07-08"
"B","84","21001IC04161492N","240821","150","150","0.0000","2021-08-30","2022-12-19"
"B","84","21001IC04245806P","131221","90","90","0.0000","2021-12-17","2023-06-08"
"B","84","21001IC05014592M","280621","150","152","-2","2021-06-30","2023-03-23"
"B","84","22001IC04105136H","160522","90","90","0.0000","2022-05-20","2024-06-25"
"B","84","22001IC05023281X","220922","90","90","0.0000","2022-09-26","2024-01-05"
"B","84","23001IC04049866C","280323","100","104","-4","2023-03-30","2024-04-10"
"B","84","23001IC04174792W","181023","90","92","-2","2023-10-27","2024-02-07"
"B","85","11001IC04199085V","61011","32","32","0.0000","2011-10-11","2011-10-17"
"B","85","16001IC04087468E","80916","200","200","0.0000","2016-09-12","2017-07-26"
"B","85","17001IC04180892A","80917","95","95","0.0000","2017-09-15","2018-01-22"
"B","85","18001IC04080837W","90418","96","96","0.0000","2018-04-13","2018-11-07"
"B","85","19001IC04015932R","240119","100","101","-1","2019-01-28","2019-08-09"
"B","85","19001IC04158500Z","60919","60","61","-1","2019-09-11","2020-01-29"
"B","85","20001IC04192939W","181120","50","50","0.0000","2020-11-24","2021-01-11"
"B","85","21001IC04054806N","190321","215","215","0.0000","2021-03-23","2022-02-15"
"B","85","21001IC04161492N","240821","205","205","0.0000","2021-08-30","2022-09-19"
"B","85","21001IC04245806P","131221","120","120","0.0000","2021-12-17","2023-10-31"
"B","85","21001IC05014592M","280621","210","210","0.0000","2021-06-30","2023-09-12"
"B","85","22001IC04105136H","160522","120","120","0.0000","2022-05-20","2025-02-11"
"B","85","22001IC05023281X","220922","120","120","0.0000","2022-09-26","2023-11-15"
"B","85","23001IC04049866C","280323","100","51","49","2023-03-30","2025-03-19"
"B","85","23001IC04174792W","181023","90","73","17","2023-10-27","2025-04-24"
"B","86","11001IC04199085V","61011","31","31","0.0000","2011-10-11","2011-10-17"
"B","86","16001IC04087468E","80916","305","305","0.0000","2016-09-12","2019-03-19"
"B","86","17001IC04180892A","80917","96","97","-1","2017-09-15","2019-12-18"
"B","86","18001IC04080837W","90418","96","96","0.0000","2018-04-13","2020-03-05"
"B","86","19001IC04015932R","240119","100","100","0.0000","2019-01-28","2022-08-08"
"B","86","19001IC04158500Z","60919","60","60","0.0000","2019-09-11","2022-06-09"
"B","86","20001IC04111282E","200720","60","60","0.0000","2020-07-23","2022-01-17"
"B","86","20001IC04192939W","181120","50","50","0.0000","2020-11-24","2021-09-29"
"B","86","21001IC04054806N","190321","150","150","0.0000","2021-03-23","2022-10-06"
"B","86","21001IC04161492N","240821","150","150","0.0000","2021-08-30","2022-09-30"
"B","86","21001IC04245806P","131221","120","120","0.0000","2021-12-17","2023-05-08"
"B","86","21001IC05014592M","280621","150","150","0.0000","2021-06-30","2023-03-31"
"B","86","22001IC04105136H","160522","120","120","0.0000","2022-05-20","2023-06-08"
"B","86","22001IC05023281X","220922","120","120","0.0000","2022-09-26","2024-10-23"
"B","86","23001IC04049866C","280323","100","101","-1","2023-03-30","2025-02-12"
"B","86","23001IC04174792W","181023","90","90","0.0000","2023-10-27","2024-06-13"
"B","87","11001IC04199085V","61011","31","31","0.0000","2011-10-11","2011-10-17"
"B","87","16001IC04087468E","80916","206","206","0.0000","2016-09-12","2018-04-24"
"B","87","17001IC04180892A","80917","96","98","-2","2017-09-15","2019-07-11"
"B","87","18001IC04080837W","90418","95","95","0.0000","2018-04-13","2020-08-18"
"B","87","19001IC04015932R","240119","100","100","0.0000","2019-01-28","2024-01-15"
"B","87","19001IC04158500Z","60919","60","60","0.0000","2019-09-11","2023-04-10"
"B","87","20001IC04192939W","181120","50","50","0.0000","2020-11-24","2024-02-28"
"B","87","21001IC04054806N","190321","90","91","-1","2021-03-23","2024-10-18"
"B","87","21001IC04161492N","240821","90","57","33","2021-08-30","2025-02-11"
"B","87","21001IC04245806P","131221","60","41","19","2021-12-17","2025-04-14"
"B","87","21001IC05014592M","280621","90","27","63","2021-06-30","2023-05-23"
"B","87","22001IC04105136H","160522","60","61","-1","2022-05-20","2024-11-22"
"B","87","22001IC05023281X","220922","60","60","0.0000","2022-09-26","2023-12-20"
"B","87","23001IC04049866C","280323","50","50","0.0000","2023-03-30","2023-11-07"
"B","87","23001IC04174792W","181023","90","33","57","2023-10-27","2025-03-19"
"B","88","11001IC04199085V","61011","24","24","0.0000","2011-10-11","2011-10-17"
"B","88","16001IC04087468E","80916","300","300","0.0000","2016-09-12","2018-07-24"
"B","88","17001IC04180892A","80917","99","99","0.0000","2017-09-15","2019-03-19"
"B","88","18001IC04080837W","90418","96","98","-2","2018-04-13","2019-07-11"
"B","88","19001IC04015932R","240119","95","95","0.0000","2019-01-28","2020-01-20"
"B","88","19001IC04158500Z","60919","60","62","-2","2019-09-11","2020-02-04"
"B","88","20001IC04111282E","200720","60","68","-8","2020-07-23","2021-02-18"
"B","88","20001IC04192939W","181120","50","50","0.0000","2020-11-24","2021-01-22"
"B","88","21001IC04054806N","190321","150","150","0.0000","2021-03-23","2022-04-06"
"B","88","21001IC04161492N","240821","150","151","-1","2021-08-30","2023-06-21"
"B","88","21001IC04245806P","131221","120","121","-1","2021-12-17","2023-07-19"
"B","88","21001IC05014592M","280621","150","149","1","2021-06-30","2023-03-15"
"B","88","22001IC04105136H","160522","120","120","0.0000","2022-05-20","2024-01-19"
"B","88","22001IC05023281X","220922","120","120","0.0000","2022-09-26","2025-01-14"
"B","88","23001IC04049866C","280323","100","100","0.0000","2023-03-30","2025-03-13"
"B","88","23001IC04174792W","181023","90","72","18","2023-10-27","2025-04-24"
"B","89","11001IC04199085V","61011","31","31","0.0000","2011-10-11","2011-10-17"
"B","89","16001IC04087468E","80916","202","202","0.0000","2016-09-12","2018-05-23"
"B","89","17001IC04180892A","80917","99","100","-1","2017-09-15","2019-07-11"
"B","89","18001IC04080837W","90418","96","96","0.0000","2018-04-13","2021-05-04"
"B","89","19001IC04015932R","240119","100","100","0.0000","2019-01-28","2023-02-02"
"B","89","19001IC04158500Z","60919","50","50","0.0000","2019-09-11","2023-03-15"
"B","89","20001IC04192939W","181120","50","50","0.0000","2020-11-24","2022-11-01"
"B","89","21001IC04054806N","190321","90","90","0.0000","2021-03-23","2023-05-11"
"B","89","21001IC04161492N","240821","90","90","0.0000","2021-08-30","2023-07-17"
"B","89","21001IC04245806P","131221","60","9","51","2021-12-17","2024-10-23"
"B","89","21001IC05014592M","280621","90","90","0.0000","2021-06-30","2024-05-10"
"B","89","22001IC04105136H","160522","60","60","0.0000","2022-05-20","2024-11-29"
"B","89","22001IC05023281X","220922","60","22","38","2022-09-26","2024-11-26"
"B","89","23001IC04049866C","280323","50","50","0.0000","2023-03-30","2024-08-05"
"B","89","23001IC04174792W","181023","90","44","46","2023-10-27","2025-03-31"
"B","90","11001IC04199085V","61011","31","31","0.0000","2011-10-11","2011-10-17"
"B","90","16001IC04087468E","80916","300","301","-1","2016-09-12","2017-09-19"
"B","90","17001IC04180892A","80917","102","104","-2","2017-09-15","2018-01-30"
"B","90","18001IC04080837W","90418","96","101","-5","2018-04-13","2018-07-19"
"B","90","19001IC04015932R","240119","100","101","-1","2019-01-28","2019-07-11"
"B","90","19001IC04158500Z","60919","60","62","-2","2019-09-11","2020-01-27"
"B","90","20001IC04111282E","200720","120","120","0.0000","2020-07-23","2022-02-04"
"B","90","20001IC04192939W","181120","50","50","0.0000","2020-11-24","2021-06-28"
"B","90","21001IC04054806N","190321","145","146","-1","2021-03-23","2022-01-20"
"B","90","21001IC04161492N","240821","150","150","0.0000","2021-08-30","2022-12-22"
"B","90","21001IC04245806P","131221","118","119","-1","2021-12-17","2023-07-19"
"B","90","21001IC05014592M","280621","150","150","0.0000","2021-06-30","2023-05-30"
"B","90","22001IC04105136H","160522","120","122","-2","2022-05-20","2024-01-29"
"B","90","22001IC05023281X","220922","120","120","0.0000","2022-09-26","2024-07-11"
"B","90","23001IC04049866C","280323","100","100","0.0000","2023-03-30","2023-11-28"
"B","90","23001IC04174792W","181023","84","84","0.0000","2023-10-27","2024-10-23"
"B","91","11001IC04199085V","61011","31","31","0.0000","2011-10-11","2011-10-17"
"B","91","16001IC04087468E","80916","204","204","0.0000","2016-09-12","2017-12-01"
"B","91","17001IC04180892A","80917","99","99","0.0000","2017-09-15","2018-08-22"
"B","91","18001IC04080837W","90418","96","98","-2","2018-04-13","2019-07-11"
"B","91","19001IC04015932R","240119","100","100","0.0000","2019-01-28","2020-09-01"
"B","91","19001IC04158500Z","60919","60","60","0.0000","2019-09-11","2020-12-30"
"B","91","20001IC04192939W","181120","50","50","0.0000","2020-11-24","2021-04-23"
"B","91","21001IC04054806N","190321","90","90","0.0000","2021-03-23","2022-11-29"
"B","91","21001IC04161492N","240821","90","90","0.0000","2021-08-30","2023-01-04"
"B","91","21001IC04245806P","131221","60","60","0.0000","2021-12-17","2024-01-15"
"B","91","21001IC05014592M","280621","90","90","0.0000","2021-06-30","2023-10-03"
"B","91","22001IC04105136H","160522","60","60","0.0000","2022-05-20","2024-06-19"
"B","91","22001IC05023281X","220922","60","60","0.0000","2022-09-26","2024-08-21"
"B","91","23001IC04049866C","280323","50","47","3","2023-03-30","2025-03-14"
"B","91","23001IC04174792W","181023","90","56","34","2023-10-27","2025-04-14"
"B","92","11001IC04199085V","61011","31","31","0.0000","2011-10-11","2011-10-17"
"B","92","16001IC04087468E","80916","300","310","-10","2016-09-12","2017-12-14"
"B","92","17001IC04180892A","80917","96","96","0.0000","2017-09-15","2019-01-11"
"B","92","18001IC04080837W","90418","96","96","0.0000","2018-04-13","2018-10-23"
"B","92","19001IC04015932R","240119","100","101","-1","2019-01-28","2020-03-09"
"B","92","19001IC04158500Z","60919","60","60","0.0000","2019-09-11","2021-09-27"
"B","92","20001IC04111282E","200720","60","60","0.0000","2020-07-23","2021-01-20"
"B","92","20001IC04192939W","181120","50","50","0.0000","2020-11-24","2021-05-07"
"B","92","21001IC04054806N","190321","150","151","-1","2021-03-23","2021-12-10"
"B","92","21001IC04161492N","240821","150","151","-1","2021-08-30","2022-08-25"
"B","92","21001IC04245806P","131221","120","120","0.0000","2021-12-17","2023-11-17"
"B","92","21001IC05014592M","280621","150","150","0.0000","2021-06-30","2024-01-22"
"B","92","22001IC04105136H","160522","120","120","0.0000","2022-05-20","2024-01-23"
"B","92","22001IC05023281X","220922","120","121","-1","2022-09-26","2024-01-05"
"B","92","23001IC04049866C","280323","100","100","0.0000","2023-03-30","2024-06-11"
"B","92","23001IC04174792W","181023","90","91","-1","2023-10-27","2024-12-03"
"B","93","11001IC04199085V","61011","31","31","0.0000","2011-10-11","2011-10-17"
"B","93","16001IC04087468E","80916","208","208","0.0000","2016-09-12","2018-09-14"
"B","93","17001IC04180892A","80917","95","95","0.0000","2017-09-15","2018-10-26"
"B","93","18001IC04080837W","90418","96","96","0.0000","2018-04-13","2021-03-22"
"B","93","19001IC04015932R","240119","100","103","-3","2019-01-28","2021-06-17"
"B","93","19001IC04158500Z","60919","60","60","0.0000","2019-09-11","2021-11-29"
"B","93","20001IC04192939W","181120","50","50","0.0000","2020-11-24","2021-08-25"
"B","93","21001IC04054806N","190321","90","90","0.0000","2021-03-23","2023-03-28"
"B","93","21001IC04161492N","240821","90","90","0.0000","2021-08-30","2024-02-28"
"B","93","21001IC04245806P","131221","60","60","0.0000","2021-12-17","2023-05-08"
"B","93","21001IC05014592M","280621","90","90","0.0000","2021-06-30","2023-08-02"
"B","93","22001IC04105136H","160522","60","61","-1","2022-05-20","2025-02-14"
"B","93","22001IC05023281X","220922","60","60","0.0000","2022-09-26","2024-03-04"
"B","93","23001IC04049866C","280323","50","52","-2","2023-03-30","2024-07-16"
"B","93","23001IC04174792W","181023","90","91","-1","2023-10-27","2025-03-25"
"B","94","16001IC04087468E","80916","305","305","0.0000","2016-09-12","2019-12-23"
"B","94","17001IC04180892A","80917","92","92","0.0000","2017-09-15","2020-09-24"
"B","94","18001IC04080837W","90418","96","96","0.0000","2018-04-13","2022-12-28"
"B","94","19001IC04015932R","240119","100","100","0.0000","2019-01-28","2023-06-30"
"B","94","19001IC04158500Z","60919","60","60","0.0000","2019-09-11","2024-02-28"
"B","94","20001IC04111282E","200720","60","60","0.0000","2020-07-23","2022-06-14"
"B","94","20001IC04192939W","181120","50","50","0.0000","2020-11-24","2022-01-03"
"B","94","21001IC04054806N","190321","150","150","0.0000","2021-03-23","2024-11-26"
"B","94","21001IC04161492N","240821","145","145","0.0000","2021-08-30","2024-07-16"
"B","94","21001IC04245806P","131221","120","30","90","2021-12-17","2024-11-20"
"B","94","21001IC05014592M","280621","150","110","40","2021-06-30","2025-04-10"
"B","94","22001IC04105136H","160522","120","74","46","2022-05-20","2025-04-11"
"B","94","22001IC05023281X","220922","120","23","97","2022-09-26","2024-06-25"
"B","94","23001IC04049866C","280323","100","16","84","2023-03-30","2024-11-22"
"B","94","23001IC04174792W","181023","90","17","73","2023-10-27","2024-12-09"
"B","95","16001IC04087468E","80916","208","208","0.0000","2016-09-12","2019-09-04"
"B","95","17001IC04180892A","80917","98","98","0.0000","2017-09-15","2019-06-26"
"B","95","18001IC04080837W","90418","108","108","0.0000","2018-04-13","2020-11-02"
"B","95","19001IC04015932R","240119","100","100","0.0000","2019-01-28","2021-08-03"
"B","95","19001IC04158500Z","60919","50","49","1","2019-09-11","2021-08-11"
"B","95","20001IC04111282E","200720","60","60","0.0000","2020-07-23","2021-11-03"
"B","95","20001IC04192939W","181120","50","49","1","2020-11-24","2021-12-22"
"B","95","21001IC04054806N","190321","180","180","0.0000","2021-03-23","2024-04-30"
"B","95","21001IC04161492N","240821","180","180","0.0000","2021-08-30","2023-10-25"
"B","95","21001IC04245806P","131221","115","112","3","2021-12-17","2024-09-18"
"B","95","21001IC05014592M","280621","180","63","117","2021-06-30","2023-07-04"
"B","95","22001IC04105136H","160522","120","64","56","2022-05-20","2025-04-14"
"B","95","22001IC05023281X","220922","120","2","118","2022-09-26","2023-10-03"
"B","95","23001IC04049866C","280323","60","41","19","2023-03-30","2025-01-31"
"B","95","23001IC04174792W","181023","100","3","97","2023-10-27","2024-12-09"
"B","96","11001IC04199085V","61011","31","31","0.0000","2011-10-11","2011-10-17"
"B","96","16001IC04087468E","80916","300","301","-1","2016-09-12","2018-07-30"
"B","96","17001IC04180892A","80917","101","101","0.0000","2017-09-15","2020-02-07"
"B","96","18001IC04080837W","90418","96","96","0.0000","2018-04-13","2020-06-16"
"B","96","19001IC04015932R","240119","100","101","-1","2019-01-28","2025-03-19"
"B","96","19001IC04158500Z","60919","50","50","0.0000","2019-09-11","2021-10-19"
"B","96","20001IC04111282E","200720","60","60","0.0000","2020-07-23","2022-12-16"
"B","96","20001IC04192939W","181120","50","50","0.0000","2020-11-24","2022-12-27"
"B","96","21001IC04054806N","190321","148","148","0.0000","2021-03-23","2023-05-10"
"B","96","21001IC04161492N","240821","150","149","1","2021-08-30","2023-12-26"
"B","96","21001IC04245806P","131221","107","108","-1","2021-12-17","2024-07-04"
"B","96","21001IC05014592M","280621","149","149","0.0000","2021-06-30","2023-04-28"
"B","96","22001IC04105136H","160522","100","100","0.0000","2022-05-20","2024-11-26"
"B","96","22001IC05023281X","220922","100","100","0.0000","2022-09-26","2024-07-12"
"B","96","23001IC04049866C","280323","60","60","0.0000","2023-03-30","2025-02-07"
"B","96","23001IC04174792W","181023","100","63","37","2023-10-27","2025-04-24"
"B","97","11001IC04199085V","61011","31","31","0.0000","2011-10-11","2011-10-17"
"B","97","16001IC04087468E","80916","202","202","0.0000","2016-09-12","2019-07-03"
"B","97","17001IC04180892A","80917","99","100","-1","2017-09-15","2020-02-14"
"B","97","18001IC04080837W","90418","94","92","2","2018-04-13","2022-05-31"
"B","97","19001IC04015932R","240119","100","100","0.0000","2019-01-28","2023-12-05"
"B","97","19001IC04158500Z","60919","50","50","0.0000","2019-09-11","2022-11-22"
"B","97","20001IC04192939W","181120","50","50","0.0000","2020-11-24","2023-05-10"
"B","97","21001IC04054806N","190321","100","68","32","2021-03-23","2025-04-25"
"B","97","21001IC04161492N","240821","100","36","64","2021-08-30","2023-10-11"
"B","97","21001IC04245806P","131221","70","70","0.0000","2021-12-17","2025-01-13"
"B","97","21001IC05014592M","280621","100","12","88","2021-06-30","2023-10-27"
"B","97","22001IC04105136H","160522","60","60","0.0000","2022-05-20","2024-05-23"
"B","97","22001IC05023281X","220922","60","60","0.0000","2022-09-26","2024-04-19"
"B","97","23001IC04049866C","280323","60","6","54","2023-03-30","2024-03-04"
"B","97","23001IC04174792W","181023","60","24","36","2023-10-27","2025-01-29"
"B","98","16001IC04087468E","80916","295","295","0.0000","2016-09-12","2020-05-29"
"B","98","17001IC04180892A","80917","99","99","0.0000","2017-09-15","2022-08-24"
"B","98","18001IC04080837W","90418","92","92","0.0000","2018-04-13","2023-05-11"
"B","98","19001IC04015932R","240119","100","101","-1","2019-01-28","2025-03-19"
"B","98","19001IC04158500Z","60919","50","50","0.0000","2019-09-11","2023-05-10"
"B","98","20001IC04111282E","200720","59","60","-1","2020-07-23","2024-07-16"
"B","98","20001IC04192939W","181120","50","50","0.0000","2020-11-24","2023-09-26"
"B","98","21001IC04054806N","190321","100","84","16","2021-03-23","2024-09-16"
"B","98","21001IC04161492N","240821","100","52","48","2021-08-30","2024-06-06"
"B","98","21001IC04245806P","131221","58","58","0.0000","2021-12-17","2023-08-23"
"B","98","21001IC05014592M","280621","102","28","74","2021-06-30","2023-09-27"
"B","98","22001IC04105136H","160522","56","56","0.0000","2022-05-20","2023-11-23"
"B","98","22001IC05023281X","220922","60","10","50","2022-09-26","2023-11-30"
"B","98","23001IC04049866C","280323","60","58","2","2023-03-30","2025-04-07"
"B","98","23001IC04174792W","181023","100","5","95","2023-10-27","2025-01-03"
"B","99","16001IC04087468E","80916","205","205","0.0000","2016-09-12","2019-07-03"
"B","99","17001IC04180892A","80917","99","99","0.0000","2017-09-15","2021-03-08"
"B","99","18001IC04080837W","90418","95","95","0.0000","2018-04-13","2023-10-27"
"B","99","19001IC04015932R","240119","100","86","14","2019-01-28","2025-02-28"
"B","99","19001IC04158500Z","60919","50","49","1","2019-09-11","2024-01-19"
"B","99","20001IC04192939W","181120","50","6","44","2020-11-24","2022-07-28"
"B","99","21001IC04054806N","190321","100","18","82","2021-03-23","2023-01-30"
"B","99","21001IC04161492N","240821","100","25","75","2021-08-30","2023-05-08"
"B","99","21001IC04245806P","131221","60","15","45","2021-12-17","2024-01-18"
"B","99","21001IC05014592M","280621","95","7","88","2021-06-30","2023-11-30"
"B","99","22001IC04105136H","160522","60","12","48","2022-05-20","2024-10-18"
"B","99","22001IC05023281X","220922","60","15","45","2022-09-26","2023-09-27"
"B","99","23001IC04049866C","280323","60","10","50","2023-03-30","2024-03-04"
"B","99","23001IC04174792W","181023","60","32","28","2023-10-27","2025-02-26"
"C","100","17001IC04180892A","80917","99","99","0.0000","2017-09-15","2018-10-11"
"C","100","18001IC04080837W","90418","51","51","0.0000","2018-04-13","2019-03-18"
"C","100","19001IC04015932R","240119","50","50","0.0000","2019-01-28","2020-08-31"
"C","100","19001IC04158500Z","60919","100","103","-3","2019-09-11","2021-06-17"
"C","100","20001IC04111282E","200720","59","59","0.0000","2020-07-23","2022-04-20"
"C","100","20001IC04192939W","181120","60","60","0.0000","2020-11-24","2022-07-12"
"C","100","21001IC04054806N","190321","40","40","0.0000","2021-03-23","2022-09-08"
"C","100","21001IC04161492N","240821","40","43","-3","2021-08-30","2023-01-26"
"C","100","21001IC04245806P","131221","30","30","0.0000","2021-12-17","2023-06-08"
"C","100","21001IC05014592M","280621","40","40","0.0000","2021-06-30","2023-04-17"
"C","100","22001IC04105136H","160522","32","32","0.0000","2022-05-20","2023-09-01"
"C","100","22001IC05023281X","260922","32","32","0.0000","2022-09-26","2023-10-17"
"C","100","23001IC04049866C","280323","33","33","0.0000","2023-03-30","2024-01-26"
"C","100","23001IC04174792W","181023","47","48","-1","2023-10-27","2024-08-07"
"C","105","18001IC04080837W","90418","50","58","-8","2018-04-13","2019-01-24"
"C","105","19001IC04158500Z","60919","49","49","0.0000","2019-09-11","2020-03-10"
"C","105","21001IC04054806N","190321","40","41","-1","2021-03-23","2021-05-28"
"C","105","21001IC04161492N","240821","40","40","0.0000","2021-08-30","2021-12-03"
"C","105","21001IC04245806P","131221","32","32","0.0000","2021-12-17","2022-07-14"
"C","105","21001IC05014592M","280621","40","40","0.0000","2021-06-30","2023-06-27"
"C","105","22001IC04105136H","160522","32","34","-2","2022-05-20","2023-08-15"
"C","105","22001IC05023281X","260922","32","32","0.0000","2022-09-26","2024-04-29"
"C","105","23001IC04174792W","181023","48","49","-1","2023-10-27","2024-06-11"
"C","108","21001IC04054806N","190321","40","40","0.0000","2021-03-23","2021-12-17"
"C","108","21001IC04161492N","240821","40","40","0.0000","2021-08-30","2022-08-16"
"C","108","21001IC04245806P","131221","40","42","-2","2021-12-17","2024-02-09"
"C","108","21001IC05014592M","280621","40","40","0.0000","2021-06-30","2022-10-31"
"C","108","22001IC04105136H","160522","40","40","0.0000","2022-05-20","2024-04-29"
"C","108","22001IC05023281X","260922","40","40","0.0000","2022-09-26","2024-02-27"
"C","110","18001IC04080837W","90418","60","60","0.0000","2018-04-13","2019-03-18"
"C","110","19001IC04158500Z","60919","98","98","0.0000","2019-09-11","2021-03-29"
"C","110","21001IC04054806N","190321","40","40","0.0000","2021-03-23","2021-05-10"
"C","110","21001IC04161492N","240821","40","40","0.0000","2021-08-30","2022-10-25"
"C","110","21001IC04245806P","131221","40","40","0.0000","2021-12-17","2023-08-15"
"C","110","21001IC05014592M","280621","40","40","0.0000","2021-06-30","2023-03-27"
"C","110","22001IC04105136H","160522","40","45","-5","2022-05-20","2023-08-23"
"C","110","22001IC05023281X","260922","38","39","-1","2022-09-26","2023-02-17"
"C","110","23001IC04174792W","181023","39","39","0.0000","2023-10-27","2024-05-15"
"C","112","18001IC04080837W","90418","60","63","-3","2018-04-13","2019-01-31"
"C","112","19001IC04158500Z","60919","100","100","0.0000","2019-09-11","2020-12-01"
"C","112","21001IC04054806N","190321","39","40","-1","2021-03-23","2021-08-24"
"C","112","21001IC04161492N","240821","40","41","-1","2021-08-30","2022-02-18"
"C","112","21001IC04245806P","131221","40","46","-6","2021-12-17","2022-04-01"
"C","112","21001IC05014592M","280621","40","40","0.0000","2021-06-30","2022-02-23"
"C","112","22001IC04105136H","160522","40","40","0.0000","2022-05-20","2023-01-10"
"C","112","22001IC05023281X","260922","40","40","0.0000","2022-09-26","2023-05-16"
"C","115","18001IC04080837W","90418","60","60","0.0000","2018-04-13","2019-12-09"
"C","115","21001IC04054806N","190321","40","40","0.0000","2021-03-23","2022-07-14"
"C","115","21001IC04161492N","240821","40","40","0.0000","2021-08-30","2022-04-29"
"C","115","21001IC04245806P","131221","40","40","0.0000","2021-12-17","2024-09-30"
"C","115","21001IC05014592M","280621","40","40","0.0000","2021-06-30","2022-12-15"
"C","115","22001IC04105136H","160522","40","14","26","2022-05-20","2025-04-21"
"C","115","22001IC05023281X","260922","40","40","0.0000","2022-09-26","2024-01-31"
"C","115","23001IC04174792W","181023","40","20","20","2023-10-27","2025-04-10"
"C","120","18001IC04080837W","90418","60","60","0.0000","2018-04-13","2018-11-27"
"C","120","19001IC04158500Z","60919","100","101","-1","2019-09-11","2020-08-20"
"C","120","20001IC04173188R","221020","50","50","0.0000","2020-10-28","2020-12-02"
"C","120","20001IC04192939W","181120","100","100","0.0000","2020-11-24","2021-09-22"
"C","120","21001IC04054806N","190321","100","100","0.0000","2021-03-23","2022-03-23"
"C","120","21001IC04161492N","240821","100","100","0.0000","2021-08-30","2023-03-27"
"C","120","21001IC04245806P","131221","60","60","0.0000","2021-12-17","2024-01-15"
"C","120","21001IC05014592M","280621","100","100","0.0000","2021-06-30","2023-01-30"
"C","120","22001IC04105136H","160522","60","60","0.0000","2022-05-20","2023-02-01"
"C","120","22001IC05023281X","260922","60","60","0.0000","2022-09-26","2023-11-29"
"C","120","23001IC04174792W","181023","40","45","-5","2023-10-27","2024-01-29"
"C","124","21001IC04054806N","190321","40","41","-1","2021-03-23","2021-08-27"
"C","124","21001IC04161492N","240821","40","40","0.0000","2021-08-30","2022-03-07"
"C","124","21001IC04245806P","131221","60","61","-1","2021-12-17","2022-08-09"
"C","124","21001IC05014592M","280621","40","41","-1","2021-06-30","2023-01-17"
"C","124","22001IC04105136H","160522","60","61","-1","2022-05-20","2023-03-20"
"C","124","22001IC05023281X","260922","60","60","0.0000","2022-09-26","2023-04-20"
"C","125","20001IC04173188R","221020","50","50","0.0000","2020-10-28","2021-06-09"
"C","125","23001IC04174792W","181023","40","38","2","2023-10-27","2025-04-04"
"C","128","21001IC04054806N","190321","40","40","0.0000","2021-03-23","2022-03-30"
"C","128","21001IC04161492N","240821","40","40","0.0000","2021-08-30","2022-11-10"
"C","128","21001IC04245806P","131221","20","20","0.0000","2021-12-17","2023-05-31"
"C","128","21001IC05014592M","280621","39","39","0.0000","2021-06-30","2023-09-25"
"C","128","22001IC04105136H","160522","20","20","0.0000","2022-05-20","2022-09-15"
"C","128","22001IC05023281X","260922","20","20","0.0000","2022-09-26","2023-02-01"
"C","130","21001IC04054806N","190321","40","40","0.0000","2021-03-23","2021-12-10"
"C","130","21001IC04161492N","240821","39","39","0.0000","2021-08-30","2022-05-16"
"C","130","21001IC04245806P","131221","20","20","0.0000","2021-12-17","2022-03-14"
"C","130","21001IC05014592M","280621","40","40","0.0000","2021-06-30","2022-10-18"
"C","130","22001IC04105136H","160522","20","22","-2","2022-05-20","2023-08-30"
"C","130","22001IC05023281X","260922","20","20","0.0000","2022-09-26","2023-03-13"
"C","130","23001IC04174792W","181023","40","40","0.0000","2023-10-27","2024-12-13"
"C","132","21001IC04054806N","190321","40","40","0.0000","2021-03-23","2021-11-16"
"C","132","21001IC04161492N","240821","40","40","0.0000","2021-08-30","2022-05-31"
"C","132","21001IC04245806P","131221","20","20","0.0000","2021-12-17","2023-06-23"
"C","132","21001IC05014592M","280621","40","40","0.0000","2021-06-30","2023-05-08"
"C","132","22001IC04105136H","160522","20","20","0.0000","2022-05-20","2023-11-28"
"C","132","22001IC05023281X","260922","20","20","0.0000","2022-09-26","2024-05-22"
"C","135","23001IC04174792W","181023","40","40","0.0000","2023-10-27","2025-04-29"
"C","136","21001IC04054806N","190321","40","40","0.0000","2021-03-23","2023-07-04"
"C","136","21001IC04161492N","240821","39","39","0.0000","2021-08-30","2023-05-18"
"C","136","21001IC04245806P","131221","20","19","1","2021-12-17","2023-11-23"
"C","136","21001IC05014592M","280621","40","40","0.0000","2021-06-30","2023-03-14"
"C","136","22001IC04105136H","160522","20","20","0.0000","2022-05-20","2022-09-15"
"C","136","22001IC05023281X","260922","20","21","-1","2022-09-26","2024-12-05"
"C","138","21001IC04054806N","190321","40","40","0.0000","2021-03-23","2021-12-02"
"C","138","21001IC04161492N","240821","40","40","0.0000","2021-08-30","2021-11-17"
"C","138","21001IC04245806P","131221","20","22","-2","2021-12-17","2022-01-31"
"C","138","21001IC05014592M","280621","40","40","0.0000","2021-06-30","2021-12-27"
"C","138","22001IC04105136H","160522","19","21","-2","2022-05-20","2022-12-22"
"C","138","22001IC05023281X","260922","20","25","-5","2022-09-26","2023-09-06"
"C","140","21001IC04054806N","190321","40","40","0.0000","2021-03-23","2023-04-27"
"C","140","21001IC04161492N","240821","40","40","0.0000","2021-08-30","2024-03-19"
"C","140","21001IC04245806P","131221","20","20","0.0000","2021-12-17","2022-08-31"
"C","140","21001IC05014592M","280621","40","39","1","2021-06-30","2024-10-23"
"C","140","22001IC04105136H","160522","20","20","0.0000","2022-05-20","2022-10-03"
"C","140","22001IC05023281X","260922","20","20","0.0000","2022-09-26","2024-07-16"
"C","140","23001IC04174792W","181023","40","33","7","2023-10-27","2025-01-28"
"C","144","21001IC04054806N","190321","40","40","0.0000","2021-03-23","2022-05-12"
"C","144","21001IC04161492N","240821","40","40","0.0000","2021-08-30","2024-12-18"
"C","144","21001IC04245806P","131221","20","20","0.0000","2021-12-17","2023-04-20"
"C","144","21001IC05014592M","280621","40","40","0.0000","2021-06-30","2023-12-04"
"C","144","22001IC04105136H","160522","20","20","0.0000","2022-05-20","2022-10-03"
"C","144","22001IC05023281X","260922","20","20","0.0000","2022-09-26","2023-06-16"
"C","145","23001IC04174792W","181023","40","43","-3","2023-10-27","2025-03-12"
"C","150","23001IC04174792W","181023","40","38","2","2023-10-27","2025-04-22"
"C","155","23001IC04174792W","181023","40","11","29","2023-10-27","2025-03-07"
"C","160","23001IC04174792W","181023","40","41","-1","2023-10-27","2024-08-13"
"C","165","23001IC04174792W","181023","40","21","19","2023-10-27","2025-02-19"
"C","180","23001IC04174792W","181023","40","41","-1","2023-10-27","2024-12-10"
"C","185","23001IC04174792W","181023","20","20","0.0000","2023-10-27","2024-10-31"
"C","190","23001IC04174792W","181023","20","16","4","2023-10-27","2024-12-05"
"C","195","23001IC04174792W","181023","20","20","0.0000","2023-10-27","2024-06-26"
"C","200","16001IC04087468E","80916","150","150","0.0000","2016-09-12","2022-12-12"
"C","200","18001IC04080837W","90418","80","50","30","2018-04-13","2024-11-13"
"C","200","19001IC04158500Z","60919","50","50","0.0000","2019-09-11","2023-06-22"
"C","200","20001IC04192939W","181120","40","6","34","2020-11-24","2023-01-30"
"C","200","21001IC04054806N","190321","40","0.0000","40","2021-03-23","2021-03-23"
"C","200","21001IC04161492N","240821","40","5","35","2021-08-30","2023-09-13"
"C","200","21001IC04245806P","131221","40","17","23","2021-12-17","2024-12-05"
"C","200","21001IC05014592M","280621","40","3","37","2021-06-30","2024-03-27"
"C","200","22001IC04105136H","160522","40","19","21","2022-05-20","2025-04-14"
"C","200","22001IC05023281X","260922","40","0.0000","40","2022-09-26","2022-09-26"
"C","200","23001IC04049866C","280323","40","0.0000","40","2023-03-30","2023-03-30"
"C","200","23001IC04174792W","181023","20","0.0000","20","2023-10-27","2023-10-27"
"C","205","16001IC04087468E","80916","100","79","21","2016-09-12","2024-05-22"
"C","205","21001IC04054806N","190321","20","4","16","2021-03-23","2022-12-21"
"C","205","21001IC04161492N","240821","20","20","0.0000","2021-08-30","2023-02-01"
"C","205","21001IC04245806P","131221","20","10","10","2021-12-17","2024-02-21"
"C","205","21001IC05014592M","280621","20","4","16","2021-06-30","2022-10-26"
"C","205","22001IC04105136H","160522","20","1","19","2022-05-20","2022-08-12"
"C","205","22001IC05023281X","260922","20","0.0000","20","2022-09-26","2022-09-26"
"C","205","23001IC04049866C","280323","17","15","2","2023-03-30","2024-12-16"
"C","205","23001IC04174792W","181023","20","0.0000","20","2023-10-27","2023-10-27"
"C","210","16001IC04087468E","80916","150","150","0.0000","2016-09-12","2022-08-10"
"C","210","18001IC04080837W","90418","40","40","0.0000","2018-04-13","2023-06-28"
"C","210","19001IC04015932R","240119","50","49","1","2019-01-28","2025-04-28"
"C","210","20001IC04111282E","200720","20","20","0.0000","2020-07-23","2024-04-04"
"C","210","20001IC04173188R","221020","50","12","38","2020-10-28","2025-04-14"
"C","210","21001IC04054806N","190321","40","7","33","2021-03-23","2021-09-22"
"C","210","21001IC04161492N","240821","40","5","35","2021-08-30","2024-12-05"
"C","210","21001IC04245806P","131221","40","8","32","2021-12-17","2025-04-29"
"C","210","21001IC05014592M","280621","40","3","37","2021-06-30","2023-11-01"
"C","210","22001IC04105136H","160522","40","5","35","2022-05-20","2024-03-13"
"C","210","22001IC05023281X","260922","40","2","38","2022-09-26","2023-11-24"
"C","210","23001IC04049866C","280323","40","4","36","2023-03-30","2025-03-05"
"C","210","23001IC04174792W","181023","20","20","0.0000","2023-10-27","2024-08-22"
"C","215","16001IC04087468E","80916","100","89","11","2016-09-12","2024-02-21"
"C","215","21001IC04054806N","190321","40","6","34","2021-03-23","2022-12-26"
"C","215","21001IC04161492N","240821","40","2","38","2021-08-30","2023-04-10"
"C","215","21001IC04245806P","131221","20","0.0000","20","2021-12-17","2021-12-17"
"C","215","21001IC05014592M","280621","40","2","38","2021-06-30","2021-12-13"
"C","215","22001IC04105136H","160522","20","6","14","2022-05-20","2025-04-14"
"C","215","22001IC05023281X","260922","20","0.0000","20","2022-09-26","2022-09-26"
"C","215","23001IC04049866C","280323","20","19","1","2023-03-30","2024-11-21"
"C","215","23001IC04174792W","181023","20","0.0000","20","2023-10-27","2023-10-27"
"C","220","16001IC04087468E","80916","158","158","0.0000","2016-09-12","2021-11-08"
"C","220","18001IC04080837W","90418","59","59","0.0000","2018-04-13","2023-01-17"
"C","220","19001IC04015932R","240119","50","50","0.0000","2019-01-28","2023-06-28"
"C","220","20001IC04173188R","221020","50","50","0.0000","2020-10-28","2024-05-08"
"C","220","21001IC04054806N","190321","40","40","0.0000","2021-03-23","2024-08-21"
"C","220","21001IC04161492N","240821","40","12","28","2021-08-30","2025-03-20"
"C","220","21001IC04245806P","131221","40","6","34","2021-12-17","2023-06-16"
"C","220","21001IC05014592M","280621","40","10","30","2021-06-30","2024-09-10"
"C","220","22001IC04105136H","160522","40","12","28","2022-05-20","2024-06-12"
"C","220","22001IC05023281X","260922","40","2","38","2022-09-26","2023-02-08"
"C","220","23001IC04049866C","280323","40","4","36","2023-03-30","2024-03-20"
"C","220","23001IC04174792W","181023","40","34","6","2023-10-27","2025-04-28"
"C","225","16001IC04087468E","80916","100","100","0.0000","2016-09-12","2021-10-06"
"C","225","19001IC04158500Z","60919","49","47","2","2019-09-11","2025-04-23"
"C","225","21001IC04245806P","131221","20","3","17","2021-12-17","2022-08-12"
"C","225","22001IC04105136H","160522","20","0.0000","20","2022-05-20","2022-05-20"
"C","225","22001IC05023281X","260922","20","20","0.0000","2022-09-26","2023-11-01"
"C","225","23001IC04049866C","280323","20","21","-1","2023-03-30","2025-02-05"
"C","225","23001IC04174792W","181023","20","10","10","2023-10-27","2024-07-12"
"C","230","16001IC04087468E","80916","140","140","0.0000","2016-09-12","2025-03-20"
"C","230","18001IC04080837W","90418","60","16","44","2018-04-13","2021-08-11"
"C","230","19001IC04015932R","240119","50","9","41","2019-01-28","2021-10-06"
"C","230","20001IC04111282E","200720","60","10","50","2020-07-23","2022-04-11"
"C","230","20001IC04192939W","181120","40","12","28","2020-11-24","2022-08-31"
"C","230","21001IC04054806N","190321","20","10","10","2021-03-23","2023-03-28"
"C","230","21001IC04161492N","240821","20","9","11","2021-08-30","2023-09-28"
"C","230","21001IC04245806P","131221","40","7","33","2021-12-17","2022-08-31"
"C","230","21001IC05014592M","280621","20","20","0.0000","2021-06-30","2025-01-14"
"C","230","22001IC04105136H","160522","40","2","38","2022-05-20","2024-11-13"
"C","230","22001IC05023281X","260922","40","1","39","2022-09-26","2023-11-08"
"C","230","23001IC04049866C","280323","30","0.0000","30","2023-03-30","2023-03-30"
"C","230","23001IC04174792W","181023","20","18","2","2023-10-27","2025-03-27"
"C","235","16001IC04087468E","80916","99","100","-1","2016-09-12","2019-12-02"
"C","240","16001IC04087468E","80916","159","159","0.0000","2016-09-12","2018-11-16"
"C","240","18001IC04080837W","90418","60","60","0.0000","2018-04-13","2020-06-12"
"C","240","19001IC04015932R","240119","50","50","0.0000","2019-01-28","2021-05-06"
"C","240","20001IC04111282E","200720","60","60","0.0000","2020-07-23","2022-01-07"
"C","240","20001IC04192939W","181120","40","40","0.0000","2020-11-24","2022-09-08"
"C","240","21001IC04054806N","190321","40","40","0.0000","2021-03-23","2023-12-18"
"C","240","21001IC04161492N","240821","40","40","0.0000","2021-08-30","2025-03-05"
"C","240","21001IC04245806P","131221","40","9","31","2021-12-17","2025-03-20"
"C","240","21001IC05014592M","280621","40","40","0.0000","2021-06-30","2025-01-13"
"C","240","22001IC04105136H","160522","40","4","36","2022-05-20","2025-03-19"
"C","240","22001IC05023281X","260922","40","1","39","2022-09-26","2022-10-19"
"C","240","23001IC04049866C","280323","40","20","20","2023-03-30","2025-04-10"
"C","240","23001IC04174792W","181023","20","21","-1","2023-10-27","2024-02-02"
"C","245","16001IC04087468E","80916","100","80","20","2016-09-12","2024-10-24"
"C","245","21001IC04054806N","190321","20","7","13","2021-03-23","2024-04-19"
"C","245","21001IC04161492N","240821","20","10","10","2021-08-30","2024-12-16"
"C","245","21001IC04245806P","131221","20","1","19","2021-12-17","2022-11-17"
"C","245","21001IC05014592M","280621","20","3","17","2021-06-30","2024-04-10"
"C","245","22001IC04105136H","160522","20","0.0000","20","2022-05-20","2022-05-20"
"C","245","22001IC05023281X","260922","20","0.0000","20","2022-09-26","2022-09-26"
"C","245","23001IC04049866C","280323","17","5","12","2023-03-30","2025-02-19"
"C","245","23001IC04174792W","181023","20","0.0000","20","2023-10-27","2023-10-27"
"C","250","11001IC04199085V","61011","50","50","0.0000","2011-10-11","2013-03-06"
"C","250","16001IC04087468E","80916","138","138","0.0000","2016-09-12","2022-03-10"
"C","250","18001IC04080837W","90418","60","60","0.0000","2018-04-13","2024-07-11"
"C","250","19001IC04015932R","240119","50","5","45","2019-01-28","2025-03-20"
"C","250","20001IC04111282E","200720","60","20","40","2020-07-23","2022-04-19"
"C","250","20001IC04192939W","181120","40","7","33","2020-11-24","2023-11-01"
"C","250","21001IC04054806N","190321","20","20","0.0000","2021-03-23","2023-04-10"
"C","250","21001IC04161492N","240821","20","20","0.0000","2021-08-30","2023-01-05"
"C","250","21001IC04245806P","131221","40","2","38","2021-12-17","2022-01-17"
"C","250","21001IC05014592M","280621","20","20","0.0000","2021-06-30","2024-11-20"
"C","250","22001IC04105136H","160522","40","16","24","2022-05-20","2024-11-13"
"C","250","22001IC05023281X","260922","40","1","39","2022-09-26","2022-12-22"
"C","250","23001IC04049866C","280323","40","2","38","2023-03-30","2023-11-08"
"C","250","23001IC04174792W","181023","20","15","5","2023-10-27","2025-03-05"
"C","255","16001IC04087468E","80916","100","80","20","2016-09-12","2023-07-14"
"C","255","21001IC04245806P","131221","20","0.0000","20","2021-12-17","2021-12-17"
"C","255","22001IC04105136H","160522","20","0.0000","20","2022-05-20","2022-05-20"
"C","255","22001IC05023281X","260922","20","0.0000","20","2022-09-26","2022-09-26"
"C","255","23001IC04049866C","280323","17","17","0.0000","2023-03-30","2024-11-06"
"C","255","23001IC04174792W","181023","20","4","16","2023-10-27","2025-01-28"
"C","260","11001IC04199085V","61011","50","50","0.0000","2011-10-11","2012-08-31"
"C","260","16001IC04087468E","80916","160","160","0.0000","2016-09-12","2019-06-19"
"C","260","18001IC04080837W","90418","59","59","0.0000","2018-04-13","2020-08-05"
"C","260","19001IC04015932R","240119","50","51","-1","2019-01-28","2021-08-25"
"C","260","20001IC04111282E","200720","60","60","0.0000","2020-07-23","2023-03-02"
"C","260","20001IC04192939W","181120","40","40","0.0000","2020-11-24","2024-11-13"
"C","260","21001IC04054806N","190321","40","28","12","2021-03-23","2025-04-14"
"C","260","21001IC04161492N","240821","36","36","0.0000","2021-08-30","2024-10-23"
"C","260","21001IC04245806P","131221","39","4","35","2021-12-17","2023-09-04"
"C","260","21001IC05014592M","280621","40","9","31","2021-06-30","2024-09-09"
"C","260","22001IC04105136H","160522","40","40","0.0000","2022-05-20","2023-06-29"
"C","260","22001IC05023281X","260922","40","14","26","2022-09-26","2025-01-28"
"C","260","23001IC04049866C","280323","40","6","34","2023-03-30","2025-04-03"
"C","260","23001IC04174792W","181023","20","20","0.0000","2023-10-27","2024-02-21"
"C","265","16001IC04087468E","80916","100","100","0.0000","2016-09-12","2025-02-04"
"C","265","21001IC04054806N","190321","20","0.0000","20","2021-03-23","2021-03-23"
"C","265","21001IC04161492N","240821","20","5","15","2021-08-30","2023-07-05"
"C","265","21001IC04245806P","131221","40","3","37","2021-12-17","2022-04-20"
"C","265","21001IC05014592M","280621","20","14","6","2021-06-30","2024-12-05"
"C","265","22001IC04105136H","160522","40","5","35","2022-05-20","2023-07-18"
"C","265","22001IC05023281X","260922","40","0.0000","40","2022-09-26","2022-09-26"
"C","265","23001IC04049866C","280323","30","1","29","2023-03-30","2023-04-14"
"C","265","23001IC04174792W","181023","60","6","54","2023-10-27","2025-04-16"
"C","270","11001IC04199085V","61011","50","50","0.0000","2011-10-11","2012-05-31"
"C","270","16001IC04087468E","80916","140","141","-1","2016-09-12","2018-02-05"
"C","270","18001IC04080837W","90418","100","100","0.0000","2018-04-13","2020-06-10"
"C","270","19001IC04015932R","240119","48","48","0.0000","2019-01-28","2021-08-24"
"C","270","20001IC04111282E","200720","60","60","0.0000","2020-07-23","2022-12-12"
"C","270","20001IC04192939W","181120","40","40","0.0000","2020-11-24","2023-01-17"
"C","270","21001IC04054806N","190321","40","40","0.0000","2021-03-23","2023-12-06"
"C","270","21001IC04161492N","240821","40","40","0.0000","2021-08-30","2024-07-18"
"C","270","21001IC04245806P","131221","40","28","12","2021-12-17","2025-04-29"
"C","270","21001IC05014592M","280621","40","17","23","2021-06-30","2025-01-08"
"C","270","22001IC04105136H","160522","40","13","27","2022-05-20","2025-03-05"
"C","270","22001IC05023281X","260922","40","3","37","2022-09-26","2024-04-17"
"C","270","23001IC04049866C","280323","40","19","21","2023-03-30","2025-04-16"
"C","270","23001IC04174792W","181023","40","9","31","2023-10-27","2025-04-10"
"C","275","16001IC04087468E","80916","100","100","0.0000","2016-09-12","2022-12-22"
"C","275","21001IC04054806N","190321","20","31","-11","2021-03-23","2022-03-22"
"C","275","21001IC04161492N","240821","20","21","-1","2021-08-30","2023-02-22"
"C","275","21001IC04245806P","131221","20","21","-1","2021-12-17","2023-01-26"
"C","275","21001IC05014592M","280621","20","20","0.0000","2021-06-30","2021-11-08"
"C","275","22001IC04105136H","160522","20","22","-2","2022-05-20","2022-07-27"
"C","275","22001IC05023281X","260922","20","30","-10","2022-09-26","2022-11-24"
"C","275","23001IC04049866C","280323","30","33","-3","2023-03-30","2023-08-23"
"C","275","23001IC04174792W","181023","40","17","23","2023-10-27","2025-02-04"
"C","280","16001IC04087468E","80916","140","140","0.0000","2016-09-12","2021-04-12"
"C","280","18001IC04080837W","90418","59","59","0.0000","2018-04-13","2022-07-01"
"C","280","19001IC04015932R","240119","50","48","2","2019-01-28","2025-03-20"
"C","280","20001IC04192939W","181120","40","5","35","2020-11-24","2022-07-19"
"C","280","21001IC04054806N","190321","40","5","35","2021-03-23","2022-12-22"
"C","280","21001IC04161492N","240821","40","12","28","2021-08-30","2023-08-10"
"C","280","21001IC04245806P","131221","40","1","39","2021-12-17","2024-08-06"
"C","280","21001IC05014592M","280621","40","6","34","2021-06-30","2024-01-05"
"C","280","22001IC04105136H","160522","39","4","35","2022-05-20","2023-10-11"
"C","280","22001IC05023281X","260922","40","1","39","2022-09-26","2023-11-21"
"C","280","23001IC04049866C","280323","33","4","29","2023-03-30","2025-04-03"
"C","280","23001IC04174792W","181023","20","20","0.0000","2023-10-27","2024-12-16"
"C","285","16001IC04087468E","80916","60","60","0.0000","2016-09-12","2020-12-03"
"C","285","19001IC04015932R","240119","50","50","0.0000","2019-01-28","2023-05-23"
"C","285","21001IC04054806N","190321","20","20","0.0000","2021-03-23","2024-05-22"
"C","285","21001IC04161492N","240821","20","0.0000","20","2021-08-30","2021-08-30"
"C","285","21001IC04245806P","131221","20","2","18","2021-12-17","2022-01-17"
"C","285","21001IC05014592M","280621","20","8","12","2021-06-30","2024-10-29"
"C","285","22001IC04105136H","160522","20","0.0000","20","2022-05-20","2022-05-20"
"C","285","22001IC05023281X","260922","20","9","11","2022-09-26","2024-12-09"
"C","285","23001IC04049866C","280323","20","0.0000","20","2023-03-30","2023-03-30"
"C","285","23001IC04174792W","181023","20","2","18","2023-10-27","2023-12-07"
"C","290","16001IC04087468E","80916","160","160","0.0000","2016-09-12","2023-11-24"
"C","290","18001IC04080837W","90418","58","58","0.0000","2018-04-13","2024-11-01"
"C","290","19001IC04015932R","240119","50","14","36","2019-01-28","2025-04-29"
"C","290","21001IC04245806P","131221","40","12","28","2021-12-17","2025-03-07"
"C","290","22001IC04105136H","160522","40","1","39","2022-05-20","2023-04-17"
"C","290","22001IC05023281X","260922","40","3","37","2022-09-26","2022-12-26"
"C","290","23001IC04049866C","280323","40","4","36","2023-03-30","2025-01-31"
"C","290","23001IC04174792W","181023","20","20","0.0000","2023-10-27","2024-09-10"
"C","295","17001IC04058927D","290317","50","51","-1","2017-04-04","2024-01-31"
"C","295","19001IC04015932R","240119","50","6","44","2019-01-28","2024-06-19"
"C","295","21001IC04245806P","131221","20","0.0000","20","2021-12-17","2021-12-17"
"C","295","22001IC04105136H","160522","20","5","15","2022-05-20","2023-03-30"
"C","295","22001IC05023281X","260922","20","0.0000","20","2022-09-26","2022-09-26"
"C","295","23001IC04049866C","280323","20","0.0000","20","2023-03-30","2023-03-30"
"C","295","23001IC04174792W","181023","20","0.0000","20","2023-10-27","2023-10-27"
"C","300","11001IC04199085V","61011","50","50","0.0000","2011-10-11","2012-11-08"
"C","300","16001IC04087468E","80916","22","22","0.0000","2016-09-12","2017-09-21"
"C","300","17001IC04058927D","290317","263","231","32","2017-04-04","2024-11-13"
"C","300","18001IC04080837W","90418","60","14","46","2018-04-13","2023-09-21"
"C","300","20001IC04192939W","181120","40","31","9","2020-11-24","2025-01-22"
"C","300","21001IC04245806P","131221","20","20","0.0000","2021-12-17","2023-12-04"
"C","300","22001IC04105136H","160522","20","20","0.0000","2022-05-20","2023-12-01"
"C","300","22001IC05023281X","260922","20","5","15","2022-09-26","2024-12-09"
"C","300","23001IC04049866C","280323","30","6","24","2023-03-30","2025-01-31"
"C","300","23001IC04174792W","181023","20","20","0.0000","2023-10-27","2024-12-09"
"C","305","17001IC04058927D","290317","80","24","56","2017-04-04","2023-09-21"
"C","305","21001IC04245806P","131221","20","7","13","2021-12-17","2025-01-28"
"C","305","22001IC04105136H","160522","20","2","18","2022-05-20","2024-06-07"
"C","305","22001IC05023281X","260922","20","20","0.0000","2022-09-26","2023-12-04"
"C","305","23001IC04049866C","280323","20","0.0000","20","2023-03-30","2023-03-30"
"C","310","16001IC04087468E","80916","52","52","0.0000","2016-09-12","2019-02-06"
"C","310","17001IC04058927D","290317","240","141","99","2017-04-04","2025-03-12"
"C","310","21001IC04245806P","131221","40","9","31","2021-12-17","2024-08-08"
"C","310","22001IC04105136H","160522","40","5","35","2022-05-20","2022-12-26"
"C","310","22001IC05023281X","260922","40","9","31","2022-09-26","2024-10-24"
"C","310","23001IC04049866C","280323","30","6","24","2023-03-30","2024-07-22"
"C","310","23001IC04174792W","181023","20","13","7","2023-10-27","2025-03-19"
"C","315","16001IC04087468E","80916","54","54","0.0000","2016-09-12","2020-12-15"
"C","315","19001IC04015932R","240119","50","50","0.0000","2019-01-28","2022-07-04"
"C","315","21001IC04245806P","131221","20","24","-4","2021-12-17","2022-03-03"
"C","315","22001IC04105136H","160522","20","17","3","2022-05-20","2025-04-16"
"C","315","22001IC05023281X","260922","20","19","1","2022-09-26","2024-09-04"
"C","32","17001IC04058927D","290317","204","63","141","2017-04-04","2022-10-27"
"C","32","23001IC04049866C","280323","50","15","35","2023-03-30","2025-02-07"
"C","320","16001IC04087468E","80916","98","98","0.0000","2016-09-12","2022-01-07"
"C","320","17001IC04058927D","290317","40","40","0.0000","2017-04-04","2022-08-18"
"C","320","19001IC04158500Z","60919","50","51","-1","2019-09-11","2024-07-18"
"C","320","20001IC04111282E","200720","60","13","47","2020-07-23","2024-11-13"
"C","320","21001IC04245806P","131221","20","20","0.0000","2021-12-17","2024-12-23"
"C","320","22001IC04105136H","160522","20","19","1","2022-05-20","2025-04-28"
"C","320","22001IC05023281X","260922","20","0.0000","20","2022-09-26","2022-09-26"
"C","320","23001IC04049866C","280323","30","2","28","2023-03-30","2024-12-09"
"C","325","16001IC04087468E","80916","14","14","0.0000","2016-09-12","2019-09-16"
"C","325","17001IC04058927D","290317","30","22","8","2017-04-04","2025-04-14"
"C","325","19001IC04015932R","240119","49","4","45","2019-01-28","2024-01-25"
"C","33","23001IC04049866C","280323","50","35","15","2023-03-30","2024-10-29"
"C","330","11001IC04199085V","61011","51","51","0.0000","2011-10-11","2013-03-22"
"C","330","16001IC04087468E","80916","48","48","0.0000","2016-09-12","2018-10-26"
"C","330","17001IC04058927D","290317","195","163","32","2017-04-04","2024-05-15"
"C","330","20001IC04111282E","200720","60","9","51","2020-07-23","2022-12-12"
"C","330","21001IC04245806P","131221","20","20","0.0000","2021-12-17","2024-11-27"
"C","330","22001IC04105136H","160522","19","5","14","2022-05-20","2025-02-25"
"C","330","22001IC05023281X","260922","20","0.0000","20","2022-09-26","2022-09-26"
"C","330","23001IC04049866C","280323","30","2","28","2023-03-30","2024-03-13"
"C","34","17001IC04058927D","290317","102","82","20","2017-04-04","2024-10-29"
"C","34","23001IC04049866C","280323","50","6","44","2023-03-30","2024-09-16"
"C","340","16001IC04087468E","80916","64","64","0.0000","2016-09-12","2020-02-26"
"C","340","17001IC04058927D","290317","36","36","0.0000","2017-04-04","2021-08-25"
"C","340","19001IC04015932R","240119","50","50","0.0000","2019-01-28","2024-09-30"
"C","340","20001IC04111282E","200720","60","1","59","2020-07-23","2024-12-10"
"C","340","21001IC04245806P","131221","20","12","8","2021-12-17","2025-04-28"
"C","340","22001IC04105136H","160522","20","1","19","2022-05-20","2024-06-07"
"C","340","22001IC05023281X","260922","20","0.0000","20","2022-09-26","2022-09-26"
"C","35","17001IC04058927D","290317","103","104","-1","2017-04-04","2024-10-23"
"C","35","23001IC04049866C","280323","50","34","16","2023-03-30","2025-04-28"
"C","350","16001IC04087468E","80916","150","70","80","2016-09-12","2024-01-24"
"C","350","21001IC04245806P","131221","20","18","2","2021-12-17","2025-04-28"
"C","350","22001IC04105136H","160522","20","0.0000","20","2022-05-20","2022-05-20"
"C","350","22001IC05023281X","260922","20","0.0000","20","2022-09-26","2022-09-26"
"C","36","17001IC04058927D","290317","103","60","43","2017-04-04","2024-12-20"
"C","36","19001IC04015932R","240119","61","0.0000","61","2019-01-28","2019-01-28"
"C","36","19001IC04158500Z","60919","46","0.0000","46","2019-09-11","2019-09-11"
"C","36","20001IC04192939W","181120","56","0.0000","56","2020-11-24","2020-11-24"
"C","36","21001IC04054806N","190321","20","1","19","2021-03-23","2021-05-20"
"C","36","21001IC04161492N","240821","16","15","1","2021-08-30","2024-06-25"
"C","36","21001IC04245806P","131221","20","20","0.0000","2021-12-17","2023-02-01"
"C","36","21001IC05014592M","280621","20","9","11","2021-06-30","2025-04-24"
"C","36","22001IC04105136H","160522","20","0.0000","20","2022-05-20","2022-05-20"
"C","36","22001IC05023281X","220922","16","0.0000","16","2022-09-26","2022-09-26"
"C","36","23001IC04049866C","280323","50","0.0000","50","2023-03-30","2023-03-30"
"C","36","23001IC04174792W","181023","55","0.0000","55","2023-10-27","2023-10-27"
"C","360","16001IC04087468E","80916","58","58","0.0000","2016-09-12","2019-03-15"
"C","360","17001IC04058927D","290317","40","40","0.0000","2017-04-04","2021-11-24"
"C","360","19001IC04015932R","240119","50","50","0.0000","2019-01-28","2024-01-09"
"C","360","21001IC04245806P","131221","20","19","1","2021-12-17","2025-04-29"
"C","360","22001IC04105136H","160522","20","8","12","2022-05-20","2025-04-22"
"C","360","22001IC05023281X","260922","20","1","19","2022-09-26","2024-08-22"
"C","37","17001IC04058927D","290317","101","100","1","2017-04-04","2024-12-18"
"C","37","19001IC04015932R","240119","72","4","68","2019-01-28","2024-08-28"
"C","37","19001IC04158500Z","60919","46","6","40","2019-09-11","2022-07-04"
"C","37","21001IC04054806N","190321","20","20","0.0000","2021-03-23","2024-03-05"
"C","37","21001IC04161492N","240821","20","20","0.0000","2021-08-30","2024-10-23"
"C","37","21001IC04245806P","131221","15","4","11","2021-12-17","2024-08-08"
"C","37","21001IC05014592M","280621","19","7","12","2021-06-30","2023-11-28"
"C","37","22001IC04105136H","160522","15","13","2","2022-05-20","2025-01-08"
"C","37","22001IC05023281X","220922","15","13","2","2022-09-26","2025-04-28"
"C","37","23001IC04049866C","280323","50","0.0000","50","2023-03-30","2023-03-30"
"C","37","23001IC04174792W","181023","48","4","44","2023-10-27","2024-10-21"
"C","38","16001IC04087468E","80916","40","40","0.0000","2016-09-12","2022-08-10"
"C","38","17001IC04058927D","290317","50","21","29","2017-04-04","2024-03-14"
"C","38","19001IC04015932R","240119","57","5","52","2019-01-28","2021-09-07"
"C","38","19001IC04158500Z","60919","46","2","44","2019-09-11","2022-02-18"
"C","38","20001IC04192939W","181120","45","18","27","2020-11-24","2022-07-04"
"C","38","21001IC04054806N","190321","20","10","10","2021-03-23","2025-02-11"
"C","38","21001IC04161492N","240821","20","20","0.0000","2021-08-30","2023-02-01"
"C","38","21001IC04245806P","131221","15","0.0000","15","2021-12-17","2021-12-17"
"C","38","21001IC05014592M","280621","19","8","11","2021-06-30","2024-09-23"
"C","38","22001IC04105136H","160522","15","10","5","2022-05-20","2024-09-16"
"C","38","22001IC05023281X","220922","14","13","1","2022-09-26","2023-05-31"
"C","38","23001IC04049866C","280323","50","2","48","2023-03-30","2024-06-12"
"C","38","23001IC04174792W","181023","48","0.0000","48","2023-10-27","2023-10-27"
"C","39","17001IC04058927D","290317","103","56","47","2017-04-04","2022-11-29"
"C","39","19001IC04015932R","240119","56","0.0000","56","2019-01-28","2019-01-28"
"C","39","19001IC04158500Z","60919","46","11","35","2019-09-11","2023-02-09"
"C","39","21001IC04054806N","190321","20","15","5","2021-03-23","2024-07-22"
"C","39","21001IC04161492N","240821","20","20","0.0000","2021-08-30","2023-02-01"
"C","39","21001IC04245806P","131221","15","13","2","2021-12-17","2024-08-28"
"C","39","21001IC05014592M","280621","20","4","16","2021-06-30","2023-02-02"
"C","39","22001IC04105136H","160522","15","6","9","2022-05-20","2024-12-16"
"C","39","22001IC05023281X","220922","15","14","1","2022-09-26","2024-01-26"
"C","39","23001IC04049866C","280323","50","0.0000","50","2023-03-30","2023-03-30"
"C","39","23001IC04174792W","181023","47","5","42","2023-10-27","2024-03-25"
"C","40","17001IC04058927D","290317","100","100","0.0000","2017-04-04","2022-02-08"
"C","40","19001IC04015932R","240119","55","18","37","2019-01-28","2023-01-05"
"C","40","19001IC04158500Z","60919","56","6","50","2019-09-11","2022-04-01"
"C","40","20001IC04192939W","181120","46","7","39","2020-11-24","2022-07-04"
"C","40","21001IC04054806N","190321","20","15","5","2021-03-23","2024-05-21"
"C","40","21001IC04161492N","240821","20","0.0000","20","2021-08-30","2021-08-30"
"C","40","21001IC04245806P","131221","15","15","0.0000","2021-12-17","2023-09-04"
"C","40","21001IC05014592M","280621","20","18","2","2021-06-30","2025-04-22"
"C","40","22001IC04105136H","160522","14","9","5","2022-05-20","2024-07-22"
"C","40","22001IC05023281X","220922","15","15","0.0000","2022-09-26","2024-08-28"
"C","40","23001IC04049866C","280323","50","0.0000","50","2023-03-30","2023-03-30"
"C","40","23001IC04174792W","181023","48","10","38","2023-10-27","2024-06-25"
"C","41","17001IC04058927D","290317","102","102","0.0000","2017-04-04","2022-02-08"
"C","41","21001IC04054806N","190321","45","45","0.0000","2021-03-23","2024-08-28"
"C","41","21001IC04161492N","240821","45","4","41","2021-08-30","2024-07-04"
"C","41","21001IC04245806P","131221","28","27","1","2021-12-17","2023-08-02"
"C","41","21001IC05014592M","280621","45","6","39","2021-06-30","2025-04-07"
"C","41","22001IC04105136H","160522","30","28","2","2022-05-20","2025-02-25"
"C","41","22001IC05023281X","220922","30","10","20","2022-09-26","2024-04-04"
"C","41","23001IC04049866C","280323","50","10","40","2023-03-30","2024-06-11"
"C","41","23001IC04174792W","181023","483","5","478","2023-10-27","2024-01-19"
"C","42","17001IC04058927D","290317","102","102","0.0000","2017-04-04","2021-01-27"
"C","42","19001IC04015932R","240119","63","22","41","2019-01-28","2022-09-13"
"C","42","19001IC04158500Z","60919","56","13","43","2019-09-11","2022-04-01"
"C","42","20001IC04192939W","181120","45","10","35","2020-11-24","2023-08-29"
"C","42","21001IC04054806N","190321","20","20","0.0000","2021-03-23","2023-10-23"
"C","42","21001IC04161492N","240821","20","20","0.0000","2021-08-30","2023-02-01"
"C","42","21001IC04245806P","131221","14","13","1","2021-12-17","2024-08-28"
"C","42","21001IC05014592M","280621","20","21","-1","2021-06-30","2024-11-29"
"C","42","22001IC04105136H","160522","15","8","7","2022-05-20","2025-04-24"
"C","42","22001IC05023281X","220922","15","0.0000","15","2022-09-26","2022-09-26"
"C","42","23001IC04049866C","280323","50","0.0000","50","2023-03-30","2023-03-30"
"C","42","23001IC04174792W","181023","48","0.0000","48","2023-10-27","2023-10-27"
"C","43","17001IC04058927D","290317","102","102","0.0000","2017-04-04","2020-09-24"
"C","43","19001IC04015932R","240119","50","50","0.0000","2019-01-28","2023-01-31"
"C","43","19001IC04158500Z","60919","49","49","0.0000","2019-09-11","2024-01-25"
"C","43","20001IC04192939W","181120","46","0.0000","46","2020-11-24","2020-11-24"
"C","43","21001IC04054806N","190321","45","2","43","2021-03-23","2021-08-25"
"C","43","21001IC04161492N","240821","42","12","30","2021-08-30","2023-07-13"
"C","43","21001IC04245806P","131221","13","4","9","2021-12-17","2024-12-26"
"C","43","21001IC05014592M","280621","45","0.0000","45","2021-06-30","2021-06-30"
"C","43","22001IC04105136H","160522","15","2","13","2022-05-20","2024-11-22"
"C","43","22001IC05023281X","220922","15","15","0.0000","2022-09-26","2024-12-20"
"C","43","23001IC04049866C","280323","50","0.0000","50","2023-03-30","2023-03-30"
"C","43","23001IC04174792W","181023","48","11","37","2023-10-27","2024-08-07"
"C","44","17001IC04058927D","290317","97","97","0.0000","2017-04-04","2018-07-18"
"C","44","18001IC04080837W","90418","46","46","0.0000","2018-04-13","2019-10-01"
"C","44","19001IC04015932R","240119","67","67","0.0000","2019-01-28","2022-03-11"
"C","44","19001IC04158500Z","60919","56","57","-1","2019-09-11","2023-01-17"
"C","44","21001IC04054806N","190321","45","18","27","2021-03-23","2024-06-06"
"C","44","21001IC04161492N","240821","38","26","12","2021-08-30","2024-12-09"
"C","44","21001IC04245806P","131221","15","7","8","2021-12-17","2025-03-27"
"C","44","21001IC05014592M","280621","45","11","34","2021-06-30","2025-02-11"
"C","44","22001IC04105136H","160522","15","15","0.0000","2022-05-20","2023-11-29"
"C","44","22001IC05023281X","220922","15","15","0.0000","2022-09-26","2024-08-22"
"C","44","23001IC04049866C","280323","50","2","48","2023-03-30","2023-07-05"
"C","44","23001IC04174792W","181023","48","1","47","2023-10-27","2025-02-11"
"C","45","16001IC04087468E","80916","44","44","0.0000","2016-09-12","2017-12-01"
"C","45","17001IC04058927D","290317","50","51","-1","2017-04-04","2018-07-30"
"C","45","18001IC04080837W","90418","50","50","0.0000","2018-04-13","2020-05-27"
"C","45","19001IC04015932R","240119","50","50","0.0000","2019-01-28","2020-12-09"
"C","45","19001IC04158500Z","60919","50","50","0.0000","2019-09-11","2022-02-07"
"C","45","20001IC04192939W","181120","44","44","0.0000","2020-11-24","2022-06-08"
"C","45","21001IC04054806N","190321","45","27","18","2021-03-23","2024-04-17"
"C","45","21001IC04161492N","240821","45","8","37","2021-08-30","2023-08-08"
"C","45","21001IC04245806P","131221","30","0.0000","30","2021-12-17","2021-12-17"
"C","45","21001IC05014592M","280621","45","44","1","2021-06-30","2025-04-22"
"C","45","22001IC04105136H","160522","30","30","0.0000","2022-05-20","2024-09-09"
"C","45","22001IC05023281X","220922","29","20","9","2022-09-26","2024-12-20"
"C","45","23001IC04049866C","280323","50","0.0000","50","2023-03-30","2023-03-30"
"C","45","23001IC04174792W","181023","47","6","41","2023-10-27","2024-06-25"
"C","46","13001IC04101121","220513","48","48","0.0000","2013-05-23","2015-03-27"
"C","46","14001IC04026899D","100214","51","51","0.0000","2014-02-10","2016-10-05"
"C","46","14001IC04241965T","20115","100","100","0.0000","2015-01-05","2018-05-04"
"C","46","15091IC04055318B","91015","104","104","0.0000","2015-10-14","2023-07-18"
"C","46","16001IC04087468E","80916","19","19","0.0000","2016-09-12","2017-09-29"
"C","46","17001IC04058927D","290317","80","34","46","2017-04-04","2024-04-17"
"C","46","18001IC04080837W","90418","98","4","94","2018-04-13","2021-06-22"
"C","46","19001IC04015932R","240119","50","17","33","2019-01-28","2021-07-23"
"C","46","19001IC04158500Z","60919","56","23","33","2019-09-11","2021-12-01"
"C","46","20001IC04111282E","200720","43","9","34","2020-07-23","2021-10-06"
"C","46","20001IC04192939W","181120","86","23","63","2020-11-24","2022-07-28"
"C","46","21001IC04054806N","190321","45","8","37","2021-03-23","2022-05-31"
"C","46","21001IC04161492N","240821","45","8","37","2021-08-30","2023-03-14"
"C","46","21001IC04245806P","131221","30","13","17","2021-12-17","2025-04-03"
"C","46","21001IC05014592M","280621","45","25","20","2021-06-30","2025-02-07"
"C","46","22001IC04105136H","160522","30","31","-1","2022-05-20","2025-03-13"
"C","46","22001IC05023281X","220922","30","20","10","2022-09-26","2025-02-19"
"C","46","23001IC04049866C","280323","50","51","-1","2023-03-30","2024-11-22"
"C","46","23001IC04174792W","181023","48","13","35","2023-10-27","2024-11-21"
"C","47","13001IC04101121","220513","50","50","0.0000","2013-05-23","2015-02-25"
"C","47","14001IC04026899D","100214","54","54","0.0000","2014-02-10","2017-01-04"
"C","47","14001IC04241965T","20115","102","102","0.0000","2015-01-05","2019-08-27"
"C","47","15091IC04055318B","91015","100","100","0.0000","2015-10-14","2023-08-02"
"C","47","17001IC04058927D","290317","101","66","35","2017-04-04","2023-08-18"
"C","47","18001IC04080837W","90418","99","18","81","2018-04-13","2021-05-26"
"C","47","19001IC04015932R","240119","68","20","48","2019-01-28","2021-08-06"
"C","47","19001IC04158500Z","60919","56","14","42","2019-09-11","2021-12-16"
"C","47","20001IC04111282E","200720","44","0.0000","44","2020-07-23","2020-07-23"
"C","47","20001IC04192939W","181120","45","46","-1","2020-11-24","2024-10-22"
"C","47","21001IC04054806N","190321","20","6","14","2021-03-23","2025-04-22"
"C","47","21001IC04161492N","240821","17","16","1","2021-08-30","2025-02-27"
"C","47","21001IC04245806P","131221","15","16","-1","2021-12-17","2022-10-05"
"C","47","21001IC05014592M","280621","20","20","0.0000","2021-06-30","2025-01-13"
"C","47","22001IC04105136H","160522","15","15","0.0000","2022-05-20","2023-10-06"
"C","47","22001IC05023281X","220922","15","2","13","2022-09-26","2023-12-18"
"C","47","23001IC04049866C","280323","50","30","20","2023-03-30","2025-03-13"
"C","47","23001IC04174792W","181023","48","6","42","2023-10-27","2025-04-03"
"C","48","17001IC04058927D","290317","100","100","0.0000","2017-04-04","2019-05-24"
"C","48","18001IC04080837W","90418","50","50","0.0000","2018-04-13","2020-08-20"
"C","48","19001IC04015932R","240119","50","50","0.0000","2019-01-28","2021-03-30"
"C","48","19001IC04158500Z","60919","56","56","0.0000","2019-09-11","2021-08-02"
"C","48","20001IC04192939W","181120","45","45","0.0000","2020-11-24","2023-10-11"
"C","48","21001IC04054806N","190321","20","20","0.0000","2021-03-23","2022-12-22"
"C","48","21001IC04161492N","240821","17","17","0.0000","2021-08-30","2024-08-28"
"C","48","21001IC04245806P","131221","15","14","1","2021-12-17","2024-03-20"
"C","48","21001IC05014592M","280621","20","20","0.0000","2021-06-30","2023-08-16"
"C","48","22001IC04105136H","160522","15","15","0.0000","2022-05-20","2024-01-05"
"C","48","22001IC05023281X","220922","15","15","0.0000","2022-09-26","2024-08-26"
"C","48","23001IC04049866C","280323","50","49","1","2023-03-30","2025-03-07"
"C","48","23001IC04174792W","181023","47","43","4","2023-10-27","2025-04-03"
"C","49","17001IC04058927D","290317","100","103","-3","2017-04-04","2019-07-12"
"C","49","18001IC04080837W","90418","49","49","0.0000","2018-04-13","2020-06-24"
"C","49","19001IC04015932R","240119","64","64","0.0000","2019-01-28","2021-06-08"
"C","49","19001IC04158500Z","60919","55","56","-1","2019-09-11","2022-04-13"
"C","49","21001IC04054806N","190321","45","45","0.0000","2021-03-23","2025-02-25"
"C","49","21001IC04161492N","240821","45","22","23","2021-08-30","2024-06-11"
"C","49","21001IC04245806P","131221","15","15","0.0000","2021-12-17","2023-11-08"
"C","49","21001IC05014592M","280621","45","45","0.0000","2021-06-30","2025-02-25"
"C","49","22001IC04105136H","160522","17","17","0.0000","2022-05-20","2023-12-04"
"C","49","22001IC05023281X","220922","15","15","0.0000","2022-09-26","2024-02-07"
"C","49","23001IC04049866C","280323","50","0.0000","50","2023-03-30","2023-03-30"
"C","49","23001IC04174792W","181023","48","47","1","2023-10-27","2024-11-27"
"C","50","17001IC04058927D","290317","102","102","0.0000","2017-04-04","2019-04-15"
"C","50","18001IC04080837W","90418","45","45","0.0000","2018-04-13","2018-10-04"
"C","50","19001IC04015932R","240119","50","50","0.0000","2019-01-28","2020-05-20"
"C","50","19001IC04158500Z","60919","58","63","-5","2019-09-11","2020-09-24"
"C","50","20001IC04192939W","181120","45","45","0.0000","2020-11-24","2021-09-17"
"C","50","21001IC04054806N","190321","45","45","0.0000","2021-03-23","2021-12-17"
"C","50","21001IC04161492N","240821","43","42","1","2021-08-30","2022-07-08"
"C","50","21001IC04245806P","131221","15","15","0.0000","2021-12-17","2022-05-16"
"C","50","21001IC05014592M","280621","45","45","0.0000","2021-06-30","2024-03-05"
"C","50","22001IC04105136H","160522","14","16","-2","2022-05-20","2024-07-16"
"C","50","22001IC05023281X","220922","15","15","0.0000","2022-09-26","2024-04-24"
"C","50","23001IC04049866C","280323","50","51","-1","2023-03-30","2024-10-23"
"C","50","23001IC04174792W","181023","48","47","1","2023-10-27","2024-12-05"
"C","51","16001IC04087468E","80916","35","35","0.0000","2016-09-12","2017-01-26"
"C","51","17001IC04058927D","290317","64","64","0.0000","2017-04-04","2018-06-11"
"C","51","18001IC04080837W","90418","50","51","-1","2018-04-13","2020-03-09"
"C","51","19001IC04015932R","240119","50","50","0.0000","2019-01-28","2020-11-09"
"C","51","19001IC04158500Z","60919","59","59","0.0000","2019-09-11","2021-05-12"
"C","51","20001IC04111282E","200720","45","45","0.0000","2020-07-23","2023-05-16"
"C","51","21001IC04054806N","190321","20","20","0.0000","2021-03-23","2021-09-16"
"C","51","21001IC04161492N","240821","20","21","-1","2021-08-30","2025-01-29"
"C","51","21001IC04245806P","131221","15","15","0.0000","2021-12-17","2022-07-04"
"C","51","21001IC05014592M","280621","20","21","-1","2021-06-30","2022-08-12"
"C","51","22001IC04105136H","160522","15","15","0.0000","2022-05-20","2022-08-01"
"C","51","22001IC05023281X","220922","15","14","1","2022-09-26","2023-05-04"
"C","51","23001IC04049866C","280323","50","51","-1","2023-03-30","2024-10-03"
"C","51","23001IC04174792W","181023","48","52","-4","2023-10-27","2024-07-02"
"C","52","16001IC04087468E","80916","33","33","0.0000","2016-09-12","2017-03-10"
"C","52","17001IC04058927D","290317","160","160","0.0000","2017-04-04","2018-11-28"
"C","52","18001IC04080837W","90418","65","67","-2","2018-04-13","2019-07-12"
"C","52","19001IC04015932R","240119","94","94","0.0000","2019-01-28","2021-02-19"
"C","52","19001IC04158500Z","60919","46","46","0.0000","2019-09-11","2021-12-03"
"C","52","20001IC04111282E","200720","44","44","0.0000","2020-07-23","2021-09-09"
"C","52","20001IC04192939W","181120","44","44","0.0000","2020-11-24","2022-02-02"
"C","52","21001IC04054806N","190321","45","45","0.0000","2021-03-23","2022-09-30"
"C","52","21001IC04161492N","240821","45","45","0.0000","2021-08-30","2023-05-10"
"C","52","21001IC04245806P","131221","15","14","1","2021-12-17","2024-04-04"
"C","52","21001IC05014592M","280621","45","45","0.0000","2021-06-30","2024-01-15"
"C","52","22001IC04105136H","160522","15","15","0.0000","2022-05-20","2023-06-12"
"C","52","22001IC05023281X","220922","15","15","0.0000","2022-09-26","2024-06-07"
"C","52","23001IC04049866C","280323","50","51","-1","2023-03-30","2024-08-07"
"C","52","23001IC04174792W","181023","48","48","0.0000","2023-10-27","2024-12-05"
"C","53","16001IC04087468E","80916","80","81","-1","2016-09-12","2018-04-04"
"C","53","17001IC04058927D","290317","120","120","0.0000","2017-04-04","2020-08-10"
"C","53","18001IC04080837W","90418","50","50","0.0000","2018-04-13","2022-08-12"
"C","53","19001IC04015932R","240119","50","50","0.0000","2019-01-28","2021-12-02"
"C","53","19001IC04158500Z","60919","59","59","0.0000","2019-09-11","2023-07-18"
"C","53","20001IC04111282E","200720","45","45","0.0000","2020-07-23","2024-08-07"
"C","53","21001IC04054806N","190321","20","20","0.0000","2021-03-23","2022-02-01"
"C","53","21001IC04161492N","240821","20","22","-2","2021-08-30","2023-11-17"
"C","53","21001IC04245806P","131221","15","15","0.0000","2021-12-17","2024-07-16"
"C","53","21001IC05014592M","280621","20","20","0.0000","2021-06-30","2023-01-31"
"C","53","22001IC04105136H","160522","15","17","-2","2022-05-20","2024-07-16"
"C","53","22001IC05023281X","220922","15","15","0.0000","2022-09-26","2024-04-29"
"C","53","23001IC04049866C","280323","50","49","1","2023-03-30","2024-11-26"
"C","53","23001IC04174792W","181023","47","48","-1","2023-10-27","2025-01-28"
"C","54","16001IC04087468E","80916","206","207","-1","2016-09-12","2018-03-07"
"C","54","18001IC04080837W","90418","48","49","-1","2018-04-13","2018-10-04"
"C","54","19001IC04015932R","240119","50","51","-1","2019-01-28","2019-04-15"
"C","54","19001IC04158500Z","60919","56","57","-1","2019-09-11","2020-02-19"
"C","54","20001IC04111282E","200720","44","44","0.0000","2020-07-23","2021-10-26"
"C","54","20001IC04192939W","181120","45","45","0.0000","2020-11-24","2021-08-24"
"C","54","21001IC04054806N","190321","44","44","0.0000","2021-03-23","2022-09-30"
"C","54","21001IC04161492N","240821","45","45","0.0000","2021-08-30","2023-02-15"
"C","54","21001IC04245806P","131221","15","15","0.0000","2021-12-17","2022-09-05"
"C","54","21001IC05014592M","280621","45","45","0.0000","2021-06-30","2022-12-15"
"C","54","22001IC04105136H","160522","15","15","0.0000","2022-05-20","2022-12-22"
"C","54","22001IC05023281X","220922","15","16","-1","2022-09-26","2023-02-02"
"C","54","23001IC04049866C","280323","50","52","-2","2023-03-30","2023-07-18"
"C","54","23001IC04174792W","181023","48","51","-3","2023-10-27","2024-02-02"
"C","55","16001IC04087468E","80916","200","200","0.0000","2016-09-12","2020-02-19"
"C","55","18001IC04080837W","90418","50","50","0.0000","2018-04-13","2020-08-24"
"C","55","19001IC04015932R","240119","71","72","-1","2019-01-28","2024-10-23"
"C","55","19001IC04158500Z","60919","46","47","-1","2019-09-11","2023-01-17"
"C","55","20001IC04111282E","200720","43","42","1","2020-07-23","2022-11-24"
"C","55","21001IC04054806N","190321","45","46","-1","2021-03-23","2023-07-18"
"C","55","21001IC04161492N","240821","45","45","0.0000","2021-08-30","2024-10-16"
"C","55","21001IC04245806P","131221","15","14","1","2021-12-17","2022-08-31"
"C","55","21001IC05014592M","280621","45","45","0.0000","2021-06-30","2024-08-21"
"C","55","22001IC04105136H","160522","15","15","0.0000","2022-05-20","2022-12-30"
"C","55","22001IC05023281X","220922","15","15","0.0000","2022-09-26","2023-08-09"
"C","55","23001IC04049866C","280323","50","48","2","2023-03-30","2025-04-04"
"C","55","23001IC04174792W","181023","48","46","2","2023-10-27","2024-11-22"
"C","56","13001IC04101121","220513","147","148","-1","2013-05-23","2015-12-02"
"C","56","14001IC04026899D","100214","53","54","-1","2014-02-10","2016-08-16"
"C","56","14001IC04241965T","20115","102","103","-1","2015-01-05","2017-09-22"
"C","56","15091IC04055318B","91015","101","102","-1","2015-10-14","2019-07-11"
"C","56","17001IC04058927D","290317","408","131","277","2017-04-04","2024-07-10"
"C","56","18001IC04080837W","90418","108","75","33","2018-04-13","2024-08-26"
"C","56","19001IC04015932R","240119","69","33","36","2019-01-28","2024-12-26"
"C","56","19001IC04158500Z","60919","46","46","0.0000","2019-09-11","2023-01-17"
"C","56","20001IC04111282E","200720","44","44","0.0000","2020-07-23","2023-05-23"
"C","56","20001IC04192939W","181120","40","40","0.0000","2020-11-24","2024-06-07"
"C","56","21001IC04054806N","190321","18","18","0.0000","2021-03-23","2022-03-14"
"C","56","21001IC04161492N","240821","20","20","0.0000","2021-08-30","2022-05-17"
"C","56","21001IC04245806P","131221","15","31","-16","2021-12-17","2022-04-20"
"C","56","21001IC05014592M","280621","20","19","1","2021-06-30","2022-11-22"
"C","56","22001IC04105136H","160522","15","14","1","2022-05-20","2023-11-01"
"C","56","22001IC05023281X","220922","15","14","1","2022-09-26","2023-10-06"
"C","56","23001IC04049866C","280323","50","50","0.0000","2023-03-30","2024-12-12"
"C","56","23001IC04174792W","181023","48","20","28","2023-10-27","2024-12-26"
"C","57","16001IC04087468E","80916","140","140","0.0000","2016-09-12","2019-02-15"
"C","57","17001IC04058927D","290317","55","55","0.0000","2017-04-04","2019-07-24"
"C","57","18001IC04080837W","90418","90","90","0.0000","2018-04-13","2021-10-12"
"C","57","19001IC04015932R","240119","50","50","0.0000","2019-01-28","2021-04-23"
"C","57","19001IC04158500Z","60919","46","47","-1","2019-09-11","2022-03-11"
"C","57","20001IC04111282E","200720","43","43","0.0000","2020-07-23","2023-07-04"
"C","57","21001IC04054806N","190321","44","43","1","2021-03-23","2023-02-27"
"C","57","21001IC04161492N","240821","45","45","0.0000","2021-08-30","2024-01-15"
"C","57","21001IC04245806P","131221","15","15","0.0000","2021-12-17","2023-03-31"
"C","57","21001IC05014592M","280621","45","45","0.0000","2021-06-30","2023-11-13"
"C","57","22001IC04105136H","160522","15","14","1","2022-05-20","2024-03-25"
"C","57","22001IC05023281X","220922","15","15","0.0000","2022-09-26","2024-03-05"
"C","57","23001IC04049866C","280323","50","50","0.0000","2023-03-30","2024-11-26"
"C","57","23001IC04174792W","181023","48","39","9","2023-10-27","2025-04-23"
"C","58","16001IC04087468E","80916","60","60","0.0000","2016-09-12","2017-09-29"
"C","58","17001IC04058927D","290317","140","140","0.0000","2017-04-04","2019-04-17"
"C","58","18001IC04080837W","90418","110","110","0.0000","2018-04-13","2021-01-27"
"C","58","19001IC04015932R","240119","50","50","0.0000","2019-01-28","2022-04-11"
"C","58","19001IC04158500Z","60919","58","58","0.0000","2019-09-11","2021-12-02"
"C","58","20001IC04111282E","200720","44","44","0.0000","2020-07-23","2022-04-06"
"C","58","20001IC04192939W","181120","45","45","0.0000","2020-11-24","2023-05-02"
"C","58","21001IC04054806N","190321","45","45","0.0000","2021-03-23","2023-11-01"
"C","58","21001IC04161492N","240821","45","46","-1","2021-08-30","2024-10-23"
"C","58","21001IC04245806P","131221","30","29","1","2021-12-17","2024-11-22"
"C","58","21001IC05014592M","280621","45","45","0.0000","2021-06-30","2024-03-14"
"C","58","22001IC04105136H","160522","30","32","-2","2022-05-20","2024-07-16"
"C","58","22001IC05023281X","220922","30","30","0.0000","2022-09-26","2024-06-25"
"C","58","23001IC04049866C","280323","50","47","3","2023-03-30","2025-03-25"
"C","58","23001IC04174792W","181023","48","20","28","2023-10-27","2025-04-24"
"C","59","17001IC04058927D","290317","197","197","0.0000","2017-04-04","2020-05-15"
"C","59","18001IC04080837W","90418","50","50","0.0000","2018-04-13","2020-01-20"
"C","59","20001IC04111282E","200720","44","44","0.0000","2020-07-23","2021-03-29"
"C","59","21001IC04054806N","190321","45","45","0.0000","2021-03-23","2021-08-04"
"C","59","21001IC04161492N","240821","45","45","0.0000","2021-08-30","2022-10-14"
"C","59","21001IC04245806P","131221","30","30","0.0000","2021-12-17","2022-07-29"
"C","59","21001IC05014592M","280621","45","45","0.0000","2021-06-30","2023-01-17"
"C","59","22001IC04105136H","160522","30","34","-4","2022-05-20","2023-06-07"
"C","59","22001IC05023281X","220922","30","30","0.0000","2022-09-26","2023-05-19"
"C","59","23001IC04049866C","280323","50","54","-4","2023-03-30","2023-11-17"
"C","59","23001IC04174792W","181023","48","49","-1","2023-10-27","2024-01-29"
"C","60","16001IC04087468E","80916","198","198","0.0000","2016-09-12","2019-01-11"
"C","60","18001IC04080837W","90418","50","50","0.0000","2018-04-13","2019-04-08"
"C","60","19001IC04015932R","240119","45","45","0.0000","2019-01-28","2020-12-16"
"C","60","19001IC04158500Z","60919","58","58","0.0000","2019-09-11","2020-09-01"
"C","60","20001IC04111282E","200720","45","45","0.0000","2020-07-23","2022-01-28"
"C","60","20001IC04192939W","181120","45","45","0.0000","2020-11-24","2022-01-31"
"C","60","21001IC04054806N","190321","20","20","0.0000","2021-03-23","2021-08-26"
"C","60","21001IC04161492N","240821","20","20","0.0000","2021-08-30","2024-06-12"
"C","60","21001IC04245806P","131221","30","30","0.0000","2021-12-17","2023-05-23"
"C","60","21001IC05014592M","280621","20","20","0.0000","2021-06-30","2025-01-14"
"C","60","22001IC04105136H","160522","30","40","-10","2022-05-20","2023-02-01"
"C","60","22001IC05023281X","220922","30","35","-5","2022-09-26","2023-03-23"
"C","60","23001IC04049866C","280323","50","50","0.0000","2023-03-30","2025-02-26"
"C","60","23001IC04174792W","181023","48","48","0.0000","2023-10-27","2024-07-30"
"C","61","13001IC04101121","220513","151","151","0.0000","2013-05-23","2019-01-03"
"C","61","14001IC04026899D","100214","53","53","0.0000","2014-02-10","2018-07-10"
"C","61","14001IC04241965T","20115","98","98","0.0000","2015-01-05","2022-04-28"
"C","61","15091IC04055318B","91015","101","57","44","2015-10-14","2025-02-04"
"C","61","16001IC04087468E","80916","202","36","166","2016-09-12","2021-03-19"
"C","61","18001IC04080837W","90418","50","50","0.0000","2018-04-13","2022-11-24"
"C","61","19001IC04015932R","240119","69","9","60","2019-01-28","2021-08-18"
"C","61","19001IC04158500Z","60919","46","47","-1","2019-09-11","2024-07-30"
"C","61","20001IC04111282E","200720","45","15","30","2020-07-23","2024-08-22"
"C","61","20001IC04192939W","181120","45","8","37","2020-11-24","2023-11-27"
"C","61","21001IC04054806N","190321","20","20","0.0000","2021-03-23","2023-05-23"
"C","61","21001IC04161492N","240821","20","22","-2","2021-08-30","2023-07-18"
"C","61","21001IC04245806P","131221","30","30","0.0000","2021-12-17","2024-08-28"
"C","61","21001IC05014592M","280621","20","19","1","2021-06-30","2024-11-13"
"C","61","22001IC04105136H","160522","30","18","12","2022-05-20","2025-04-14"
"C","61","22001IC05023281X","220922","30","30","0.0000","2022-09-26","2023-02-01"
"C","61","23001IC04049866C","280323","50","46","4","2023-03-30","2024-12-09"
"C","61","23001IC04174792W","181023","48","4","44","2023-10-27","2024-04-10"
"C","62","16001IC04087468E","80916","197","197","0.0000","2016-09-12","2019-07-03"
"C","62","18001IC04080837W","90418","50","50","0.0000","2018-04-13","2020-09-03"
"C","62","19001IC04015932R","240119","50","51","-1","2019-01-28","2021-02-19"
"C","62","19001IC04158500Z","60919","46","47","-1","2019-09-11","2022-01-28"
"C","62","20001IC04111282E","200720","45","45","0.0000","2020-07-23","2021-10-26"
"C","62","20001IC04192939W","181120","45","44","1","2020-11-24","2022-09-08"
"C","62","21001IC04054806N","190321","45","44","1","2021-03-23","2022-12-13"
"C","62","21001IC04161492N","240821","44","44","0.0000","2021-08-30","2024-01-03"
"C","62","21001IC04245806P","131221","30","29","1","2021-12-17","2024-08-26"
"C","62","21001IC05014592M","280621","45","45","0.0000","2021-06-30","2024-07-10"
"C","62","22001IC04105136H","160522","30","33","-3","2022-05-20","2025-02-04"
"C","62","22001IC05023281X","220922","30","24","6","2022-09-26","2025-02-25"
"C","62","23001IC04049866C","280323","50","42","8","2023-03-30","2025-03-25"
"C","62","23001IC04174792W","181023","45","16","29","2023-10-27","2024-12-13"
"C","63","16001IC04087468E","80916","197","197","0.0000","2016-09-12","2018-09-11"
"C","63","18001IC04080837W","90418","50","50","0.0000","2018-04-13","2019-09-12"
"C","63","19001IC04015932R","240119","45","45","0.0000","2019-01-28","2020-11-18"
"C","63","19001IC04158500Z","60919","43","43","0.0000","2019-09-11","2021-03-11"
"C","63","20001IC04111282E","200720","45","45","0.0000","2020-07-23","2023-06-27"
"C","63","20001IC04192939W","181120","45","45","0.0000","2020-11-24","2024-04-04"
"C","63","21001IC04054806N","190321","45","45","0.0000","2021-03-23","2023-02-15"
"C","63","21001IC04161492N","240821","45","45","0.0000","2021-08-30","2023-11-24"
"C","63","21001IC04245806P","131221","30","17","13","2021-12-17","2025-02-04"
"C","63","21001IC05014592M","280621","45","43","2","2021-06-30","2024-10-23"
"C","63","22001IC04105136H","160522","30","26","4","2022-05-20","2025-03-20"
"C","63","22001IC05023281X","220922","30","3","27","2022-09-26","2024-10-16"
"C","63","23001IC04049866C","280323","50","6","44","2023-03-30","2023-10-06"
"C","63","23001IC04174792W","181023","45","45","0.0000","2023-10-27","2025-04-23"
"C","64","16001IC04087468E","80916","197","197","0.0000","2016-09-12","2019-03-13"
"C","64","18001IC04080837W","90418","50","50","0.0000","2018-04-13","2020-08-06"
"C","64","19001IC04015932R","240119","50","50","0.0000","2019-01-28","2019-10-04"
"C","64","19001IC04158500Z","60919","46","46","0.0000","2019-09-11","2020-12-02"
"C","64","20001IC04111282E","200720","45","45","0.0000","2020-07-23","2021-05-28"
"C","64","20001IC04192939W","181120","44","44","0.0000","2020-11-24","2022-02-07"
"C","64","21001IC04054806N","190321","42","42","0.0000","2021-03-23","2022-06-13"
"C","64","21001IC04161492N","240821","45","45","0.0000","2021-08-30","2023-03-17"
"C","64","21001IC04245806P","131221","30","34","-4","2021-12-17","2025-03-20"
"C","64","21001IC05014592M","280621","45","44","1","2021-06-30","2023-03-28"
"C","64","22001IC04105136H","160522","30","30","0.0000","2022-05-20","2024-01-03"
"C","64","22001IC05023281X","220922","30","29","1","2022-09-26","2023-11-27"
"C","64","23001IC04049866C","280323","50","50","0.0000","2023-03-30","2024-04-30"
"C","64","23001IC04174792W","181023","47","49","-2","2023-10-27","2025-03-19"
"C","65","16001IC04087468E","80916","198","198","0.0000","2016-09-12","2018-11-14"
"C","65","18001IC04080837W","90418","53","54","-1","2018-04-13","2020-01-13"
"C","65","19001IC04015932R","240119","50","51","-1","2019-01-28","2020-03-09"
"C","65","19001IC04158500Z","60919","46","46","0.0000","2019-09-11","2020-11-12"
"C","65","20001IC04111282E","200720","43","43","0.0000","2020-07-23","2021-05-28"
"C","65","20001IC04192939W","181120","45","45","0.0000","2020-11-24","2022-04-06"
"C","65","21001IC04054806N","190321","45","44","1","2021-03-23","2022-11-09"
"C","65","21001IC04161492N","240821","45","45","0.0000","2021-08-30","2023-09-04"
"C","65","21001IC04245806P","131221","30","30","0.0000","2021-12-17","2024-04-04"
"C","65","21001IC05014592M","280621","45","48","-3","2021-06-30","2025-02-04"
"C","65","22001IC04105136H","160522","30","21","9","2022-05-20","2025-03-25"
"C","65","22001IC05023281X","220922","30","30","0.0000","2022-09-26","2023-02-01"
"C","65","23001IC04049866C","280323","50","8","42","2023-03-30","2023-12-27"
"C","65","23001IC04174792W","181023","46","29","17","2023-10-27","2025-03-27"
"C","66","16001IC04087468E","80916","198","197","1","2016-09-12","2020-08-18"
"C","66","18001IC04080837W","90418","69","69","0.0000","2018-04-13","2020-08-06"
"C","66","19001IC04015932R","240119","51","51","0.0000","2019-01-28","2022-02-04"
"C","66","19001IC04158500Z","60919","50","50","0.0000","2019-09-11","2021-06-08"
"C","66","20001IC04111282E","200720","45","45","0.0000","2020-07-23","2021-09-30"
"C","66","20001IC04192939W","181120","45","45","0.0000","2020-11-24","2022-11-24"
"C","66","21001IC04054806N","190321","45","45","0.0000","2021-03-23","2024-03-22"
"C","66","21001IC04161492N","240821","45","44","1","2021-08-30","2025-02-04"
"C","66","21001IC04245806P","131221","30","29","1","2021-12-17","2022-12-22"
"C","66","21001IC05014592M","280621","45","22","23","2021-06-30","2025-03-25"
"C","66","22001IC04105136H","160522","30","30","0.0000","2022-05-20","2024-12-16"
"C","66","22001IC05023281X","220922","30","27","3","2022-09-26","2025-02-07"
"C","66","23001IC04049866C","280323","50","2","48","2023-03-30","2023-05-17"
"C","66","23001IC04174792W","181023","48","29","19","2023-10-27","2025-03-12"
"C","67","16001IC04087468E","80916","198","198","0.0000","2016-09-12","2022-09-27"
"C","67","18001IC04080837W","90418","50","50","0.0000","2018-04-13","2021-08-26"
"C","67","19001IC04015932R","240119","50","50","0.0000","2019-01-28","2022-03-08"
"C","67","19001IC04158500Z","60919","50","51","-1","2019-09-11","2025-03-13"
"C","67","20001IC04111282E","200720","45","44","1","2020-07-23","2022-12-15"
"C","67","20001IC04192939W","181120","45","44","1","2020-11-24","2024-02-16"
"C","67","21001IC04054806N","190321","22","22","0.0000","2021-03-23","2024-08-22"
"C","67","21001IC04161492N","240821","24","18","6","2021-08-30","2024-08-22"
"C","67","21001IC04245806P","131221","32","22","10","2021-12-17","2024-10-10"
"C","67","21001IC05014592M","280621","24","24","0.0000","2021-06-30","2024-12-13"
"C","67","22001IC04105136H","160522","32","15","17","2022-05-20","2024-11-22"
"C","67","22001IC05023281X","220922","32","19","13","2022-09-26","2024-11-12"
"C","67","23001IC04049866C","280323","50","6","44","2023-03-30","2023-09-12"
"C","67","23001IC04174792W","181023","48","17","31","2023-10-27","2025-01-07"
"C","68","16001IC04087468E","80916","200","200","0.0000","2016-09-12","2022-02-07"
"C","68","17001IC04180892A","80917","99","99","0.0000","2017-09-15","2020-09-16"
"C","68","18001IC04080837W","90418","98","99","-1","2018-04-13","2022-01-27"
"C","68","19001IC04015932R","240119","50","50","0.0000","2019-01-28","2022-08-10"
"C","68","19001IC04158500Z","60919","100","100","0.0000","2019-09-11","2023-06-07"
"C","68","20001IC04111282E","200720","45","44","1","2020-07-23","2022-08-23"
"C","68","20001IC04192939W","181120","45","44","1","2020-11-24","2023-09-01"
"C","68","21001IC04054806N","190321","48","47","1","2021-03-23","2024-05-08"
"C","68","21001IC04161492N","240821","48","47","1","2021-08-30","2024-06-11"
"C","68","21001IC04245806P","131221","32","32","0.0000","2021-12-17","2025-01-14"
"C","68","21001IC05014592M","280621","47","48","-1","2021-06-30","2024-10-10"
"C","68","22001IC04105136H","160522","32","32","0.0000","2022-05-20","2024-01-19"
"C","68","22001IC05023281X","220922","32","33","-1","2022-09-26","2024-11-22"
"C","68","23001IC04049866C","280323","50","17","33","2023-03-30","2025-04-03"
"C","68","23001IC04174792W","181023","48","48","0.0000","2023-10-27","2025-01-13"
"C","69","16001IC04087468E","80916","198","198","0.0000","2016-09-12","2019-10-23"
"C","69","18001IC04080837W","90418","50","50","0.0000","2018-04-13","2022-03-02"
"C","69","19001IC04015932R","240119","50","50","0.0000","2019-01-28","2024-04-05"
"C","69","19001IC04158500Z","60919","46","46","0.0000","2019-09-11","2023-08-04"
"C","69","20001IC04111282E","200720","45","45","0.0000","2020-07-23","2023-10-30"
"C","69","20001IC04192939W","181120","44","44","0.0000","2020-11-24","2023-08-09"
"C","69","21001IC04054806N","190321","48","47","1","2021-03-23","2024-06-06"
"C","69","21001IC04161492N","240821","47","27","20","2021-08-30","2025-04-22"
"C","69","21001IC04245806P","131221","48","15","33","2021-12-17","2022-04-11"
"C","69","21001IC05014592M","280621","48","48","0.0000","2021-06-30","2023-08-03"
"C","69","22001IC04105136H","160522","32","27","5","2022-05-20","2025-02-07"
"C","69","22001IC05023281X","220922","48","13","35","2022-09-26","2025-04-14"
"C","69","23001IC04049866C","280323","50","8","42","2023-03-30","2025-03-25"
"C","69","23001IC04174792W","181023","48","47","1","2023-10-27","2025-04-22"
"C","70","16001IC04087468E","80916","198","199","-1","2016-09-12","2018-04-12"
"C","70","17001IC04180892A","80917","99","100","-1","2017-09-15","2019-05-24"
"C","70","18001IC04080837W","90418","98","98","0.0000","2018-04-13","2022-10-21"
"C","70","19001IC04015932R","240119","56","25","31","2019-01-28","2023-03-15"
"C","70","19001IC04158500Z","60919","50","51","-1","2019-09-11","2023-03-07"
"C","70","20001IC04111282E","200720","44","44","0.0000","2020-07-23","2023-02-13"
"C","70","20001IC04192939W","181120","45","10","35","2020-11-24","2022-07-04"
"C","70","21001IC04054806N","190321","24","23","1","2021-03-23","2023-09-01"
"C","70","21001IC04161492N","240821","24","23","1","2021-08-30","2023-08-09"
"C","70","21001IC04245806P","131221","32","31","1","2021-12-17","2024-01-10"
"C","70","21001IC05014592M","280621","24","27","-3","2021-06-30","2023-06-07"
"C","70","22001IC04105136H","160522","32","32","0.0000","2022-05-20","2024-03-27"
"C","70","22001IC05023281X","220922","32","31","1","2022-09-26","2024-09-18"
"C","70","23001IC04049866C","280323","50","47","3","2023-03-30","2025-04-29"
"C","70","23001IC04174792W","181023","48","0.0000","48","2023-10-27","2023-10-27"
"C","71","16001IC04087468E","80916","198","198","0.0000","2016-09-12","2023-08-02"
"C","71","17001IC04180892A","80917","98","67","31","2017-09-15","2025-03-19"
"C","71","18001IC04080837W","90418","50","50","0.0000","2018-04-13","2023-08-09"
"C","71","19001IC04015932R","240119","50","12","38","2019-01-28","2024-04-17"
"C","71","19001IC04158500Z","60919","46","43","3","2019-09-11","2023-11-15"
"C","71","20001IC04111282E","200720","45","45","0.0000","2020-07-23","2022-11-17"
"C","71","20001IC04192939W","181120","47","8","39","2020-11-24","2023-03-27"
"C","71","21001IC04054806N","190321","24","24","0.0000","2021-03-23","2023-02-01"
"C","71","21001IC04161492N","240821","24","21","3","2021-08-30","2024-01-09"
"C","71","21001IC04245806P","131221","32","8","24","2021-12-17","2022-08-12"
"C","71","21001IC05014592M","280621","24","22","2","2021-06-30","2025-03-11"
"C","71","22001IC04105136H","160522","32","10","22","2022-05-20","2025-04-29"
"C","71","22001IC05023281X","220922","32","32","0.0000","2022-09-26","2025-01-13"
"C","71","23001IC04049866C","280323","50","18","32","2023-03-30","2024-11-22"
"C","71","23001IC04174792W","181023","48","2","46","2023-10-27","2023-12-27"
"C","72","16001IC04087468E","80916","198","198","0.0000","2016-09-12","2019-07-01"
"C","72","17001IC04180892A","80917","96","96","0.0000","2017-09-15","2020-01-20"
"C","72","18001IC04080837W","90418","99","99","0.0000","2018-04-13","2021-03-12"
"C","72","19001IC04015932R","240119","50","50","0.0000","2019-01-28","2023-11-08"
"C","72","19001IC04158500Z","60919","89","88","1","2019-09-11","2024-03-27"
"C","72","20001IC04111282E","200720","45","45","0.0000","2020-07-23","2023-11-02"
"C","72","20001IC04192939W","181120","45","45","0.0000","2020-11-24","2022-07-20"
"C","72","21001IC04054806N","190321","48","47","1","2021-03-23","2023-03-28"
"C","72","21001IC04161492N","240821","48","48","0.0000","2021-08-30","2023-05-16"
"C","72","21001IC04245806P","131221","32","32","0.0000","2021-12-17","2024-02-20"
"C","72","21001IC05014592M","280621","48","49","-1","2021-06-30","2024-02-09"
"C","72","22001IC04105136H","160522","32","32","0.0000","2022-05-20","2024-01-09"
"C","72","22001IC05023281X","220922","32","33","-1","2022-09-26","2024-10-23"
"C","72","23001IC04049866C","280323","50","23","27","2023-03-30","2025-04-29"
"C","72","23001IC04174792W","181023","48","50","-2","2023-10-27","2025-02-04"
"C","73","16001IC04087468E","80916","196","196","0.0000","2016-09-12","2020-03-05"
"C","73","17001IC04180892A","80917","95","96","-1","2017-09-15","2025-03-19"
"C","73","18001IC04080837W","90418","49","22","27","2018-04-13","2021-06-22"
"C","73","19001IC04015932R","240119","50","7","43","2019-01-28","2021-08-03"
"C","73","19001IC04158500Z","60919","100","32","68","2019-09-11","2021-12-16"
"C","73","20001IC04111282E","200720","45","43","2","2020-07-23","2024-08-22"
"C","73","20001IC04192939W","181120","45","27","18","2020-11-24","2024-12-03"
"C","73","21001IC04054806N","190321","24","23","1","2021-03-23","2023-03-14"
"C","73","21001IC04161492N","240821","24","24","0.0000","2021-08-30","2023-11-08"
"C","73","21001IC04245806P","131221","32","31","1","2021-12-17","2023-02-01"
"C","73","21001IC05014592M","280621","24","24","0.0000","2021-06-30","2023-09-06"
"C","73","22001IC04105136H","160522","32","32","0.0000","2022-05-20","2023-10-12"
"C","73","22001IC05023281X","220922","32","31","1","2022-09-26","2024-04-04"
"C","73","23001IC04049866C","280323","50","51","-1","2023-03-30","2024-11-22"
"C","73","23001IC04174792W","181023","48","45","3","2023-10-27","2025-04-14"
"C","74","16001IC04087468E","80916","198","198","0.0000","2016-09-12","2019-02-26"
"C","74","17001IC04180892A","80917","95","95","0.0000","2017-09-15","2024-04-05"
"C","74","18001IC04080837W","90418","100","70","30","2018-04-13","2024-11-29"
"C","74","19001IC04015932R","240119","50","14","36","2019-01-28","2021-08-20"
"C","74","19001IC04158500Z","60919","46","46","0.0000","2019-09-11","2023-11-14"
"C","74","20001IC04111282E","200720","45","43","2","2020-07-23","2024-11-22"
"C","74","20001IC04192939W","181120","45","13","32","2020-11-24","2021-05-04"
"C","74","21001IC04054806N","190321","24","24","0.0000","2021-03-23","2024-09-30"
"C","74","21001IC04161492N","240821","24","24","0.0000","2021-08-30","2024-09-26"
"C","74","21001IC04245806P","131221","32","33","-1","2021-12-17","2024-10-23"
"C","74","21001IC05014592M","280621","24","24","0.0000","2021-06-30","2023-07-04"
"C","74","22001IC04105136H","160522","32","32","0.0000","2022-05-20","2025-04-24"
"C","74","22001IC05023281X","220922","32","32","0.0000","2022-09-26","2023-11-21"
"C","74","23001IC04049866C","280323","50","3","47","2023-03-30","2023-09-18"
"C","74","23001IC04174792W","181023","48","14","34","2023-10-27","2025-04-03"
"C","75","16001IC04087468E","80916","198","200","-2","2016-09-12","2019-07-11"
"C","75","17001IC04180892A","80917","99","99","0.0000","2017-09-15","2021-03-19"
"C","75","18001IC04080837W","90418","50","49","1","2018-04-13","2022-10-13"
"C","75","19001IC04015932R","240119","50","49","1","2019-01-28","2023-03-09"
"C","75","19001IC04158500Z","60919","46","46","0.0000","2019-09-11","2023-09-01"
"C","75","20001IC04111282E","200720","45","39","6","2020-07-23","2024-06-06"
"C","75","20001IC04192939W","181120","45","45","0.0000","2020-11-24","2021-12-02"
"C","75","21001IC04054806N","190321","24","23","1","2021-03-23","2023-11-10"
"C","75","21001IC04161492N","240821","24","24","0.0000","2021-08-30","2024-03-27"
"C","75","21001IC04245806P","131221","16","20","-4","2021-12-17","2022-04-20"
"C","75","21001IC05014592M","280621","24","24","0.0000","2021-06-30","2023-09-07"
"C","75","22001IC04105136H","160522","16","15","1","2022-05-20","2023-06-13"
"C","75","22001IC05023281X","220922","16","15","1","2022-09-26","2023-11-24"
"C","75","23001IC04049866C","280323","50","51","-1","2023-03-30","2025-02-19"
"C","75","23001IC04174792W","181023","48","47","1","2023-10-27","2025-03-10"
"C","76","16001IC04087468E","80916","197","197","0.0000","2016-09-12","2018-09-11"
"C","76","17001IC04180892A","80917","99","99","0.0000","2017-09-15","2022-12-12"
"C","76","18001IC04080837W","90418","60","60","0.0000","2018-04-13","2021-06-08"
"C","76","19001IC04015932R","240119","50","50","0.0000","2019-01-28","2025-03-13"
"C","76","19001IC04158500Z","60919","46","46","0.0000","2019-09-11","2022-09-15"
"C","76","20001IC04111282E","200720","43","0.0000","43","2020-07-23","2020-07-23"
"C","76","20001IC04192939W","181120","45","45","0.0000","2020-11-24","2023-03-27"
"C","76","21001IC04054806N","190321","24","17","7","2021-03-23","2023-04-24"
"C","76","21001IC04161492N","240821","23","22","1","2021-08-30","2023-08-09"
"C","76","21001IC04245806P","131221","16","16","0.0000","2021-12-17","2023-02-27"
"C","76","21001IC05014592M","280621","24","23","1","2021-06-30","2023-04-10"
"C","76","22001IC04105136H","160522","16","15","1","2022-05-20","2023-11-06"
"C","76","22001IC05023281X","220922","16","15","1","2022-09-26","2023-11-10"
"C","76","23001IC04049866C","280323","50","50","0.0000","2023-03-30","2025-03-26"
"C","76","23001IC04174792W","181023","48","41","7","2023-10-27","2025-04-24"
"C","77","16001IC04087468E","80916","100","101","-1","2016-09-12","2022-03-11"
"C","77","17001IC04180892A","80917","99","99","0.0000","2017-09-15","2022-12-22"
"C","77","18001IC04080837W","90418","148","34","114","2018-04-13","2025-03-19"
"C","77","19001IC04015932R","240119","50","7","43","2019-01-28","2021-05-31"
"C","77","19001IC04158500Z","60919","46","6","40","2019-09-11","2021-11-16"
"C","77","20001IC04111282E","200720","45","27","18","2020-07-23","2022-04-20"
"C","77","20001IC04192939W","181120","45","35","10","2020-11-24","2024-01-03"
"C","77","21001IC04054806N","190321","24","24","0.0000","2021-03-23","2025-04-08"
"C","77","21001IC04161492N","240821","24","17","7","2021-08-30","2025-04-14"
"C","77","21001IC04245806P","131221","16","18","-2","2021-12-17","2025-03-14"
"C","77","21001IC05014592M","280621","24","40","-16","2021-06-30","2023-02-01"
"C","77","22001IC04105136H","160522","16","14","2","2022-05-20","2024-10-04"
"C","77","22001IC05023281X","220922","16","16","0.0000","2022-09-26","2024-03-05"
"C","77","23001IC04049866C","280323","50","27","23","2023-03-30","2024-11-22"
"C","77","23001IC04174792W","181023","48","4","44","2023-10-27","2024-04-10"
"C","78","16001IC04087468E","80916","98","98","0.0000","2016-09-12","2019-11-11"
"C","78","17001IC04180892A","80917","99","89","10","2017-09-15","2024-03-06"
"C","78","18001IC04080837W","90418","99","26","73","2018-04-13","2022-02-07"
"C","78","19001IC04015932R","240119","50","48","2","2019-01-28","2024-11-22"
"C","78","19001IC04158500Z","60919","50","9","41","2019-09-11","2021-12-13"
"C","78","20001IC04111282E","200720","45","26","19","2020-07-23","2022-04-26"
"C","78","20001IC04192939W","181120","45","42","3","2020-11-24","2023-09-01"
"C","78","21001IC04054806N","190321","24","22","2","2021-03-23","2024-11-13"
"C","78","21001IC04161492N","240821","24","27","-3","2021-08-30","2025-03-18"
"C","78","21001IC04245806P","131221","32","2","30","2021-12-17","2024-12-13"
"C","78","21001IC05014592M","280621","24","24","0.0000","2021-06-30","2023-11-13"
"C","78","22001IC04105136H","160522","32","20","12","2022-05-20","2025-04-23"
"C","78","22001IC05023281X","260922","32","32","0.0000","2022-09-26","2023-05-19"
"C","78","23001IC04049866C","280323","50","50","0.0000","2023-03-30","2023-06-08"
"C","78","23001IC04174792W","181023","48","6","42","2023-10-27","2024-10-18"
"C","79","16001IC04087468E","80916","98","98","0.0000","2016-09-12","2018-11-15"
"C","79","17001IC04180892A","80917","97","97","0.0000","2017-09-15","2022-06-13"
"C","79","18001IC04080837W","90418","55","54","1","2018-04-13","2023-07-11"
"C","79","19001IC04015932R","240119","50","36","14","2019-01-28","2024-06-25"
"C","79","19001IC04158500Z","60919","46","10","36","2019-09-11","2021-12-16"
"C","79","20001IC04111282E","200720","60","11","49","2020-07-23","2022-04-20"
"C","79","20001IC04192939W","181120","60","2","58","2020-11-24","2020-11-27"
"C","79","21001IC04054806N","190321","24","3","21","2021-03-23","2022-02-17"
"C","79","21001IC04161492N","240821","24","24","0.0000","2021-08-30","2024-07-11"
"C","79","21001IC04245806P","131221","16","16","0.0000","2021-12-17","2024-04-29"
"C","79","21001IC05014592M","280621","24","24","0.0000","2021-06-30","2024-05-22"
"C","79","22001IC04105136H","160522","16","16","0.0000","2022-05-20","2024-08-22"
"C","79","22001IC05023281X","260922","16","16","0.0000","2022-09-26","2024-12-26"
"C","79","23001IC04049866C","280323","33","12","21","2023-03-30","2023-08-02"
"C","79","23001IC04174792W","181023","48","10","38","2023-10-27","2024-06-12"
"C","80","16001IC04087468E","80916","99","99","0.0000","2016-09-12","2017-09-04"
"C","80","17001IC04180892A","80917","99","99","0.0000","2017-09-15","2018-04-05"
"C","80","18001IC04080837W","90418","100","101","-1","2018-04-13","2019-09-19"
"C","80","19001IC04015932R","240119","50","50","0.0000","2019-01-28","2021-01-20"
"C","80","19001IC04158500Z","60919","46","46","0.0000","2019-09-11","2022-06-13"
"C","80","20001IC04111282E","200720","59","60","-1","2020-07-23","2022-04-04"
"C","80","20001IC04192939W","181120","60","60","0.0000","2020-11-24","2024-01-09"
"C","80","21001IC04054806N","190321","40","40","0.0000","2021-03-23","2023-12-06"
"C","80","21001IC04161492N","240821","40","39","1","2021-08-30","2024-03-13"
"C","80","21001IC04245806P","131221","32","35","-3","2021-12-17","2023-08-23"
"C","80","21001IC05014592M","280621","40","39","1","2021-06-30","2024-06-25"
"C","80","22001IC04105136H","160522","32","33","-1","2022-05-20","2024-11-22"
"C","80","22001IC05023281X","260922","32","32","0.0000","2022-09-26","2025-03-26"
"C","80","23001IC04049866C","280323","50","42","8","2023-03-30","2025-03-18"
"C","80","23001IC04174792W","181023","48","5","43","2023-10-27","2024-11-26"
"C","81","16001IC04087468E","80916","99","100","-1","2016-09-12","2018-04-04"
"C","81","17001IC04180892A","80917","95","96","-1","2017-09-15","2020-03-09"
"C","81","18001IC04080837W","90418","50","50","0.0000","2018-04-13","2020-08-04"
"C","81","19001IC04015932R","240119","50","51","-1","2019-01-28","2021-05-07"
"C","81","19001IC04158500Z","60919","46","45","1","2019-09-11","2022-03-17"
"C","81","20001IC04111282E","200720","58","58","0.0000","2020-07-23","2023-03-14"
"C","81","20001IC04192939W","181120","60","10","50","2020-11-24","2024-07-18"
"C","81","21001IC04054806N","190321","24","22","2","2021-03-23","2024-06-06"
"C","81","21001IC04161492N","240821","24","23","1","2021-08-30","2023-08-15"
"C","81","21001IC04245806P","131221","32","32","0.0000","2021-12-17","2023-05-31"
"C","81","21001IC05014592M","280621","24","24","0.0000","2021-06-30","2024-04-29"
"C","81","22001IC04105136H","160522","32","31","1","2022-05-20","2024-12-16"
"C","81","22001IC05023281X","260922","32","18","14","2022-09-26","2025-04-04"
"C","81","23001IC04049866C","280323","33","6","27","2023-03-30","2023-05-17"
"C","81","23001IC04174792W","181023","48","28","20","2023-10-27","2024-11-22"
"C","82","16001IC04087468E","80916","99","99","0.0000","2016-09-12","2018-11-12"
"C","82","17001IC04180892A","80917","99","99","0.0000","2017-09-15","2020-12-01"
"C","82","18001IC04080837W","90418","91","90","1","2018-04-13","2022-07-01"
"C","82","19001IC04015932R","240119","50","50","0.0000","2019-01-28","2023-03-27"
"C","82","19001IC04158500Z","60919","46","46","0.0000","2019-09-11","2023-03-14"
"C","82","20001IC04111282E","200720","60","62","-2","2020-07-23","2025-02-04"
"C","82","20001IC04192939W","181120","59","25","34","2020-11-24","2024-09-25"
"C","82","21001IC04054806N","190321","40","16","24","2021-03-23","2022-12-12"
"C","82","21001IC04161492N","240821","40","30","10","2021-08-30","2025-04-29"
"C","82","21001IC04245806P","131221","32","32","0.0000","2021-12-17","2023-11-16"
"C","82","21001IC05014592M","280621","40","40","0.0000","2021-06-30","2023-05-23"
"C","82","22001IC04105136H","160522","32","32","0.0000","2022-05-20","2025-03-25"
"C","82","22001IC05023281X","260922","32","31","1","2022-09-26","2025-02-19"
"C","82","23001IC04049866C","280323","50","4","46","2023-03-30","2023-05-08"
"C","82","23001IC04174792W","181023","48","17","31","2023-10-27","2025-03-20"
"C","83","16001IC04087468E","80916","98","99","-1","2016-09-12","2017-12-21"
"C","83","17001IC04180892A","80917","96","96","0.0000","2017-09-15","2019-04-08"
"C","83","18001IC04080837W","90418","47","47","0.0000","2018-04-13","2020-11-09"
"C","83","19001IC04015932R","240119","50","50","0.0000","2019-01-28","2022-02-08"
"C","83","19001IC04158500Z","60919","50","49","1","2019-09-11","2021-12-02"
"C","83","20001IC04111282E","200720","60","60","0.0000","2020-07-23","2024-06-25"
"C","83","20001IC04192939W","181120","60","60","0.0000","2020-11-24","2024-04-25"
"C","83","21001IC04054806N","190321","24","24","0.0000","2021-03-23","2023-03-20"
"C","83","21001IC04161492N","240821","24","24","0.0000","2021-08-30","2022-09-15"
"C","83","21001IC04245806P","131221","32","30","2","2021-12-17","2024-12-13"
"C","83","21001IC05014592M","280621","24","23","1","2021-06-30","2024-06-06"
"C","83","22001IC04105136H","160522","32","8","24","2022-05-20","2025-04-14"
"C","83","22001IC05023281X","260922","32","31","1","2022-09-26","2024-04-16"
"C","83","23001IC04049866C","280323","33","32","1","2023-03-30","2024-11-22"
"C","83","23001IC04174792W","181023","48","60","-12","2023-10-27","2024-05-20"
"C","84","16001IC04087468E","80916","99","99","0.0000","2016-09-12","2017-12-11"
"C","84","17001IC04180892A","80917","96","96","0.0000","2017-09-15","2021-11-30"
"C","84","18001IC04080837W","90418","98","63","35","2018-04-13","2025-03-19"
"C","84","19001IC04015932R","240119","50","11","39","2019-01-28","2021-07-13"
"C","84","19001IC04158500Z","60919","46","2","44","2019-09-11","2021-05-13"
"C","84","20001IC04111282E","200720","60","33","27","2020-07-23","2025-04-14"
"C","84","20001IC04192939W","181120","60","10","50","2020-11-24","2023-03-20"
"C","84","21001IC04054806N","190321","24","24","0.0000","2021-03-23","2023-03-07"
"C","84","21001IC04161492N","240821","24","24","0.0000","2021-08-30","2024-03-20"
"C","84","21001IC04245806P","131221","32","6","26","2021-12-17","2025-03-25"
"C","84","21001IC05014592M","280621","24","24","0.0000","2021-06-30","2024-04-24"
"C","84","22001IC04105136H","160522","32","32","0.0000","2022-05-20","2025-03-12"
"C","84","22001IC05023281X","260922","32","32","0.0000","2022-09-26","2025-03-20"
"C","84","23001IC04049866C","280323","50","5","45","2023-03-30","2025-04-16"
"C","84","23001IC04174792W","181023","48","5","43","2023-10-27","2024-07-16"
"C","85","16001IC04087468E","80916","99","100","-1","2016-09-12","2018-01-31"
"C","85","17001IC04180892A","80917","99","108","-9","2017-09-15","2021-06-17"
"C","85","18001IC04080837W","90418","50","50","0.0000","2018-04-13","2021-11-26"
"C","85","19001IC04015932R","240119","50","50","0.0000","2019-01-28","2022-11-15"
"C","85","19001IC04158500Z","60919","46","50","-4","2019-09-11","2023-01-26"
"C","85","20001IC04111282E","200720","60","62","-2","2020-07-23","2023-03-23"
"C","85","20001IC04192939W","181120","60","64","-4","2020-11-24","2021-12-02"
"C","85","21001IC04054806N","190321","40","40","0.0000","2021-03-23","2024-06-25"
"C","85","21001IC04161492N","240821","40","36","4","2021-08-30","2025-01-17"
"C","85","21001IC04245806P","131221","32","18","14","2021-12-17","2025-02-25"
"C","85","21001IC05014592M","280621","40","82","-42","2021-06-30","2023-04-28"
"C","85","22001IC04105136H","160522","32","32","0.0000","2022-05-20","2023-12-18"
"C","85","22001IC05023281X","260922","32","0.0000","32","2022-09-26","2022-09-26"
"C","85","23001IC04049866C","280323","33","33","0.0000","2023-03-30","2024-07-02"
"C","85","23001IC04174792W","181023","48","6","42","2023-10-27","2024-04-30"
"C","86","16001IC04087468E","80916","99","99","0.0000","2016-09-12","2017-08-29"
"C","86","17001IC04180892A","80917","99","99","0.0000","2017-09-15","2018-12-12"
"C","86","18001IC04080837W","90418","89","89","0.0000","2018-04-13","2020-05-15"
"C","86","19001IC04015932R","240119","50","50","0.0000","2019-01-28","2021-04-12"
"C","86","19001IC04158500Z","60919","46","46","0.0000","2019-09-11","2021-11-16"
"C","86","20001IC04111282E","200720","60","60","0.0000","2020-07-23","2022-11-15"
"C","86","20001IC04192939W","181120","60","64","-4","2020-11-24","2023-08-23"
"C","86","21001IC04054806N","190321","24","24","0.0000","2021-03-23","2023-03-07"
"C","86","21001IC04161492N","240821","24","24","0.0000","2021-08-30","2023-04-28"
"C","86","21001IC04245806P","131221","16","16","0.0000","2021-12-17","2023-03-21"
"C","86","21001IC05014592M","280621","24","24","0.0000","2021-06-30","2024-06-25"
"C","86","22001IC04105136H","160522","16","19","-3","2022-05-20","2023-06-22"
"C","86","22001IC05023281X","260922","16","16","0.0000","2022-09-26","2023-05-23"
"C","86","23001IC04049866C","280323","50","51","-1","2023-03-30","2024-11-22"
"C","86","23001IC04174792W","181023","48","43","5","2023-10-27","2025-04-14"
"C","87","16001IC04087468E","80916","98","99","-1","2016-09-12","2018-02-20"
"C","87","17001IC04180892A","80917","99","99","0.0000","2017-09-15","2021-03-02"
"C","87","18001IC04080837W","90418","51","51","0.0000","2018-04-13","2022-02-16"
"C","87","19001IC04015932R","240119","49","49","0.0000","2019-01-28","2022-11-22"
"C","87","19001IC04158500Z","60919","50","22","28","2019-09-11","2024-09-16"
"C","87","20001IC04111282E","200720","60","7","53","2020-07-23","2022-04-20"
"C","87","20001IC04192939W","181120","57","9","48","2020-11-24","2023-05-18"
"C","87","21001IC04054806N","190321","24","3","21","2021-03-23","2024-05-30"
"C","87","21001IC04161492N","240821","24","0.0000","24","2021-08-30","2021-08-30"
"C","87","21001IC04245806P","131221","16","16","0.0000","2021-12-17","2023-01-26"
"C","87","21001IC05014592M","280621","24","24","0.0000","2021-06-30","2023-05-05"
"C","87","22001IC04105136H","160522","16","16","0.0000","2022-05-20","2023-09-04"
"C","87","22001IC05023281X","260922","16","18","-2","2022-09-26","2024-07-18"
"C","87","23001IC04049866C","280323","33","1","32","2023-03-30","2024-03-05"
"C","87","23001IC04174792W","181023","24","24","0.0000","2023-10-27","2025-04-10"
"C","88","16001IC04087468E","80916","99","99","0.0000","2016-09-12","2019-01-16"
"C","88","17001IC04180892A","80917","99","99","0.0000","2017-09-15","2018-06-04"
"C","88","18001IC04080837W","90418","100","100","0.0000","2018-04-13","2021-11-30"
"C","88","19001IC04015932R","240119","50","50","0.0000","2019-01-28","2021-01-27"
"C","88","19001IC04158500Z","60919","50","50","0.0000","2019-09-11","2021-01-11"
"C","88","20001IC04111282E","200720","60","60","0.0000","2020-07-23","2021-08-26"
"C","88","20001IC04192939W","181120","60","60","0.0000","2020-11-24","2022-04-25"
"C","88","21001IC04054806N","190321","40","39","1","2021-03-23","2022-04-06"
"C","88","21001IC04161492N","240821","40","40","0.0000","2021-08-30","2022-07-12"
"C","88","21001IC04245806P","131221","32","32","0.0000","2021-12-17","2023-04-28"
"C","88","21001IC05014592M","280621","40","39","1","2021-06-30","2023-06-26"
"C","88","22001IC04105136H","160522","32","32","0.0000","2022-05-20","2023-03-14"
"C","88","22001IC05023281X","260922","32","32","0.0000","2022-09-26","2023-11-08"
"C","88","23001IC04049866C","280323","50","54","-4","2023-03-30","2023-08-23"
"C","88","23001IC04174792W","181023","48","47","1","2023-10-27","2024-08-21"
"C","89","16001IC04087468E","80916","99","99","0.0000","2016-09-12","2020-01-20"
"C","89","17001IC04180892A","80917","99","38","61","2017-09-15","2024-07-16"
"C","89","18001IC04080837W","90418","50","49","1","2018-04-13","2021-08-26"
"C","89","19001IC04015932R","240119","50","19","31","2019-01-28","2021-06-08"
"C","89","19001IC04158500Z","60919","46","8","38","2019-09-11","2021-12-02"
"C","89","20001IC04111282E","200720","59","14","45","2020-07-23","2022-04-20"
"C","89","20001IC04192939W","181120","50","12","38","2020-11-24","2023-03-20"
"C","89","21001IC04054806N","190321","24","23","1","2021-03-23","2023-01-26"
"C","89","21001IC04161492N","240821","24","24","0.0000","2021-08-30","2024-03-20"
"C","89","21001IC04245806P","131221","16","16","0.0000","2021-12-17","2023-11-13"
"C","89","21001IC05014592M","280621","24","5","19","2021-06-30","2024-11-13"
"C","89","22001IC04105136H","160522","16","16","0.0000","2022-05-20","2022-12-22"
"C","89","22001IC05023281X","260922","16","10","6","2022-09-26","2025-04-23"
"C","89","23001IC04049866C","280323","33","33","0.0000","2023-03-30","2025-01-03"
"C","89","23001IC04174792W","181023","24","4","20","2023-10-27","2024-06-11"
"C","90","16001IC04087468E","80916","154","156","-2","2016-09-12","2017-08-09"
"C","90","17001IC04180892A","80917","99","104","-5","2017-09-15","2018-02-05"
"C","90","18001IC04080837W","90418","100","101","-1","2018-04-13","2019-03-22"
"C","90","19001IC04015932R","240119","100","100","0.0000","2019-01-28","2020-10-26"
"C","90","19001IC04158500Z","60919","96","96","0.0000","2019-09-11","2021-10-12"
"C","90","20001IC04111282E","200720","60","61","-1","2020-07-23","2022-01-28"
"C","90","20001IC04192939W","181120","100","100","0.0000","2020-11-24","2022-06-09"
"C","90","21001IC04054806N","190321","96","96","0.0000","2021-03-23","2023-08-30"
"C","90","21001IC04161492N","240821","96","96","0.0000","2021-08-30","2023-07-13"
"C","90","21001IC04245806P","131221","64","64","0.0000","2021-12-17","2024-11-13"
"C","90","21001IC05014592M","280621","96","100","-4","2021-06-30","2023-04-28"
"C","90","22001IC04105136H","160522","64","64","0.0000","2022-05-20","2024-08-01"
"C","90","22001IC05023281X","260922","64","64","0.0000","2022-09-26","2023-09-14"
"C","90","23001IC04049866C","280323","67","67","0.0000","2023-03-30","2025-04-29"
"C","90","23001IC04174792W","181023","72","33","39","2023-10-27","2025-03-11"
"C","91","16001IC04087468E","80916","99","99","0.0000","2016-09-12","2018-11-28"
"C","91","17001IC04180892A","80917","99","99","0.0000","2017-09-15","2024-05-07"
"C","91","18001IC04080837W","90418","99","87","12","2018-04-13","2024-05-02"
"C","91","19001IC04015932R","240119","50","17","33","2019-01-28","2021-12-02"
"C","91","19001IC04158500Z","60919","50","46","4","2019-09-11","2024-06-06"
"C","91","20001IC04111282E","200720","60","24","36","2020-07-23","2022-11-11"
"C","91","21001IC04054806N","190321","40","40","0.0000","2021-03-23","2023-12-06"
"C","91","21001IC04161492N","240821","40","4","36","2021-08-30","2022-07-04"
"C","91","21001IC04245806P","131221","32","10","22","2021-12-17","2024-11-13"
"C","91","21001IC05014592M","280621","40","8","32","2021-06-30","2023-09-25"
"C","91","22001IC04105136H","160522","32","32","0.0000","2022-05-20","2022-09-15"
"C","91","22001IC05023281X","260922","32","27","5","2022-09-26","2024-11-22"
"C","91","23001IC04049866C","280323","67","0.0000","67","2023-03-30","2023-03-30"
"C","91","23001IC04174792W","181023","48","5","43","2023-10-27","2024-01-24"
"C","92","17001IC04180892A","80917","54","55","-1","2017-09-15","2018-06-29"
"C","92","18001IC04080837W","90418","51","53","-2","2018-04-13","2019-10-09"
"C","92","19001IC04015932R","240119","50","50","0.0000","2019-01-28","2020-09-10"
"C","92","19001IC04158500Z","60919","50","50","0.0000","2019-09-11","2021-09-07"
"C","92","20001IC04111282E","200720","60","60","0.0000","2020-07-23","2021-11-29"
"C","92","20001IC04192939W","181120","60","60","0.0000","2020-11-24","2023-06-27"
"C","92","21001IC04054806N","190321","24","24","0.0000","2021-03-23","2022-11-24"
"C","92","21001IC04161492N","240821","24","24","0.0000","2021-08-30","2023-10-11"
"C","92","21001IC04245806P","131221","16","16","0.0000","2021-12-17","2022-12-22"
"C","92","21001IC05014592M","280621","24","24","0.0000","2021-06-30","2023-09-06"
"C","92","22001IC04105136H","160522","16","18","-2","2022-05-20","2023-08-24"
"C","92","22001IC05023281X","260922","16","18","-2","2022-09-26","2023-05-31"
"C","92","23001IC04049866C","280323","50","50","0.0000","2023-03-30","2024-11-22"
"C","92","23001IC04174792W","181023","48","48","0.0000","2023-10-27","2024-11-13"
"C","93","17001IC04180892A","80917","54","54","0.0000","2017-09-15","2019-05-17"
"C","93","18001IC04080837W","90418","50","50","0.0000","2018-04-13","2019-02-21"
"C","93","19001IC04015932R","240119","50","50","0.0000","2019-01-28","2020-08-31"
"C","93","19001IC04158500Z","60919","60","60","0.0000","2019-09-11","2021-10-26"
"C","93","21001IC04054806N","190321","24","29","-5","2021-03-23","2021-06-11"
"C","93","21001IC04161492N","240821","24","24","0.0000","2021-08-30","2022-06-09"
"C","93","21001IC04245806P","131221","16","16","0.0000","2021-12-17","2022-09-08"
"C","93","21001IC05014592M","280621","24","26","-2","2021-06-30","2022-02-03"
"C","93","22001IC04105136H","160522","16","17","-1","2022-05-20","2022-08-11"
"C","93","22001IC05023281X","260922","16","17","-1","2022-09-26","2023-08-24"
"C","93","23001IC04049866C","280323","33","37","-4","2023-03-30","2023-07-19"
"C","93","23001IC04174792W","181023","48","32","16","2023-10-27","2025-04-10"
"C","94","17001IC04180892A","80917","54","56","-2","2017-09-15","2018-11-27"
"C","94","18001IC04080837W","90418","50","50","0.0000","2018-04-13","2019-10-11"
"C","94","19001IC04015932R","240119","50","50","0.0000","2019-01-28","2021-01-04"
"C","94","19001IC04158500Z","60919","50","50","0.0000","2019-09-11","2024-03-14"
"C","94","20001IC04192939W","181120","59","59","0.0000","2020-11-24","2023-05-02"
"C","94","21001IC04054806N","190321","24","24","0.0000","2021-03-23","2025-01-13"
"C","94","21001IC04161492N","240821","24","23","1","2021-08-30","2023-10-02"
"C","94","21001IC04245806P","131221","16","16","0.0000","2021-12-17","2022-05-16"
"C","94","21001IC05014592M","280621","24","24","0.0000","2021-06-30","2023-04-20"
"C","94","22001IC04105136H","160522","16","16","0.0000","2022-05-20","2023-08-23"
"C","94","22001IC05023281X","260922","16","16","0.0000","2022-09-26","2023-11-29"
"C","94","23001IC04049866C","280323","50","49","1","2023-03-30","2024-12-16"
"C","94","23001IC04174792W","181023","48","35","13","2023-10-27","2025-04-28"
"C","95","17001IC04180892A","80917","99","100","-1","2017-09-15","2018-07-24"
"C","95","18001IC04080837W","90418","52","52","0.0000","2018-04-13","2019-12-20"
"C","95","19001IC04015932R","240119","50","49","1","2019-01-28","2020-03-11"
"C","95","19001IC04158500Z","60919","50","50","0.0000","2019-09-11","2022-10-13"
"C","95","20001IC04111282E","200720","60","58","2","2020-07-23","2023-06-27"
"C","95","20001IC04192939W","181120","60","36","24","2020-11-24","2024-04-16"
"C","95","21001IC04054806N","190321","24","0.0000","24","2021-03-23","2021-03-23"
"C","95","21001IC04161492N","240821","24","24","0.0000","2021-08-30","2024-12-26"
"C","95","21001IC04245806P","131221","16","6","10","2021-12-17","2024-12-09"
"C","95","21001IC05014592M","280621","24","0.0000","24","2021-06-30","2021-06-30"
"C","95","22001IC04105136H","160522","16","0.0000","16","2022-05-20","2022-05-20"
"C","95","22001IC05023281X","260922","16","16","0.0000","2022-09-26","2024-04-10"
"C","95","23001IC04049866C","280323","33","17","16","2023-03-30","2024-01-25"
"C","95","23001IC04174792W","181023","48","3","45","2023-10-27","2024-03-20"
"C","96","17001IC04180892A","80917","56","57","-1","2017-09-15","2018-08-09"
"C","96","18001IC04080837W","90418","50","51","-1","2018-04-13","2019-09-19"
"C","96","19001IC04015932R","240119","50","50","0.0000","2019-01-28","2021-03-02"
"C","96","19001IC04158500Z","60919","50","50","0.0000","2019-09-11","2021-06-16"
"C","96","21001IC04054806N","190321","24","24","0.0000","2021-03-23","2021-08-27"
"C","96","21001IC04161492N","240821","24","24","0.0000","2021-08-30","2022-08-10"
"C","96","21001IC04245806P","131221","16","16","0.0000","2021-12-17","2023-08-08"
"C","96","21001IC05014592M","280621","24","24","0.0000","2021-06-30","2022-04-13"
"C","96","22001IC04105136H","160522","32","32","0.0000","2022-05-20","2023-08-03"
"C","96","22001IC05023281X","260922","16","19","-3","2022-09-26","2023-01-26"
"C","96","23001IC04049866C","280323","50","50","0.0000","2023-03-30","2024-05-08"
"C","96","23001IC04174792W","181023","48","47","1","2023-10-27","2024-12-12"
"C","97","17001IC04180892A","80917","50","50","0.0000","2017-09-15","2019-01-16"
"C","97","18001IC04080837W","90418","52","52","0.0000","2018-04-13","2020-03-16"
"C","97","19001IC04015932R","240119","50","50","0.0000","2019-01-28","2020-12-09"
"C","97","19001IC04158500Z","60919","50","49","1","2019-09-11","2021-08-13"
"C","97","21001IC04054806N","190321","24","23","1","2021-03-23","2022-01-24"
"C","97","21001IC04161492N","240821","24","23","1","2021-08-30","2022-09-30"
"C","97","21001IC04245806P","131221","16","14","2","2021-12-17","2023-12-06"
"C","97","21001IC05014592M","280621","23","22","1","2021-06-30","2023-04-20"
"C","97","22001IC04105136H","160522","16","16","0.0000","2022-05-20","2023-04-17"
"C","97","22001IC05023281X","260922","16","20","-4","2022-09-26","2023-03-01"
"C","97","23001IC04049866C","280323","33","32","1","2023-03-30","2024-11-26"
"C","97","23001IC04174792W","181023","48","47","1","2023-10-27","2024-12-20"
"C","98","17001IC04180892A","80917","96","96","0.0000","2017-09-15","2019-07-01"
"C","98","18001IC04080837W","90418","50","50","0.0000","2018-04-13","2020-03-05"
"C","98","19001IC04015932R","240119","50","53","-3","2019-01-28","2025-02-04"
"C","98","19001IC04158500Z","60919","50","50","0.0000","2019-09-11","2023-03-17"
"C","98","20001IC04111282E","200720","60","60","0.0000","2020-07-23","2022-05-24"
"C","98","20001IC04192939W","181120","60","60","0.0000","2020-11-24","2022-02-15"
"C","98","21001IC04054806N","190321","24","26","-2","2021-03-23","2025-02-25"
"C","98","21001IC04161492N","240821","24","24","0.0000","2021-08-30","2022-09-22"
"C","98","21001IC04245806P","131221","16","17","-1","2021-12-17","2023-03-01"
"C","98","21001IC05014592M","280621","24","24","0.0000","2021-06-30","2022-09-28"
"C","98","22001IC04105136H","160522","16","16","0.0000","2022-05-20","2022-11-15"
"C","98","22001IC05023281X","260922","16","20","-4","2022-09-26","2022-10-03"
"C","98","23001IC04049866C","280323","50","52","-2","2023-03-30","2023-06-01"
"C","98","23001IC04174792W","181023","48","48","0.0000","2023-10-27","2024-12-16"
"C","99","17001IC04180892A","80917","65","66","-1","2017-09-15","2020-02-27"
"C","99","18001IC04080837W","90418","48","48","0.0000","2018-04-13","2021-11-17"
"C","99","19001IC04015932R","240119","50","66","-16","2019-01-28","2022-07-08"
"C","99","19001IC04158500Z","60919","50","52","-2","2019-09-11","2023-04-03"
"CARPV","1","21001IC04101318E","310521","1050","1054","-4","2021-06-02","2024-07-30"
"CARPV","2","21001IC04101318E","310521","1050","948","102","2021-06-02","2024-07-30"
"CARPV","3","21001IC04101318E","310521","600","557","43","2021-06-02","2022-05-19"
"CARPV","4","21001IC04101318E","310521","600","482","118","2021-06-02","2023-02-16"
"CORBT","200","19001IC04201453M","111119","3000","3000","0.0000","2019-11-13","2021-08-19"
"CORBT","200","20001IC05025244H","221220","3000","3000","0.0000","2020-12-31","2022-07-28"
"CORBT","200","21001IC04101318E","310521","2000","1800","200","2021-06-02","2023-01-05"
"CORBT","300","20001IC05025244H","221220","750","750","0.0000","2020-12-31","2021-02-01"
"CORBT","300","21001IC04101318E","310521","450","450","0.0000","2021-06-02","2021-06-03"
"CORTN","1","22001IC05005447M","80322","40","0.0000","40","2022-03-17","2022-03-17"
"CORTN","100","20001IC05025244H","221220","1000","1000","0.0000","2020-12-31","2022-09-22"
"CORTN","100","22001IC05005447M","80322","5000","3500","1500","2023-01-05","2023-11-02"
"CORTN","2","22001IC05005447M","80322","100","0.0000","100","2022-03-17","2022-03-17"
"CORTN","200","19001IC04201453M","111119","3000","2994","6","2019-11-13","2022-03-18"
"CORTN","200","21001IC04101318E","310521","5000","4999","1","2021-06-02","2022-12-05"
"CORTN","200","22001IC05005447M","80322","2000","1400","600","2023-01-05","2023-01-05"
"D","131","21001IC04054806N","190321","20","0.0000","20","2021-03-23","2021-03-23"
"D","131","21001IC04161492N","240821","19","0.0000","19","2021-08-30","2021-08-30"
"D","131","21001IC04245806P","131221","19","0.0000","19","2021-12-17","2021-12-17"
"D","131","21001IC05014592M","280621","20","0.0000","20","2021-06-30","2021-06-30"
"D","131","22001IC04105136H","160522","20","0.0000","20","2022-05-20","2022-05-20"
"D","131","22001IC05023281X","260922","20","0.0000","20","2022-09-26","2022-09-26"
"D","131","23001IC04049866C","280323","30","0.0000","30","2023-03-30","2023-03-30"
"D","131","23001IC04174792W","181023","28","0.0000","28","2023-10-27","2023-10-27"
"D","138","21001IC04054806N","190321","40","40","0.0000","2021-03-23","2021-07-02"
"D","138","21001IC04161492N","240821","40","37","3","2021-08-30","2022-11-08"
"D","138","21001IC04245806P","131221","20","20","0.0000","2021-12-17","2023-09-13"
"D","138","21001IC05014592M","280621","40","36","4","2021-06-30","2024-10-21"
"D","138","22001IC04105136H","160522","20","0.0000","20","2022-05-20","2022-05-20"
"D","138","22001IC05023281X","260922","40","0.0000","40","2022-09-26","2022-09-26"
"D","138","23001IC04049866C","280323","30","0.0000","30","2023-03-30","2023-03-30"
"D","138","23001IC04174792W","181023","29","0.0000","29","2023-10-27","2023-10-27"
"D","144","21001IC04054806N","190321","40","40","0.0000","2021-03-23","2023-01-11"
"D","144","21001IC04161492N","240821","40","40","0.0000","2021-08-30","2022-04-20"
"D","144","21001IC04245806P","131221","20","20","0.0000","2021-12-17","2023-05-15"
"D","144","21001IC05014592M","280621","40","40","0.0000","2021-06-30","2022-10-17"
"D","144","22001IC04105136H","160522","80","0.0000","80","2022-05-20","2022-05-20"
"D","144","22001IC05023281X","260922","80","80","0.0000","2022-09-26","2023-12-20"
"D","144","23001IC04049866C","280323","50","48","2","2023-03-30","2024-10-18"
"D","144","23001IC04174792W","181023","50","20","30","2023-10-27","2024-10-29"
"GPS","0100","0","180811","272","120","152","2011-08-18","2014-08-25"
"GPS","0150","0","180811","552","552","0.0000","2011-08-18","2012-10-15"
"GPS","0150","11001IC04112001R","180811","240","240","0.0000","2011-08-18","2012-10-15"
"GPS","0150","11001IC04231236G","161111","120","120","0.0000","2011-11-18","2012-10-15"
"GPS","0150","12001IC04056356P","130412","120","120","0.0000","2012-04-13","2013-03-14"
"GPS","0150","12001IC04132651X","60812","480","315","165","2012-08-13","2014-12-29"
"GPS","0200","11001IC04059381P","180811","224","224","0.0000","2011-08-18","2011-09-30"
"GPS","0200","11001IC04112001R","180811","704","704","0.0000","2011-08-18","2012-01-18"
"GPS","0200","11001IC04231236G","161111","480","515","-35","2011-11-18","2012-04-17"
"GPS","0200","12001IC04056356P","130412","480","480","0.0000","2012-04-13","2012-08-10"
"GPS","0200","12001IC04132651X","60812","1600","1600","0.0000","2012-08-13","2013-10-22"
"GPS","0200","12001IC05031798T","31212","800","800","0.0000","2012-12-03","2013-09-17"
"GPS","0200","13001IC04000922E","70113","800","800","0.0000","2013-01-08","2014-06-13"
"GPS","0200","13001IC04048954V","70313","800","806","-6","2013-03-12","2014-03-10"
"GPS","0200","13001IC04130414E","30713","850","990","-140","2013-07-10","2014-10-08"
"GPS","0200","13001IC05027647S","181013","1190","1190","0.0000","2013-10-21","2014-11-25"
"GPS","0200","14001IC04083392R","50514","1020","1022","-2","2014-05-09","2015-07-31"
"GPS","0200","14001IC04148123L","60814","1700","1700","0.0000","2014-08-13","2016-03-31"
"GPS","0200","14001IC05001129G","240114","1190","1190","0.0000","2014-01-16","2015-11-02"
"GPS","0200","14001IC05027190M","241014","1020","1020","0.0000","2014-11-03","2017-02-24"
"GPS","0200","15001IC04003456L","70115","1020","1020","0.0000","2015-01-15","2018-03-28"
"GPS","0200","15091IC04012771U","100615","510","527","-17","2015-06-15","2022-08-23"
"GPS","0200","15091IC04076460C","181215","450","441","9","2015-12-28","2021-02-09"
"GPS","0200","15092IC05009383E","210915","750","744","6","2015-09-24","2019-09-30"
"GPS","0200","16001IC04156264S","201216","450","442","8","2016-12-26","2021-11-12"
"GPS","0200","16001IC05002338L","260516","450","427","23","2016-06-01","2023-01-10"
"GPS","0200","18001IC04033925S","70218","600","578","22","2018-02-14","2023-04-21"
"GPS","0200","18001IC04186160S","230818","900","614","286","2018-08-28","2024-06-25"
"GPS","0200","19001IC04028066T","150219","750","94","656","2019-02-19","2025-03-31"
"GPS","0200","20001IC04027985U","140220","450","0.0000","450","2020-02-18","2020-02-18"
"GPS","0200","20001IC05025241E","221220","480","0.0000","480","2020-12-31","2020-12-31"
"GPS","0200","21001IC05012817K","140621","450","0.0000","450","2021-06-14","2021-06-14"
"GPS","0200","23001IC04145707Z","300823","200","63","137","2023-09-11","2024-08-29"
"GPS","0201","11001IC04059381P","180811","544","544","0.0000","2011-08-18","2011-11-04"
"GPS","0201","11001IC04112001R","180811","896","956","-60","2011-08-18","2011-12-05"
"GPS","0201","11001IC04231236G","161111","320","320","0.0000","2011-11-18","2012-03-16"
"GPS","0201","12001IC04056356P","130412","640","641","-1","2012-04-13","2012-04-20"
"GPS","0201","12001IC04132651X","60812","2560","2583","-23","2012-08-13","2012-12-21"
"GPS","0201","12001IC05031798T","31212","1870","1870","0.0000","2012-12-03","2013-06-28"
"GPS","0201","13001IC04000922E","70113","1760","1760","0.0000","2013-01-08","2013-08-15"
"GPS","0201","13001IC04048954V","70313","1600","1621","-21","2013-03-12","2014-01-28"
"GPS","0201","13001IC04130414E","30713","1530","1530","0.0000","2013-07-10","2014-06-13"
"GPS","0201","13001IC05027647S","181013","1190","1190","0.0000","2013-10-21","2014-07-18"
"GPS","0201","14001IC04083392R","50514","1020","1020","0.0000","2014-05-09","2014-10-22"
"GPS","0201","14001IC04148123L","60814","1020","1020","0.0000","2014-08-13","2015-01-30"
"GPS","0201","14001IC05001129G","240114","1020","1020","0.0000","2014-01-16","2014-10-22"
"GPS","0201","14001IC05027190M","241014","1360","1394","-34","2014-11-03","2015-05-12"
"GPS","0201","15001IC04003456L","70115","1360","1360","0.0000","2015-01-15","2015-06-29"
"GPS","0201","15091IC04012771U","100615","2380","2395.5","-15.5","2015-06-15","2017-07-05"
"GPS","0201","15091IC04076460C","181215","2400","2398","2","2015-12-28","2017-07-21"
"GPS","0201","15092IC05009383E","210915","1500","1499","1","2015-09-24","2016-03-09"
"GPS","0201","16001IC04156264S","201216","2400","2407","-7","2016-12-26","2019-01-25"
"GPS","0201","16001IC05002338L","260516","2700","2706","-6","2016-06-01","2018-03-27"
"GPS","0201","17001IC04139493B","200717","1500","1494","6","2017-07-28","2019-06-25"
"GPS","0201","18001IC04033925S","70218","750","755","-5","2018-02-14","2020-02-07"
"GPS","0201","18001IC04186160S","230818","750","743","7","2018-08-28","2019-12-13"
"GPS","0201","19001IC04028066T","150219","900","915","-15","2019-02-19","2020-03-05"
"GPS","0201","19001IC04129256W","10819","900","916","-16","2019-08-01","2021-02-22"
"GPS","0201","20001IC04027985U","140220","900","909","-9","2020-02-18","2021-02-22"
"GPS","0201","20001IC05013405D","50820","1400","1391","9","2020-08-12","2021-06-14"
"GPS","0201","20001IC05025241E","221220","2880","2880","0.0000","2020-12-31","2022-07-28"
"GPS","0201","21001IC05012817K","140621","2400","2390","10","2021-06-14","2022-09-01"
"GPS","0201","21001IC05024005C","191021","2250","2246","4","2021-10-29","2024-11-04"
"GPS","0201","22001IC04041334G","180222","2250","134","2116","2022-02-24","2025-04-29"
"GPS","0201","22001IC04215193M","171022","1950","0.0000","1950","2022-10-17","2022-10-17"
"GPS","0201","23001IC04145707Z","300823","600","595","5","2023-09-11","2025-04-23"
"GPS","0300","11001IC04112001R","180811","480","480","0.0000","2011-08-18","2011-11-25"
"GPS","0300","11001IC04231236G","161111","1920","1970","-50","2011-11-18","2012-06-29"
"GPS","0300","12001IC04056356P","130412","1920","1920","0.0000","2012-04-13","2012-06-29"
"GPS","0300","12001IC04132651X","60812","3840","3951","-111","2012-08-13","2012-12-18"
"GPS","0300","12001IC05031798T","31212","1440","1444","-4","2012-12-03","2013-05-13"
"GPS","0300","13001IC04000922E","70113","1440","1455","-15","2013-01-08","2013-06-28"
"GPS","0300","13001IC04048954V","70313","1440","1453","-13","2013-03-12","2013-09-12"
"GPS","0300","13001IC04130414E","30713","1785","1785","0.0000","2013-07-10","2014-02-11"
"GPS","0300","13001IC05027647S","181013","1785","1785","0.0000","2013-10-21","2014-06-13"
"GPS","0300","14001IC04083392R","50514","1785","1821","-36","2014-05-09","2015-02-27"
"GPS","0300","14001IC04148123L","60814","1530","1530","0.0000","2014-08-13","2015-10-30"
"GPS","0300","14001IC05001129G","240114","2040","2043","-3","2014-01-16","2014-09-29"
"GPS","0300","14001IC05027190M","241014","1530","1565","-35","2014-11-03","2016-02-23"
"GPS","0300","15001IC04003456L","70115","1530","1530","0.0000","2015-01-15","2017-02-24"
"GPS","0300","15091IC04076460C","181215","1350","1342","8","2015-12-28","2018-09-04"
"GPS","0300","16001IC04156264S","201216","1800","1880","-80","2016-12-26","2020-01-20"
"GPS","0300","16001IC05002338L","260516","2250","2277","-27","2016-06-01","2020-01-20"
"GPS","0300","17001IC04139493B","200717","900","889","11","2017-07-28","2019-01-28"
"GPS","0300","18001IC04033925S","70218","1350","1350","0.0000","2018-02-14","2020-05-15"
"GPS","0300","18001IC04186160S","230818","1350","1350","0.0000","2018-08-28","2020-01-20"
"GPS","0300","19001IC04028066T","150219","1350","1359","-9","2019-02-19","2021-02-10"
"GPS","0300","19001IC04129256W","10819","900","936","-36","2019-08-01","2024-12-16"
"GPS","0300","20001IC04027985U","140220","1125","1112","13","2020-02-18","2021-07-08"
"GPS","0300","20001IC05013405D","50820","420","442","-22","2020-08-12","2021-07-08"
"GPS","0300","20001IC05025241E","221220","720","718","2","2020-12-31","2022-01-06"
"GPS","0300","21001IC05012817K","140621","675","675","0.0000","2021-06-14","2022-04-29"
"GPS","0300","21001IC05024005C","191021","450","479","-29","2021-10-29","2025-01-10"
"GPS","0300","22001IC04041334G","180222","900","881","19","2022-02-24","2022-09-14"
"GPS","0300","22001IC04153188R","190722","1350","1352","-2","2022-07-29","2023-09-25"
"GPS","0300","22001IC04215193M","171022","1575","1691","-116","2022-10-17","2024-11-26"
"GPS","0300","23001IC04145707Z","300823","300","285","15","2023-09-11","2023-10-04"
"GPS","0301","11001IC04231236G","161111","3840","3840","0.0000","2011-11-18","2012-03-16"
"GPS","0301","12001IC04056356P","130412","3600","3626","-26","2012-04-13","2012-06-05"
"GPS","0301","12001IC04132651X","60812","8640","8640","0.0000","2012-08-13","2013-06-28"
"GPS","0301","12001IC05031798T","31212","4590","4590","0.0000","2012-12-03","2013-06-28"
"GPS","0301","13001IC04000922E","70113","4320","4320","0.0000","2013-01-08","2013-10-22"
"GPS","0301","13001IC04048954V","70313","4320","4348","-28","2013-03-12","2014-01-22"
"GPS","0301","13001IC04130414E","30713","4080","4082.5","-2.5","2013-07-10","2014-05-16"
"GPS","0301","13001IC05027647S","181013","3060","3060","0.0000","2013-10-21","2014-08-13"
"GPS","0301","14001IC04083392R","50514","2550","2550","0.0000","2014-05-09","2015-01-30"
"GPS","0301","14001IC04148123L","60814","2040","2040","0.0000","2014-08-13","2015-03-12"
"GPS","0301","14001IC05001129G","240114","2550","2550","0.0000","2014-01-16","2015-02-27"
"GPS","0301","14001IC05027190M","241014","2550","2550","0.0000","2014-11-03","2015-08-13"
"GPS","0301","15001IC04003456L","70115","2550","2560","-10","2015-01-15","2015-07-27"
"GPS","0301","15091IC04012771U","100615","4080","4080","0.0000","2015-06-15","2015-10-30"
"GPS","0301","15091IC04076460C","181215","2250","2250","0.0000","2015-12-28","2016-08-31"
"GPS","0301","15092IC05009383E","210915","4050","4082","-32","2015-09-24","2016-04-01"
"GPS","0301","16001IC04156264S","201216","5400","5414","-14","2016-12-26","2017-11-30"
"GPS","0301","16001IC05002338L","260516","4050","4053.5","-3.5","2016-06-01","2017-06-22"
"GPS","0301","17001IC04139493B","200717","3375","3398","-23","2017-07-28","2019-01-25"
"GPS","0301","18001IC04033925S","70218","3375","3382","-7","2018-02-14","2018-09-25"
"GPS","0301","18001IC04186160S","230818","3600","3605","-5","2018-08-28","2019-01-04"
"GPS","0301","19001IC04028066T","150219","4500","4500","0.0000","2019-02-19","2019-08-02"
"GPS","0301","19001IC04129256W","10819","4500","4497","3","2019-08-01","2020-03-05"
"GPS","0301","20001IC04027985U","140220","3600","3611","-11","2020-02-18","2020-09-09"
"GPS","0301","20001IC05013405D","50820","5040","5083","-43","2020-08-12","2021-02-01"
"GPS","0301","20001IC05025241E","221220","5280","5277","3","2020-12-31","2023-06-16"
"GPS","0301","21001IC05012817K","140621","4500","4501","-1","2021-06-14","2022-01-06"
"GPS","0301","21001IC05024005C","191021","5400","5396","4","2021-10-29","2022-08-19"
"GPS","0301","22001IC04041334G","180222","6750","6757","-7","2022-02-24","2024-10-24"
"GPS","0301","22001IC04215193M","171022","5400","1214","4186","2022-10-17","2025-04-29"
"GPS","0301","23001IC04145707Z","300823","950","974","-24","2023-09-11","2025-02-03"
"GPS","0400","11001IC04112001R","180811","896","896","0.0000","2011-08-18","2011-09-30"
"GPS","0400","11001IC04231236G","161111","1920","2049","-129","2011-11-18","2012-04-17"
"GPS","0400","12001IC04056356P","130412","1280","1280","0.0000","2012-04-13","2012-06-29"
"GPS","0400","12001IC04132651X","60812","3200","3200","0.0000","2012-08-13","2013-11-05"
"GPS","0400","12001IC05031798T","31212","1280","1280","0.0000","2012-12-03","2014-06-13"
"GPS","0400","13001IC04000922E","70113","1280","1280","0.0000","2013-01-08","2014-08-13"
"GPS","0400","13001IC04048954V","70313","1280","1311","-31","2013-03-12","2015-04-28"
"GPS","0400","13001IC04130414E","30713","1700","1704","-4","2013-07-10","2015-08-28"
"GPS","0400","13001IC05027647S","181013","2040","2040","0.0000","2013-10-21","2016-03-31"
"GPS","0400","14001IC04083392R","50514","2040","2043","-3","2014-05-09","2017-12-20"
"GPS","0400","14001IC04148123L","60814","1700","1699","1","2014-08-13","2023-11-08"
"GPS","0400","14001IC05001129G","240114","2040","2019","21","2014-01-16","2023-04-27"
"GPS","0400","14001IC05027190M","241014","1700","1664","36","2014-11-03","2022-10-24"
"GPS","0400","15001IC04003456L","70115","1700","1501","199","2015-01-15","2024-08-08"
"GPS","0400","19001IC04028066T","150219","600","574","26","2019-02-19","2022-07-12"
"GPS","0400","19001IC04129256W","10819","600","569","31","2019-08-01","2024-10-17"
"GPS","0400","20001IC04027985U","140220","600","0.0000","600","2020-02-18","2020-02-18"
"GPS","0400","21001IC05024005C","191021","600","576","24","2021-10-29","2025-02-05"
"GPS","0400","22001IC04041334G","180222","1200","0.0000","1200","2022-02-24","2022-02-24"
"GPS","0400","22001IC04153188R","190722","1800","67","1733","2022-07-29","2023-01-10"
"GPS","0400","22001IC04215193M","171022","1500","0.0000","1500","2022-10-17","2022-10-17"
"GPS","0400","23001IC04145707Z","300823","100","132","-32","2023-09-11","2024-08-30"
"GPS","0401","11001IC04231236G","161111","4480","4522","-42","2011-11-18","2012-04-20"
"GPS","0401","12001IC04056356P","130412","4480","4480","0.0000","2012-04-13","2012-08-17"
"GPS","0401","12001IC04132651X","60812","6400","6400","0.0000","2012-08-13","2013-02-19"
"GPS","0401","12001IC05031798T","31212","3400","3400","0.0000","2012-12-03","2013-10-22"
"GPS","0401","13001IC04000922E","70113","3200","3200","0.0000","2013-01-08","2013-10-22"
"GPS","0401","13001IC04048954V","70313","2880","2889","-9","2013-03-12","2013-11-14"
"GPS","0401","13001IC04130414E","30713","3060","3114.5","-54.5","2013-07-10","2014-03-25"
"GPS","0401","13001IC05027647S","181013","2380","2381","-1","2013-10-21","2014-06-12"
"GPS","0401","14001IC04083392R","50514","2720","2720","0.0000","2014-05-09","2015-01-30"
"GPS","0401","14001IC04148123L","60814","2040","2040","0.0000","2014-08-13","2015-02-27"
"GPS","0401","14001IC05001129G","240114","2720","2724","-4","2014-01-16","2014-10-01"
"GPS","0401","14001IC05027190M","241014","2720","2718","2","2014-11-03","2015-05-15"
"GPS","0401","15001IC04003456L","70115","2720","2720","0.0000","2015-01-15","2015-10-30"
"GPS","0401","15091IC04012771U","100615","4080","4080","0.0000","2015-06-15","2016-03-31"
"GPS","0401","15091IC04076460C","181215","4200","4201","-1","2015-12-28","2018-01-03"
"GPS","0401","15092IC05009383E","210915","4200","4201","-1","2015-09-24","2017-01-30"
"GPS","0401","16001IC04156264S","201216","3000","3005.5","-5.5","2016-12-26","2018-07-18"
"GPS","0401","16001IC05002338L","260516","3000","3000","0.0000","2016-06-01","2020-10-01"
"GPS","0401","17001IC04139493B","200717","3000","3010","-10","2017-07-28","2019-10-11"
"GPS","0401","18001IC04033925S","70218","3600","3594","6","2018-02-14","2019-12-16"
"GPS","0401","18001IC04186160S","230818","3000","3009.5","-9.5","2018-08-28","2020-01-14"
"GPS","0401","19001IC04028066T","150219","3000","3000","0.0000","2019-02-19","2020-11-12"
"GPS","0401","19001IC04129256W","10819","3600","3600","0.0000","2019-08-01","2020-11-12"
"GPS","0401","20001IC04027985U","140220","3000","2996","4","2020-02-18","2020-08-27"
"GPS","0401","20001IC05013405D","50820","5600","5653","-53","2020-08-12","2021-02-01"
"GPS","0401","20001IC05025241E","221220","5760","5761","-1","2020-12-31","2021-07-05"
"GPS","0401","21001IC05012817K","140621","4500","4515","-15","2021-06-14","2023-01-25"
"GPS","0401","21001IC05024005C","191021","5400","5394.5","5.5","2021-10-29","2022-06-02"
"GPS","0401","22001IC04041334G","180222","7500","7494","6","2022-02-24","2024-03-06"
"GPS","0401","22001IC04215193M","171022","6000","2488","3512","2022-10-17","2025-04-29"
"GPS","0401","23001IC04145707Z","300823","750","727","23","2023-09-11","2024-08-30"
"GPS","0500","11001IC04112001R","180811","80","90","-10","2011-08-18","2011-08-31"
"GPS","0500","11001IC04231236G","161111","1200","1365","-165","2011-11-18","2012-04-17"
"GPS","0500","12001IC04056356P","130412","640","641","-1","2012-04-13","2012-07-12"
"GPS","0500","12001IC04132651X","60812","2400","2438","-38","2012-08-13","2012-12-20"
"GPS","0500","12001IC05031798T","31212","1200","1231","-31","2012-12-03","2013-07-25"
"GPS","0500","13001IC04000922E","70113","1200","1200","0.0000","2013-01-08","2014-06-13"
"GPS","0500","13001IC04048954V","70313","1280","1280","0.0000","2013-03-12","2015-10-30"
"GPS","0500","13001IC04130414E","30713","1700","1700","0.0000","2013-07-10","2015-10-30"
"GPS","0500","13001IC05027647S","181013","2550","2550","0.0000","2013-10-21","2017-02-24"
"GPS","0500","14001IC04083392R","50514","2550","2550","0.0000","2014-05-09","2017-08-16"
"GPS","0500","14001IC04148123L","60814","2125","2125","0.0000","2014-08-13","2021-03-31"
"GPS","0500","14001IC05001129G","240114","2550","2533","17","2014-01-16","2019-06-28"
"GPS","0500","14001IC05027190M","241014","1700","472","1228","2014-11-03","2023-01-27"
"GPS","0500","15001IC04003456L","70115","1700","1701","-1","2015-01-15","2022-10-18"
"GPS","0500","18001IC04033925S","70218","750","726","24","2018-02-14","2020-08-13"
"GPS","0500","18001IC04186160S","230818","750","724","26","2018-08-28","2021-06-14"
"GPS","0500","19001IC04028066T","150219","750","748","2","2019-02-19","2022-06-07"
"GPS","0500","19001IC04129256W","10819","750","717","33","2019-08-01","2022-01-13"
"GPS","0500","20001IC04027985U","140220","750","729","21","2020-02-18","2023-02-27"
"GPS","0500","21001IC05012817K","140621","1500","1244","256","2021-06-14","2024-08-20"
"GPS","0500","21001IC05024005C","191021","750","719","31","2021-10-29","2023-02-14"
"GPS","0500","22001IC04153188R","190722","2250","0.0000","2250","2022-07-29","2022-07-29"
"GPS","0500","22001IC04215193M","171022","750","516","234","2022-10-17","2025-02-20"
"GPS","0500","23001IC04145707Z","300823","250","238","12","2023-09-11","2024-08-29"
"GPS","0501","11001IC04231236G","161111","3200","3200","0.0000","2011-11-18","2012-02-29"
"GPS","0501","12001IC04056356P","130412","3600","3600","0.0000","2012-04-13","2012-07-06"
"GPS","0501","12001IC04132651X","60812","6400","6400","0.0000","2012-08-13","2013-02-19"
"GPS","0501","12001IC05031798T","31212","4250","4250","0.0000","2012-12-03","2013-10-22"
"GPS","0501","13001IC04000922E","70113","4000","4000","0.0000","2013-01-08","2013-10-22"
"GPS","0501","13001IC04048954V","70313","3600","3600","0.0000","2013-03-12","2014-03-27"
"GPS","0501","13001IC04130414E","30713","3825","3825","0.0000","2013-07-10","2014-08-13"
"GPS","0501","13001IC05027647S","181013","2550","2550","0.0000","2013-10-21","2014-10-22"
"GPS","0501","14001IC04083392R","50514","2975","2975","0.0000","2014-05-09","2015-03-26"
"GPS","0501","14001IC04148123L","60814","2550","2550","0.0000","2014-08-13","2015-06-29"
"GPS","0501","14001IC05001129G","240114","2125","2125","0.0000","2014-01-16","2014-12-31"
"GPS","0501","14001IC05027190M","241014","2975","2976","-1","2014-11-03","2015-12-11"
"GPS","0501","15001IC04003456L","70115","2975","2977","-2","2015-01-15","2016-07-15"
"GPS","0501","15091IC04012771U","100615","4250","4248","2","2015-06-15","2018-01-03"
"GPS","0501","15091IC04076460C","181215","2250","2250","0.0000","2015-12-28","2018-05-15"
"GPS","0501","15092IC05009383E","210915","3750","3758.5","-8.5","2015-09-24","2020-01-14"
"GPS","0501","16001IC04156264S","201216","2625","2621","4","2016-12-26","2018-10-11"
"GPS","0501","16001IC05002338L","260516","1875","1871","4","2016-06-01","2019-06-18"
"GPS","0501","17001IC04139493B","200717","3750","3746","4","2017-07-28","2021-04-15"
"GPS","0501","18001IC04033925S","70218","3750","3735","15","2018-02-14","2019-10-24"
"GPS","0501","18001IC04186160S","230818","3375","3374","1","2018-08-28","2020-11-24"
"GPS","0501","19001IC04028066T","150219","3375","3410","-35","2019-02-19","2021-02-22"
"GPS","0501","19001IC04129256W","10819","3750","3747","3","2019-08-01","2021-08-20"
"GPS","0501","20001IC04027985U","140220","3750","3741","9","2020-02-18","2021-11-11"
"GPS","0501","20001IC05013405D","50820","5600","5607.5","-7.5","2020-08-12","2023-01-18"
"GPS","0501","20001IC05025241E","221220","4800","2366","2434","2020-12-31","2025-04-29"
"GPS","0501","21001IC05012817K","140621","4500","0.0000","4500","2021-06-14","2021-06-14"
"GPS","0501","21001IC05024005C","191021","3750","100","3650","2021-10-29","2025-04-03"
"GPS","0501","22001IC04041334G","180222","750","748","2","2022-02-24","2024-09-12"
"GPS","0501","22001IC04215193M","171022","3000","893","2107","2022-10-17","2025-02-21"
"GPS","0501","23001IC04145707Z","300823","450","461","-11","2023-09-11","2024-10-25"
"GPS","0600","11001IC04112001R","180811","192","195","-3","2011-08-18","2011-12-06"
"GPS","0600","11001IC04231236G","161111","1440","1440","0.0000","2011-11-18","2012-04-20"
"GPS","0600","12001IC04056356P","130412","768","847","-79","2012-04-13","2012-07-12"
"GPS","0600","12001IC04132651X","60812","1920","1968","-48","2012-08-13","2012-09-28"
"GPS","0600","12001IC05031798T","31212","768","818","-50","2012-12-03","2013-05-14"
"GPS","0600","13001IC04000922E","70113","768","802","-34","2013-01-08","2013-03-11"
"GPS","0600","13001IC04048954V","70313","768","806","-38","2013-03-12","2013-05-14"
"GPS","0600","13001IC04130414E","30713","1530","1530","0.0000","2013-07-10","2013-08-22"
"GPS","0600","13001IC05027647S","181013","3060","3071","-11","2013-10-21","2014-03-18"
"GPS","0600","14001IC04083392R","50514","3060","3060","0.0000","2014-05-09","2015-10-30"
"GPS","0600","14001IC04148123L","60814","2550","2550","0.0000","2014-08-13","2017-02-24"
"GPS","0600","14001IC05001129G","240114","3060","3060","0.0000","2014-01-16","2014-09-30"
"GPS","0600","14001IC05027190M","241014","2550","2548","2","2014-11-03","2016-07-04"
"GPS","0600","15001IC04003456L","70115","2550","2545","5","2015-01-15","2017-07-03"
"GPS","0600","15091IC04076460C","181215","1800","1759","41","2015-12-28","2018-02-05"
"GPS","0600","16001IC04156264S","201216","1800","1800","0.0000","2016-12-26","2020-11-16"
"GPS","0600","16001IC05002338L","260516","1800","1748","52","2016-06-01","2018-06-13"
"GPS","0600","17001IC04139493B","200717","3600","3589","11","2017-07-28","2021-11-01"
"GPS","0600","18001IC04033925S","70218","1800","1757","43","2018-02-14","2023-11-29"
"GPS","0600","18001IC04186160S","230818","900","873","27","2018-08-28","2022-07-01"
"GPS","0600","19001IC04028066T","150219","1350","458","892","2019-02-19","2024-05-24"
"GPS","0600","19001IC04129256W","10819","1800","1448","352","2019-08-01","2025-03-28"
"GPS","0600","20001IC04027985U","140220","2250","97","2153","2020-02-18","2023-01-10"
"GPS","0600","21001IC05012817K","140621","1800","186","1614","2021-06-14","2024-07-23"
"GPS","0601","11001IC04112001R","180811","384","384","0.0000","2011-08-18","2011-10-24"
"GPS","0601","11001IC04231236G","161111","2880","2880","0.0000","2011-11-18","2012-03-09"
"GPS","0601","12001IC04056356P","130412","3360","3360","0.0000","2012-04-13","2012-08-10"
"GPS","0601","12001IC04132651X","60812","5760","5760","0.0000","2012-08-13","2013-08-22"
"GPS","0601","12001IC05031798T","31212","3060","3060","0.0000","2012-12-03","2013-08-22"
"GPS","0601","13001IC04000922E","70113","2880","2880","0.0000","2013-01-08","2013-12-12"
"GPS","0601","13001IC04048954V","70313","2880","2880","0.0000","2013-03-12","2014-03-27"
"GPS","0601","13001IC04130414E","30713","3060","3060","0.0000","2013-07-10","2014-03-27"
"GPS","0601","13001IC05027647S","181013","2550","2550","0.0000","2013-10-21","2014-08-13"
"GPS","0601","14001IC04083392R","50514","2550","2550","0.0000","2014-05-09","2015-06-29"
"GPS","0601","14001IC04148123L","60814","2040","2040","0.0000","2014-08-13","2015-05-29"
"GPS","0601","14001IC05001129G","240114","3060","3060","0.0000","2014-01-16","2014-10-22"
"GPS","0601","14001IC05027190M","241014","3060","3060","0.0000","2014-11-03","2015-06-29"
"GPS","0601","15001IC04003456L","70115","3060","3064","-4","2015-01-15","2015-09-28"
"GPS","0601","15091IC04012771U","100615","6120","6120","0.0000","2015-06-15","2017-01-04"
"GPS","0601","15091IC04076460C","181215","3600","3605","-5","2015-12-28","2018-01-03"
"GPS","0601","15092IC05009383E","210915","4500","4502","-2","2015-09-24","2018-01-03"
"GPS","0601","16001IC04156264S","201216","2700","2710","-10","2016-12-26","2019-01-25"
"GPS","0601","16001IC05002338L","260516","3600","3613","-13","2016-06-01","2019-09-18"
"GPS","0601","17001IC04139493B","200717","5400","5367","33","2017-07-28","2019-06-07"
"GPS","0601","18001IC04033925S","70218","4500","4474.5","25.5","2018-02-14","2020-03-05"
"GPS","0601","18001IC04186160S","230818","4500","4528","-28","2018-08-28","2021-02-01"
"GPS","0601","19001IC04028066T","150219","4050","4049","1","2019-02-19","2022-02-01"
"GPS","0601","19001IC04129256W","10819","3600","3594","6","2019-08-01","2022-12-21"
"GPS","0601","20001IC04027985U","140220","4500","461","4039","2020-02-18","2025-03-13"
"GPS","0601","20001IC05013405D","50820","1680","1218","462","2020-08-12","2025-01-14"
"GPS","0601","20001IC05025241E","221220","2880","99","2781","2020-12-31","2021-02-22"
"GPS","0601","21001IC05012817K","140621","3150","101","3049","2021-06-14","2021-12-21"
"GPS","0601","21001IC05024005C","191021","2700","660","2040","2021-10-29","2025-01-24"
"GPS","0601","22001IC04041334G","180222","900","897","3","2022-02-24","2023-04-24"
"GPS","0601","22001IC04215193M","171022","450","414","36","2022-10-17","2025-01-24"
"GPS","0601","23001IC04145707Z","300823","250","304","-54","2023-09-11","2024-08-30"
"GPS","0800","11001IC04231236G","161111","256","256","0.0000","2011-11-18","2012-07-06"
"GPS","0800","12001IC04056356P","130412","256","256","0.0000","2012-04-13","2012-08-10"
"GPS","0800","12001IC04132651X","60812","512","550","-38","2012-08-13","2012-11-13"
"GPS","0800","13001IC04048954V","70313","256","278","-22","2013-03-12","2013-04-10"
"GPS","0800","13001IC05027647S","181013","408","438","-30","2013-10-21","2013-11-05"
"GPS","0800","14001IC04083392R","50514","272","272","0.0000","2014-05-09","2015-02-27"
"GPS","0800","14001IC04148123L","60814","136","132","4","2014-08-13","2015-05-06"
"GPS","0800","14001IC05001129G","240114","408","408","0.0000","2014-01-16","2015-02-27"
"GPS","0800","14001IC05027190M","241014","136","121","15","2014-11-03","2015-05-06"
"GPS","0800","15001IC04003456L","70115","136","136","0.0000","2015-01-15","2019-04-05"
"GPS","0800","15091IC04012771U","100615","272","269","3","2015-06-15","2016-02-12"
"GPS","0800","15091IC04076460C","181215","360","414","-54","2015-12-28","2017-07-12"
"GPS","0800","16001IC04156264S","201216","240","239","1","2016-12-26","2022-06-28"
"GPS","0800","16001IC05002338L","260516","360","344","16","2016-06-01","2022-06-28"
"GPS","0800","17001IC04139493B","200717","240","223","17","2017-07-28","2022-06-28"
"GPS","0800","18001IC04033925S","70218","600","579","21","2018-02-14","2021-09-03"
"GPS","0800","18001IC04186160S","230818","480","392","88","2018-08-28","2021-11-30"
"GPS","0800","19001IC04028066T","150219","600","600","0.0000","2019-02-19","2022-06-08"
"GPS","0800","19001IC04129256W","10819","240","134","106","2019-08-01","2022-04-12"
"GPS","0800","20001IC04027985U","140220","480","534","-54","2020-02-18","2022-10-17"
"GPS","0800","22001IC04215193M","171022","360","0.0000","360","2022-10-17","2022-10-17"
"GPS","0800","23001IC04145707Z","300823","100","0.0000","100","2023-09-11","2023-09-11"
"GPS","0801","11001IC04231236G","161111","256","256","0.0000","2011-11-18","2011-12-30"
"GPS","0801","12001IC04056356P","130412","256","272","-16","2012-04-13","2012-04-16"
"GPS","0801","12001IC04132651X","60812","512","575","-63","2012-08-13","2013-04-15"
"GPS","0801","13001IC04048954V","70313","512","530","-18","2013-03-12","2013-04-15"
"GPS","0801","13001IC05027647S","181013","544","549","-5","2013-10-21","2014-03-10"
"GPS","0801","14001IC04083392R","50514","272","272","0.0000","2014-05-09","2015-06-29"
"GPS","0801","14001IC04148123L","60814","136","136","0.0000","2014-08-13","2015-02-27"
"GPS","0801","14001IC05001129G","240114","408","408","0.0000","2014-01-16","2014-07-18"
"GPS","0801","14001IC05027190M","241014","136","136","0.0000","2014-11-03","2015-02-27"
"GPS","0801","15001IC04003456L","70115","136","136","0.0000","2015-01-15","2015-06-29"
"GPS","0801","15091IC04012771U","100615","408","408","0.0000","2015-06-15","2016-05-03"
"GPS","0801","15091IC04076460C","181215","720","844","-124","2015-12-28","2016-05-20"
"GPS","0801","15092IC05009383E","210915","480","480","0.0000","2015-09-24","2016-05-03"
"GPS","0801","16001IC04156264S","201216","240","234","6","2016-12-26","2018-06-01"
"GPS","0801","16001IC05002338L","260516","480","480","0.0000","2016-06-01","2018-03-16"
"GPS","0801","17001IC04139493B","200717","960","953","7","2017-07-28","2019-01-28"
"GPS","0801","18001IC04033925S","70218","600","603","-3","2018-02-14","2018-10-29"
"GPS","0801","18001IC04186160S","230818","480","545","-65","2018-08-28","2020-06-12"
"GPS","0801","19001IC04028066T","150219","600","598","2","2019-02-19","2021-01-18"
"GPS","0801","19001IC04129256W","10819","600","617","-17","2019-08-01","2020-08-12"
"GPS","0801","20001IC04027985U","140220","480","473","7","2020-02-18","2021-04-15"
"GPS","0801","20001IC05013405D","50820","672","663","9","2020-08-12","2023-05-02"
"GPS","0801","20001IC05025241E","221220","512","494","18","2020-12-31","2023-05-09"
"GPS","0801","21001IC05024005C","191021","600","592","8","2021-10-29","2022-08-05"
"GPS","0801","22001IC04041334G","180222","720","783","-63","2022-02-24","2024-08-06"
"GPS","0801","22001IC04215193M","171022","480","479","1","2022-10-17","2023-05-05"
"GPS","0801","23001IC04145707Z","300823","100","111","-11","2023-09-11","2024-08-06"
"GPS","1,50","11001IC04231236G","161111","120","0.0000","120","2011-11-18","2011-11-18"
"GPS","100","11001IC04231236G","161111","320","0.0000","320","2011-11-18","2011-11-18"
"GPS","1000","11001IC04231236G","161111","320","320","0.0000","2011-11-18","2012-01-20"
"GPS","1000","12001IC04056356P","130412","320","320","0.0000","2012-04-13","2012-08-10"
"GPS","1000","12001IC04132651X","60812","960","960","0.0000","2012-08-13","2013-05-10"
"GPS","1000","13001IC04048954V","70313","320","326","-6","2013-03-12","2013-03-19"
"GPS","1000","13001IC05027647S","181013","1020","1066.3","-46.3","2013-10-21","2014-04-01"
"GPS","1000","14001IC04083392R","50514","510","478","32","2014-05-09","2015-06-29"
"GPS","1000","14001IC04148123L","60814","510","488","22","2014-08-13","2015-10-27"
"GPS","1000","14001IC05001129G","240114","680","680","0.0000","2014-01-16","2014-08-13"
"GPS","1000","14001IC05027190M","241014","510","488","22","2014-11-03","2015-10-27"
"GPS","1000","15001IC04003456L","70115","510","469","41","2015-01-15","2019-03-01"
"GPS","1000","15091IC04012771U","100615","510","484","26","2015-06-15","2017-07-21"
"GPS","1000","15091IC04076460C","181215","300","242","58","2015-12-28","2019-05-08"
"GPS","1000","16001IC04156264S","201216","300","236","64","2016-12-26","2020-08-18"
"GPS","1000","16001IC05002338L","260516","450","404","46","2016-06-01","2019-05-08"
"GPS","1000","17001IC04139493B","200717","300","252","48","2017-07-28","2019-05-08"
"GPS","1000","18001IC04033925S","70218","1200","1191","9","2018-02-14","2018-10-08"
"GPS","1000","18001IC04186160S","230818","1200","1190","10","2018-08-28","2020-08-18"
"GPS","1000","19001IC04028066T","150219","750","709","41","2019-02-19","2021-06-01"
"GPS","1000","19001IC04129256W","10819","900","829","71","2019-08-01","2023-01-10"
"GPS","1000","20001IC04027985U","140220","750","680","70","2020-02-18","2023-10-09"
"GPS","1000","21001IC05024005C","191021","750","501","249","2021-10-29","2025-01-27"
"GPS","1000","22001IC04041334G","180222","750","0.0000","750","2022-02-24","2022-02-24"
"GPS","1000","22001IC04215193M","171022","450","0.0000","450","2022-10-17","2022-10-17"
"GPS","1001","11001IC04059381P","180811","160","160","0.0000","2011-08-18","2011-12-07"
"GPS","1001","11001IC04112001R","180811","480","480","0.0000","2011-08-18","2012-01-20"
"GPS","1001","11001IC04231236G","161111","320","320","0.0000","2011-11-18","2012-01-20"
"GPS","1001","12001IC04056356P","130412","320","320","0.0000","2012-04-13","2012-08-10"
"GPS","1001","12001IC04132651X","60812","960","960","0.0000","2012-08-13","2013-05-10"
"GPS","1001","13001IC04048954V","70313","480","480","0.0000","2013-03-12","2013-05-10"
"GPS","1001","13001IC05027647S","181013","510","585","-75","2013-10-21","2014-01-28"
"GPS","1001","14001IC04083392R","50514","510","505","5","2014-05-09","2018-06-01"
"GPS","1001","14001IC04148123L","60814","510","509","1","2014-08-13","2019-08-02"
"GPS","1001","14001IC05001129G","240114","850","835","15","2014-01-16","2018-04-10"
"GPS","1001","14001IC05027190M","241014","510","474","36","2014-11-03","2016-01-19"
"GPS","1001","15001IC04003456L","70115","510","481","29","2015-01-15","2016-02-24"
"GPS","1001","15091IC04012771U","100615","1360","1341","19","2015-06-15","2018-04-10"
"GPS","1001","15091IC04076460C","181215","750","744","6","2015-12-28","2023-05-02"
"GPS","1001","15092IC05009383E","210915","1500","1492","8","2015-09-24","2019-01-28"
"GPS","1001","17001IC04139493B","200717","300","293","7","2017-07-28","2019-06-04"
"GPS","1001","18001IC04033925S","70218","600","587","13","2018-02-14","2022-08-05"
"GPS","1001","18001IC04186160S","230818","1200","1200","0.0000","2018-08-28","2021-04-28"
"GPS","1001","19001IC04028066T","150219","750","750","0.0000","2019-02-19","2020-12-29"
"GPS","1001","19001IC04129256W","10819","1200","1169","31","2019-08-01","2022-02-15"
"GPS","1001","20001IC04027985U","140220","750","736","14","2020-02-18","2022-11-22"
"GPS","1001","20001IC05013405D","50820","1400","1351","49","2020-08-12","2022-04-26"
"GPS","1001","20001IC05025241E","221220","1600","1528","72","2020-12-31","2022-06-10"
"GPS","1001","21001IC05024005C","191021","1200","1201","-1","2021-10-29","2023-03-14"
"GPS","1001","22001IC04041334G","180222","1800","1669","131","2022-02-24","2025-04-28"
"GPS","1001","22001IC04215193M","171022","1500","455","1045","2022-10-17","2025-04-28"
"GPS","1001","23001IC04145707Z","300823","30","0.0000","30","2023-09-11","2023-09-11"
"GPS","101","11001IC04231236G","161111","320","0.0000","320","2011-11-18","2011-11-18"
"GPS","20","11001IC04231236G","161111","480","0.0000","480","2011-11-18","2011-11-18"
"GPS","21","11001IC04231236G","161111","320","0.0000","320","2011-11-18","2011-11-18"
"GPS","30","11001IC04231236G","161111","1920","0.0000","1920","2011-11-18","2011-11-18"
"GPS","31","11001IC04231236G","161111","3840","0.0000","3840","2011-11-18","2011-11-18"
"GPS","40","11001IC04231236G","161111","1920","0.0000","1920","2011-11-18","2011-11-18"
"GPS","41","11001IC04231236G","161111","4480","0.0000","4480","2011-11-18","2011-11-18"
"GPS","50","11001IC04231236G","161111","1200","0.0000","1200","2011-11-18","2011-11-18"
"GPS","51","11001IC04231236G","161111","3200","0.0000","3200","2011-11-18","2011-11-18"
"GPS","60","11001IC04231236G","161111","1440","0.0000","1440","2011-11-18","2011-11-18"
"GPS","61","11001IC04231236G","161111","2880","0.0000","2880","2011-11-18","2011-11-18"
"GPS","80","11001IC04231236G","161111","256","0.0000","256","2011-11-18","2011-11-18"
"GPS","81","11001IC04231236G","161111","256","0.0000","256","2011-11-18","2011-11-18"
"MAGUA","25","19001IC04039130N","80319","510","510","0.0000","2019-03-11","2019-04-03"
"MAGUA","25","20001IC04113277K","220720","300","300","0.0000","2020-07-28","2021-02-10"
"MAGUA","25","21001IC04203945N","191021","240","240","0.0000","2021-10-27","2021-12-17"
"MAGUA","25","22001IC05005447M","80322","900","900","0.0000","2022-03-17","2022-04-01"
"MAGUA","25","23001IC04018740M","10223","450","0.0000","450","2023-02-06","2023-02-06"
"MAGUA","32","18001IC04099185F","30518","2400","2400","0.0000","2018-05-07","2021-01-21"
"MAGUA","32","19001IC04039130N","80319","1020","1020","0.0000","2019-03-11","2021-05-07"
"MAGUA","32","20001IC04113277K","220720","990","990","0.0000","2020-07-28","2021-07-05"
"MAGUA","32","21001IC04055644Y","220321","1500","1515","-15","2021-04-01","2024-07-18"
"MAGUA","32","21001IC04203945N","191021","360","360","0.0000","2021-10-27","2023-05-24"
"MAGUA","32","23001IC04018740M","10223","750","750","0.0000","2023-02-06","2024-12-16"
"MAGUA","32","24001IC04077391U","220524","450","420","30","2024-05-28","2025-04-22"
"MAGUA","38","18001IC04099185F","30518","2400","2400","0.0000","2018-05-07","2021-07-28"
"MAGUA","38","19001IC04039130N","80319","1500","1560","-60","2019-03-11","2019-07-22"
"MAGUA","38","20001IC04113277K","220720","1800","1800","0.0000","2020-07-28","2021-04-01"
"MAGUA","38","21001IC04055644Y","220321","1500","1500","0.0000","2021-04-01","2022-03-17"
"MAGUA","38","21001IC04203945N","191021","750","750","0.0000","2021-10-27","2022-04-01"
"MAGUA","38","22001IC05005447M","80322","900","900","0.0000","2022-03-17","2023-09-04"
"MAGUA","38","23001IC04018740M","10223","1800","1800","0.0000","2023-02-06","2024-07-03"
"MAGUA","38","24001IC04077391U","220524","1080","1070","10","2024-05-28","2024-07-02"
"MAGUA","45","18001IC04229024P","221018","720","720","0.0000","2018-10-29","2019-01-23"
"MAGUA","45","19001IC04039130N","80319","810","810","0.0000","2019-03-11","2020-07-03"
"MAGUA","45","20001IC04113277K","220720","300","300","0.0000","2020-07-28","2020-09-01"
"MAGUA","45","21001IC04055644Y","220321","510","490","20","2021-04-01","2023-04-04"
"MAGUA","45","21001IC04203945N","191021","450","450","0.0000","2021-10-27","2023-07-27"
"MAGUA","45","23001IC04018740M","10223","180","0.0000","180","2023-02-06","2023-02-06"
"MAGUA","45","24001IC04077391U","220524","210","0.0000","210","2024-05-28","2024-05-28"
"MAGUA","50","19001IC04039130N","80319","1110","0.0000","1110","2019-03-11","2019-03-11"
"MAGUA","50","23001IC04018740M","10223","150","0.0000","150","2023-02-06","2023-02-06"
"MAGUA","51","18001IC04099185F","30518","1200","1200","0.0000","2018-05-07","2019-06-03"
"MAGUA","51","19001IC04039130N","80319","1110","1105","5","2019-03-11","2021-02-12"
"MAGUA","51","20001IC04113277K","220720","1500","1510","-10","2020-07-28","2025-02-03"
"MAGUA","51","21001IC04055644Y","220321","510","210","300","2021-04-01","2024-07-18"
"MALAM","100","18001IC04170996F","20818","400","380","20","2018-08-03","2020-09-03"
"MALAM","100","19001IC04039130N","80319","80","100","-20","2019-03-11","2020-11-03"
"MALAM","100","21001IC04055644Y","220321","200","200","0.0000","2021-04-01","2021-04-01"
"MALAM","100","21001IC04203945N","191021","200","200","0.0000","2021-10-27","2022-03-18"
"MALAM","100","22001IC05005447M","80322","400","100","300","2022-03-17","2023-09-04"
"MALAM","19","18001IC04170996F","20818","1000","975","25","2018-08-03","2020-08-27"
"MALAM","19","20001IC04113277K","220720","500","500","0.0000","2020-07-28","2021-04-27"
"MALAM","19","21001IC04055644Y","220321","300","300","0.0000","2021-04-01","2022-01-25"
"MALAM","19","21001IC04203945N","191021","600","600","0.0000","2021-10-27","2023-03-13"
"MALAM","19","23001IC04018740M","10223","800","800","0.0000","2023-02-06","2025-03-31"
"MALAM","19","24001IC04077391U","220524","500","0.0000","500","2024-05-28","2024-05-28"
"MALAM","25","18001IC04170996F","20818","1500","1532","-32","2018-08-03","2025-01-13"
"MALAM","25","19001IC04039130N","80319","300","300","0.0000","2019-03-11","2020-08-03"
"MALAM","25","20001IC04113277K","220720","1500","1525","-25","2020-07-28","2022-08-24"
"MALAM","25","21001IC04055644Y","220321","500","500","0.0000","2021-04-01","2023-02-28"
"MALAM","25","21001IC04203945N","191021","500","500","0.0000","2021-10-27","2024-04-18"
"MALAM","25","23001IC04018740M","10223","1000","1050","-50","2023-02-06","2025-01-03"
"MALAM","32","18001IC04170996F","20818","2000","1975","25","2018-08-03","2023-03-14"
"MALAM","32","20001IC04113277K","220720","100","100","0.0000","2020-07-28","2021-05-27"
"MALAM","32","20001IC05025244H","221220","500","150","350","2020-12-31","2025-01-09"
"MALAM","32","24001IC04077391U","220524","250","0.0000","250","2024-05-28","2024-05-28"
"MALAM","38","18001IC04170996F","20818","2000","2000","0.0000","2018-08-03","2022-06-06"
"MALAM","38","20001IC04113277K","220720","1000","1000","0.0000","2020-07-28","2021-05-19"
"MALAM","38","21001IC04055644Y","220321","500","500","0.0000","2021-04-01","2022-03-04"
"MALAM","38","21001IC04203945N","191021","600","600","0.0000","2021-10-27","2023-03-27"
"MALAM","38","23001IC04018740M","10223","2000","1400","600","2023-02-06","2025-03-19"
"MALAM","45","18001IC04170996F","20818","1000","1000","0.0000","2018-08-03","2018-10-19"
"MALAM","45","19001IC04039130N","80319","2000","2000","0.0000","2019-03-11","2022-03-07"
"MALAM","45","20001IC04113277K","220720","200","200","0.0000","2020-07-28","2020-08-03"
"MALAM","45","21001IC04055644Y","220321","1000","1050","-50","2021-04-01","2023-01-20"
"MALAM","45","21001IC04203945N","191021","750","750","0.0000","2021-10-27","2023-09-28"
"MALAM","45","22001IC05005447M","80322","1000","300","700","2022-03-17","2024-01-17"
"MALAM","45","23001IC04018740M","10223","250","230","20","2023-02-06","2024-03-01"
"MALAM","50","18001IC04170996F","20818","1000","1000","0.0000","2018-08-03","2019-04-05"
"MALAM","50","19001IC04039130N","80319","1000","1030","-30","2019-03-11","2022-08-25"
"MALAM","50","20001IC04113277K","220720","800","800","0.0000","2020-07-28","2021-02-03"
"MALAM","50","20001IC05025244H","221220","750","750","0.0000","2020-12-31","2022-08-11"
"MALAM","50","21001IC04055644Y","220321","750","750","0.0000","2021-04-01","2023-05-18"
"MALAM","50","21001IC04203945N","191021","500","300","200","2021-10-27","2024-12-12"
"MALAM","50","23001IC04018740M","10223","300","300","0.0000","2023-02-06","2023-09-06"
"MALAM","50","24001IC04077391U","220524","600","500","100","2024-05-28","2025-02-10"
"MALAM","64","18001IC04170996F","20818","900","750","150","2018-08-03","2024-12-12"
"MALAM","64","20001IC05025244H","221220","250","0.0000","250","2020-12-31","2020-12-31"
"MALAM","76","18001IC04170996F","20818","450","450","0.0000","2018-08-03","2019-09-24"
"MALAM","76","19001IC04039130N","80319","90","70","20","2019-03-11","2022-04-22"
"MALAM","76","21001IC04203945N","191021","200","200","0.0000","2021-10-27","2022-03-18"
"MALAM","76","22001IC05005447M","80322","400","0.0000","400","2022-03-17","2022-03-17"
"MALAM","76","23001IC04018740M","10223","100","100","0.0000","2023-02-06","2023-09-04"
"MALTA","10","18001IC04133087S","140618","6000","4600","1400","2018-06-19","2019-01-31"
"MALTA","13","18001IC04133087S","140618","3000","2700","300","2018-06-19","2021-11-01"
"MALTA","8","18001IC04133087S","140618","1500","1300","200","2018-06-19","2019-02-21"
"MAMAR","10","18001IC04229024P","221018","600","600","0.0000","2018-10-29","2019-01-08"
"MAMAR","13","18001IC04229024P","221018","600","600","0.0000","2018-10-29","2019-01-08"
"MAMAR","19","18001IC04229024P","221018","200","200","0.0000","2018-10-29","2018-11-01"
"MAMAR","19","22001IC05005447M","80322","2000","1150","850","2022-03-17","2024-12-05"
"MAMAR","25","18001IC04229024P","221018","200","200","0.0000","2018-10-29","2018-11-01"
"MAMAR","25","22001IC05005447M","80322","2000","525","1475","2022-03-17","2024-12-05"
"MAMAR","6","18001IC04229024P","221018","600","600","0.0000","2018-10-29","2019-01-08"
"MAMAR","8","18001IC04229024P","221018","600","600","0.0000","2018-10-29","2019-01-08"
"MAMAR","8","22001IC05005447M","80322","2000","2000","0.0000","2022-03-17","2022-04-01"
"MAREN","19","18001IC04229024P","221018","350","350","0.0000","2018-10-29","2018-11-01"
"MAREN","19","21001IC04101318E","310521","300","300","0.0000","2021-06-02","2021-06-03"
"MAREN","25","18001IC04229024P","221018","350","350","0.0000","2018-10-29","2018-11-01"
"MAREN","25","21001IC04101318E","310521","300","300","0.0000","2021-06-02","2021-06-03"
"MAREN","25","22001IC05005447M","80322","200","200","0.0000","2022-03-17","2022-03-18"
"MAREN","32","18001IC04229024P","221018","100","100","0.0000","2018-10-29","2018-11-01"
"MAREN","32","21001IC04101318E","310521","100","100","0.0000","2021-06-02","2021-06-03"
"MFP","10","11001IC04142154G","280711","1500","1500","0.0000","2011-07-28","2011-09-05"
"MFP","10","12001IC04000221S","30112","2000","2000","0.0000","2012-01-05","2012-03-16"
"MFP","10","13001IC04137313J","120713","3000","3000","0.0000","2013-07-18","2014-03-17"
"MFP","10","14001IC04039689E","270214","2500","2500","0.0000","2014-02-27","2015-02-24"
"MFP","10","15001IC04027590Z","90215","3000","3000","0.0000","2015-02-12","2018-10-17"
"MFP","10","15091IC04034696H","70815","2500","2500","0.0000","2015-08-12","2017-09-11"
"MFP","10","15091IC04052547C","300915","2000","2000","0.0000","2015-10-06","2018-04-23"
"MFP","10","16001IC04036754T","230616","1500","1500","0.0000","2016-07-01","2018-11-21"
"MFP","10","17001IC04151810L","40817","2000","2008","-8","2017-08-09","2022-01-27"
"MFP","10","18001IC04026318Z","300118","2500","2500","0.0000","2018-01-31","2020-01-13"
"MFP","10","18001IC04187317A","240818","3000","3000","0.0000","2018-08-28","2021-09-23"
"MFP","10","19001IC04067249C","240419","3000","3000","0.0000","2019-04-26","2022-10-27"
"MFP","10","19001IC04155511P","30919","1000","1000","0.0000","2019-09-04","2022-10-27"
"MFP","10","20001IC04125600D","110820","1200","1180","20","2020-08-14","2023-02-24"
"MFP","10","21001IC04114234F","150621","1200","1200","0.0000","2021-06-30","2023-06-01"
"MFP","10","22001IC04020315C","250122","1500","1500","0.0000","2022-01-31","2024-10-17"
"MFP","10","22001IC04123883Z","80622","1500","1125","375","2022-06-10","2025-04-09"
"MFP","10","22001IC04253046L","301122","1500","0.0000","1500","2022-12-05","2022-12-05"
"MFP","10","23001IC04113717M","70723","500","500","0.0000","2023-07-12","2024-10-31"
"MFP","10","24001IC04077391U","220524","2500","400","2100","2024-05-28","2025-04-24"
"MFP","13","11001IC04142154G","280711","4000","4000","0.0000","2011-07-28","2011-10-28"
"MFP","13","12001IC04000221S","30112","4500","4525","-25","2012-01-05","2012-01-19"
"MFP","13","13001IC04137313J","120713","6000","6000","0.0000","2013-07-18","2014-03-17"
"MFP","13","14001IC04039689E","270214","6000","6050","-50","2014-02-27","2014-10-01"
"MFP","13","15001IC04027590Z","90215","5000","5050","-50","2015-02-12","2015-11-11"
"MFP","13","15091IC04034696H","70815","3000","3395","-395","2015-08-12","2016-10-26"
"MFP","13","15091IC04052547C","300915","2500","2500","0.0000","2015-10-06","2017-02-06"
"MFP","13","16001IC04036754T","230616","2500","2500","0.0000","2016-07-01","2017-08-29"
"MFP","13","17001IC04151810L","40817","2500","2500","0.0000","2017-08-09","2018-02-08"
"MFP","13","18001IC04026318Z","300118","4000","3995","5","2018-01-31","2018-11-22"
"MFP","13","18001IC04187317A","240818","3000","3000","0.0000","2018-08-28","2019-06-03"
"MFP","13","19001IC04067249C","240419","4000","4015","-15","2019-04-26","2022-01-27"
"MFP","13","19001IC04155511P","30919","2000","2000","0.0000","2019-09-04","2020-11-06"
"MFP","13","20001IC04125600D","110820","2500","2492","8","2020-08-14","2021-08-05"
"MFP","13","21001IC04114234F","150621","4500","4500","0.0000","2021-06-30","2022-04-19"
"MFP","13","22001IC04020315C","250122","5000","5000","0.0000","2022-01-31","2023-01-18"
"MFP","13","22001IC04123883Z","80622","4500","4500","0.0000","2022-06-10","2023-05-15"
"MFP","13","22001IC04253046L","301122","4000","4000","0.0000","2022-12-05","2024-07-30"
"MFP","13","23001IC04113717M","70723","2000","2000","0.0000","2023-07-12","2025-04-17"
"MFP","13","24001IC04077391U","220524","3000","725","2275","2024-05-28","2025-04-22"
"MFP","16","0","280711","2750","2850","-100","2011-07-28","2014-03-05"
"MFP","16","15001IC04027590Z","90215","500","500","0.0000","2015-02-12","2015-03-05"
"MFP","16","15091IC04034696H","70815","1000","1010","-10","2015-08-12","2016-08-25"
"MFP","16","15091IC04052547C","300915","1000","1000","0.0000","2015-10-06","2017-03-15"
"MFP","16","16001IC04036754T","230616","1000","1000","0.0000","2016-07-01","2017-10-13"
"MFP","16","17001IC04151810L","40817","1000","1000","0.0000","2017-08-09","2018-12-13"
"MFP","16","18001IC04026318Z","300118","500","495","5","2018-01-31","2019-02-26"
"MFP","16","18001IC04213532M","11018","500","500","0.0000","2018-10-04","2019-12-30"
"MFP","16","19001IC04067249C","240419","500","500","0.0000","2019-04-26","2021-04-06"
"MFP","16","19001IC04155511P","30919","800","800","0.0000","2019-09-04","2022-03-17"
"MFP","16","20001IC04125600D","110820","500","500","0.0000","2020-08-14","2022-09-14"
"MFP","16","21001IC04114234F","150621","300","300","0.0000","2021-06-30","2022-11-11"
"MFP","16","22001IC04020315C","250122","500","500","0.0000","2022-01-31","2024-08-26"
"MFP","16","22001IC04123883Z","80622","400","400","0.0000","2022-06-10","2023-03-02"
"MFP","16","22001IC04253046L","301122","600","600","0.0000","2022-12-05","2024-11-13"
"MFP","16","23001IC04113717M","70723","400","325","75","2023-07-12","2025-04-22"
"MFP","16","24001IC04077391U","220524","500","0.0000","500","2024-05-28","2024-05-28"
"MFP","19","11001IC04039450K","280711","125","125","0.0000","2011-07-28","2011-08-01"
"MFP","19","11001IC04142154G","280711","1500","1500","0.0000","2011-07-28","2011-11-04"
"MFP","19","12001IC04000221S","30112","1200","1200","0.0000","2012-01-05","2012-04-19"
"MFP","19","13001IC04137313J","120713","1500","1500","0.0000","2013-07-18","2013-10-21"
"MFP","19","14001IC04039689E","270214","1500","1500","0.0000","2014-02-27","2015-02-27"
"MFP","19","15001IC04027590Z","90215","1500","1525","-25","2015-02-12","2015-07-03"
"MFP","19","15091IC04034696H","70815","1500","1540","-40","2015-08-12","2016-08-25"
"MFP","19","15091IC04052547C","300915","1800","1803","-3","2015-10-06","2017-08-03"
"MFP","19","16001IC04036754T","230616","1200","1200","0.0000","2016-07-01","2017-08-03"
"MFP","19","17001IC04151810L","40817","2000","2000","0.0000","2017-08-09","2018-08-24"
"MFP","19","18001IC04026318Z","300118","1500","1600","-100","2018-01-31","2019-02-22"
"MFP","19","18001IC04213532M","11018","1000","1000","0.0000","2018-10-04","2019-05-02"
"MFP","19","19001IC04067249C","240419","500","500","0.0000","2019-04-26","2019-09-17"
"MFP","19","19001IC04155511P","30919","2500","2505","-5","2019-09-04","2021-07-26"
"MFP","19","20001IC04125600D","110820","2000","2000","0.0000","2020-08-14","2022-03-21"
"MFP","19","21001IC04114234F","150621","1000","1000","0.0000","2021-06-30","2022-04-20"
"MFP","19","22001IC04020315C","250122","1300","1300","0.0000","2022-01-31","2023-08-02"
"MFP","19","22001IC04123883Z","80622","1600","1600","0.0000","2022-06-10","2023-03-02"
"MFP","19","22001IC04253046L","301122","1200","1200","0.0000","2022-12-05","2024-09-12"
"MFP","19","23001IC04113717M","70723","800","800","0.0000","2023-07-12","2025-04-10"
"MFP","19","24001IC04077391U","220524","2000","1350","650","2024-05-28","2025-04-29"
"MFP","25","11001IC04039450K","280711","75","75","0.0000","2011-07-28","2011-08-12"
"MFP","25","11001IC04142154G","280711","1500","1500","0.0000","2011-07-28","2013-10-11"
"MFP","25","12001IC04000221S","30112","1200","1225","-25","2012-01-05","2013-12-30"
"MFP","25","14001IC04039689E","270214","500","540","-40","2014-02-27","2015-04-28"
"MFP","25","15001IC04027590Z","90215","800","800","0.0000","2015-02-12","2015-04-15"
"MFP","25","15091IC04034696H","70815","1200","1200","0.0000","2015-08-12","2016-11-30"
"MFP","25","15091IC04052547C","300915","1800","1800","0.0000","2015-10-06","2018-07-04"
"MFP","25","16001IC04036754T","230616","1200","1200","0.0000","2016-07-01","2019-01-30"
"MFP","25","17001IC04151810L","40817","2000","1997","3","2017-08-09","2020-07-15"
"MFP","25","18001IC04026318Z","300118","1500","1500","0.0000","2018-01-31","2021-07-26"
"MFP","25","20001IC04125600D","110820","500","500","0.0000","2020-08-14","2022-03-02"
"MFP","25","21001IC04114234F","150621","1300","1300","0.0000","2021-06-30","2022-08-25"
"MFP","25","22001IC04020315C","250122","1300","1300","0.0000","2022-01-31","2025-02-20"
"MFP","25","22001IC04123883Z","80622","800","800","0.0000","2022-06-10","2023-05-05"
"MFP","25","22001IC04253046L","301122","800","425","375","2022-12-05","2025-04-17"
"MFP","25","23001IC04113717M","70723","400","400","0.0000","2023-07-12","2025-04-28"
"MFP","6","0","280711","15800","12540","3260","2011-07-28","2019-02-21"
"MFP","6","18001IC04026318Z","300118","1000","1000","0.0000","2018-01-31","2019-12-30"
"MFP","6","19001IC04067249C","240419","4000","4000","0.0000","2019-04-26","2022-04-29"
"MFP","6","19001IC04155511P","30919","1500","1500","0.0000","2019-09-04","2023-08-01"
"MFP","6","20001IC04125600D","110820","1200","1200","0.0000","2020-08-14","2023-05-02"
"MFP","6","21001IC04114234F","150621","1500","450","1050","2021-06-30","2025-03-20"
"MFP","6","22001IC04020315C","250122","1000","1000","0.0000","2022-01-31","2024-11-07"
"MFP","6","22001IC04123883Z","80622","500","500","0.0000","2022-06-10","2024-06-28"
"MFP","6","22001IC04253046L","301122","500","500","0.0000","2022-12-05","2023-11-24"
"MFP","8","11001IC04142154G","280711","4500","4575","-75","2011-07-28","2012-01-13"
"MFP","8","12001IC04000221S","30112","5000","5000","0.0000","2012-01-05","2012-04-20"
"MFP","8","13001IC04137313J","120713","6000","6005","-5","2013-07-18","2014-03-05"
"MFP","8","14001IC04039689E","270214","6000","6000","0.0000","2014-02-27","2015-02-27"
"MFP","8","15001IC04027590Z","90215","6000","6085","-85","2015-02-12","2016-09-21"
"MFP","8","15091IC04034696H","70815","5000","5045","-45","2015-08-12","2017-04-05"
"MFP","8","15091IC04052547C","300915","4000","4000","0.0000","2015-10-06","2017-11-01"
"MFP","8","16001IC04036754T","230616","3000","3000","0.0000","2016-07-01","2018-06-08"
"MFP","8","17001IC04151810L","40817","2000","1997","3","2017-08-09","2020-07-15"
"MFP","8","18001IC04026318Z","300118","2500","2500","0.0000","2018-01-31","2019-08-29"
"MFP","8","18001IC04187317A","240818","4000","4000","0.0000","2018-08-28","2020-08-06"
"MFP","8","19001IC04067249C","240419","5000","4995","5","2019-04-26","2021-08-26"
"MFP","8","19001IC04155511P","30919","3000","3000","0.0000","2019-09-04","2022-03-14"
"MFP","8","20001IC04125600D","110820","2500","2500","0.0000","2020-08-14","2022-07-13"
"MFP","8","21001IC04114234F","150621","6000","6025","-25","2021-06-30","2023-01-18"
"MFP","8","22001IC04020315C","250122","6000","6000","0.0000","2022-01-31","2024-06-28"
"MFP","8","22001IC04123883Z","80622","8000","4788","3212","2022-06-10","2025-04-29"
"MFP","8","22001IC04253046L","301122","6000","300","5700","2022-12-05","2024-10-09"
"MFP","8","23001IC04113717M","70723","4000","600","3400","2023-07-12","2025-04-24"
"MFP","8","24001IC04077391U","220524","2500","2450","50","2024-05-28","2025-04-28"
"MFP10","13","18001IC04187317A","240818","1000","900","100","2018-08-28","2019-01-03"
"MFP10","16","18001IC04213532M","11018","500","0.0000","500","2018-10-04","2018-10-04"
"MFP10","19","18001IC04213532M","11018","500","0.0000","500","2018-10-04","2018-10-04"
"MFP10","22","18001IC04213532M","11018","500","0.0000","500","2018-10-04","2018-10-04"
"MFP10","6","18001IC04187317A","240818","1000","1000","0.0000","2018-08-28","2019-01-03"
"MFP10","8","18001IC04187317A","240818","1000","900","100","2018-08-28","2019-01-03"
"MMULT","25","21001IC04101318E","310521","500","500","0.0000","2021-06-02","2023-09-21"
"MMULT","32","21001IC04101318E","310521","500","450","50","2021-06-02","2023-06-08"
"MMULT","38","21001IC04101318E","310521","500","500","0.0000","2021-06-02","2022-08-30"
"MMULT","45","21001IC04101318E","310521","250","100","150","2021-06-02","2022-11-17"
"MMULT","50","21001IC04101318E","310521","500","380","120","2021-06-02","2025-04-23"
"MOP","10","0","280711","740","900","-160","2011-07-28","2011-08-18"
"MOP","10","00","180811","6875","6875","0.0000","2011-08-18","2015-02-27"
"MOP","10","15001IC04027590Z","90215","1000","1000","0.0000","2015-02-12","2016-01-22"
"MOP","10","15091IC04034696H","70815","1500","1500","0.0000","2015-08-12","2017-01-26"
"MOP","10","15091IC04052547C","300915","1200","1200","0.0000","2015-10-06","2017-07-26"
"MOP","10","16001IC04036754T","230616","3000","2996","4","2016-07-01","2019-10-11"
"MOP","10","17001IC04151810L","40817","500","500","0.0000","2017-08-09","2018-03-16"
"MOP","10","18001IC04026318Z","300118","500","500","0.0000","2018-01-31","2020-02-21"
"MOP","10","18001IC04213532M","11018","1500","1500","0.0000","2018-10-04","2021-10-06"
"MOP","10","19001IC04067249C","240419","1500","1500","0.0000","2019-04-26","2021-11-30"
"MOP","10","19001IC04155511P","30919","1000","1000","0.0000","2019-09-04","2022-04-29"
"MOP","10","20001IC04125600D","110820","1000","1000","0.0000","2020-08-14","2023-01-18"
"MOP","10","21001IC04114234F","150621","600","600","0.0000","2021-06-30","2023-01-26"
"MOP","10","22001IC04020315C","250122","1000","1000","0.0000","2022-01-31","2023-09-20"
"MOP","10","22001IC04123883Z","80622","1000","1000","0.0000","2022-06-10","2024-06-24"
"MOP","10","22001IC04253046L","301122","1200","200","1000","2022-12-05","2024-10-24"
"MOP","10","23001IC04113717M","70723","1800","100","1700","2023-07-12","2023-07-26"
"MOP","10","24001IC04077391U","220524","1500","1400","100","2024-05-28","2025-04-17"
"MOP","13","10001IC04143385M","280711","900","900","0.0000","2011-07-28","2011-11-04"
"MOP","13","11001IC04039450K","280711","500","500","0.0000","2011-07-28","2012-02-10"
"MOP","13","11001IC04142154G","280711","500","500","0.0000","2011-07-28","2012-05-24"
"MOP","13","12001IC04000221S","30112","500","500","0.0000","2012-01-05","2012-03-23"
"MOP","13","13001IC04137313J","120713","2500","2500","0.0000","2013-07-18","2015-02-18"
"MOP","13","14001IC04039689E","270214","2000","2000","0.0000","2014-02-27","2015-03-16"
"MOP","13","15001IC04027590Z","90215","1500","1500","0.0000","2015-02-12","2016-11-30"
"MOP","13","15091IC04034696H","70815","1800","1800","0.0000","2015-08-12","2017-05-10"
"MOP","13","15091IC04052547C","300915","1500","1500","0.0000","2015-10-06","2018-07-16"
"MOP","13","16001IC04036754T","230616","1000","1000","0.0000","2016-07-01","2019-01-04"
"MOP","13","17001IC04151810L","40817","1200","1200","0.0000","2017-08-09","2019-10-11"
"MOP","13","18001IC04026318Z","300118","1000","1000","0.0000","2018-01-31","2020-05-27"
"MOP","13","18001IC04213532M","11018","2000","2000","0.0000","2018-10-04","2021-07-15"
"MOP","13","19001IC04067249C","240419","1800","1796","4","2019-04-26","2023-08-08"
"MOP","13","19001IC04155511P","30919","500","500","0.0000","2019-09-04","2022-01-25"
"MOP","13","20001IC04125600D","110820","1000","1000","0.0000","2020-08-14","2023-07-25"
"MOP","13","21001IC04114234F","150621","800","800","0.0000","2021-06-30","2023-07-12"
"MOP","13","22001IC04020315C","250122","1000","800","200","2022-01-31","2025-04-16"
"MOP","13","22001IC04123883Z","80622","1500","1500","0.0000","2022-06-10","2024-06-24"
"MOP","13","22001IC04253046L","301122","1300","50","1250","2022-12-05","2022-12-12"
"MOP","13","23001IC04113717M","70723","1000","50","950","2023-07-12","2024-11-21"
"MOP","13","24001IC04077391U","220524","2000","400","1600","2024-05-28","2024-10-15"
"MOP","16","0","280711","7400","7398","2","2011-07-28","2018-01-30"
"MOP","16","17001IC04151810L","40817","1500","1500","0.0000","2017-08-09","2021-08-24"
"MOP","16","18001IC04026318Z","300118","1000","1000","0.0000","2018-01-31","2022-11-15"
"MOP","16","18001IC04213532M","11018","500","500","0.0000","2018-10-04","2022-12-27"
"MOP","16","20001IC04125600D","110820","300","325","-25","2020-08-14","2023-07-19"
"MOP","16","21001IC04114234F","150621","300","300","0.0000","2021-06-30","2023-11-02"
"MOP","16","22001IC04020315C","250122","300","200","100","2022-01-31","2025-03-17"
"MOP","16","22001IC04123883Z","80622","400","50","350","2022-06-10","2023-03-13"
"MOP","16","22001IC04253046L","301122","800","0.0000","800","2022-12-05","2022-12-05"
"MOP","16","23001IC04113717M","70723","500","125","375","2023-07-12","2024-09-12"
"MOP","16","24001IC04077391U","220524","500","100","400","2024-05-28","2024-07-24"
"MOP","19","11001IC04039450K","280711","150","150","0.0000","2011-07-28","2011-09-05"
"MOP","19","11001IC04142154G","280711","1500","1500","0.0000","2011-07-28","2012-06-22"
"MOP","19","12001IC04000221S","30112","1200","1200","0.0000","2012-01-05","2013-03-25"
"MOP","19","13001IC04137313J","120713","300","300","0.0000","2013-07-18","2013-07-23"
"MOP","19","14001IC04039689E","270214","1000","1000","0.0000","2014-02-27","2015-02-27"
"MOP","19","15001IC04027590Z","90215","1000","1000","0.0000","2015-02-12","2015-10-19"
"MOP","19","15091IC04034696H","70815","1200","1200","0.0000","2015-08-12","2017-02-24"
"MOP","19","15091IC04052547C","300915","1400","1400","0.0000","2015-10-06","2017-08-10"
"MOP","19","16001IC04036754T","230616","500","500","0.0000","2016-07-01","2018-01-24"
"MOP","19","17001IC04151810L","40817","1200","1200","0.0000","2017-08-09","2019-04-29"
"MOP","19","18001IC04026318Z","300118","1000","1000","0.0000","2018-01-31","2019-07-26"
"MOP","19","18001IC04213532M","11018","1500","1503","-3","2018-10-04","2022-01-27"
"MOP","19","19001IC04067249C","240419","500","500","0.0000","2019-04-26","2021-11-01"
"MOP","19","19001IC04155511P","30919","500","500","0.0000","2019-09-04","2022-08-18"
"MOP","19","20001IC04125600D","110820","1000","1000","0.0000","2020-08-14","2023-01-05"
"MOP","19","21001IC04114234F","150621","500","500","0.0000","2021-06-30","2022-12-27"
"MOP","19","22001IC04020315C","250122","600","600","0.0000","2022-01-31","2023-03-02"
"MOP","19","22001IC04123883Z","80622","600","600","0.0000","2022-06-10","2024-05-30"
"MOP","19","22001IC04253046L","301122","600","500","100","2022-12-05","2025-04-29"
"MOP","19","23001IC04113717M","70723","500","500","0.0000","2023-07-12","2024-12-13"
"MOP","19","24001IC04077391U","220524","1500","50","1450","2024-05-28","2024-09-18"
"MOP","25","0","280711","50","50","0.0000","2011-07-28","2011-09-05"
"MOP","25","11001IC04142154G","280711","1000","1011","-11","2011-07-28","2012-07-27"
"MOP","25","12001IC04000221S","30112","800","925","-125","2012-01-05","2013-07-30"
"MOP","25","13001IC04137313J","120713","200","200","0.0000","2013-07-18","2013-07-19"
"MOP","25","14001IC04039689E","270214","500","500","0.0000","2014-02-27","2015-02-27"
"MOP","25","15001IC04027590Z","90215","700","700","0.0000","2015-02-12","2015-10-16"
"MOP","25","15091IC04034696H","70815","800","800","0.0000","2015-08-12","2016-11-30"
"MOP","25","15091IC04052547C","300915","800","800","0.0000","2015-10-06","2016-09-02"
"MOP","25","16001IC04036754T","230616","600","600","0.0000","2016-07-01","2017-11-06"
"MOP","25","17001IC04151810L","40817","2000","1998","2","2017-08-09","2020-05-12"
"MOP","25","18001IC04026318Z","300118","1500","1500","0.0000","2018-01-31","2021-05-03"
"MOP","25","18001IC04213532M","11018","500","500","0.0000","2018-10-04","2022-03-21"
"MOP","25","20001IC04125600D","110820","300","300","0.0000","2020-08-14","2022-02-09"
"MOP","25","21001IC04114234F","150621","300","300","0.0000","2021-06-30","2022-06-22"
"MOP","25","22001IC04020315C","250122","400","400","0.0000","2022-01-31","2023-01-26"
"MOP","25","22001IC04123883Z","80622","300","300","0.0000","2022-06-10","2023-04-04"
"MOP","25","22001IC04253046L","301122","1000","1000","0.0000","2022-12-05","2024-07-04"
"MOP","25","23001IC04113717M","70723","600","500","100","2023-07-12","2025-04-16"
"MOP","25","24001IC04077391U","220524","600","100","500","2024-05-28","2024-06-10"
"MOP","6","0","280711","150","400","-250","2011-07-28","2011-08-01"
"MOP","6","11001IC04142154G","280711","800","822","-22","2011-07-28","2012-02-13"
"MOP","6","12001IC04000221S","30112","1200","1200","0.0000","2012-01-05","2012-04-20"
"MOP","6","13001IC04137313J","120713","3000","3000","0.0000","2013-07-18","2015-02-18"
"MOP","6","14001IC04039689E","270214","2500","2500","0.0000","2014-02-27","2016-01-12"
"MOP","6","15001IC04027590Z","90215","1500","1500","0.0000","2015-02-12","2016-05-04"
"MOP","6","15091IC04034696H","70815","1500","1500","0.0000","2015-08-12","2016-11-30"
"MOP","6","15091IC04052547C","300915","1500","1588","-88","2015-10-06","2018-04-25"
"MOP","6","16001IC04036754T","230616","1500","1550","-50","2016-07-01","2018-04-23"
"MOP","6","18001IC04026318Z","300118","500","700","-200","2018-01-31","2018-03-16"
"MOP","6","18001IC04213532M","11018","4000","4006","-6","2018-10-04","2024-06-28"
"MOP","6","19001IC04067249C","240419","3000","3000","0.0000","2019-04-26","2021-10-06"
"MOP","6","19001IC04155511P","30919","1500","1500","0.0000","2019-09-04","2022-04-29"
"MOP","6","20001IC04125600D","110820","1500","1525","-25","2020-08-14","2023-01-18"
"MOP","6","21001IC04114234F","150621","800","800","0.0000","2021-06-30","2022-09-22"
"MOP","6","22001IC04020315C","250122","1000","1000","0.0000","2022-01-31","2023-09-20"
"MOP","6","22001IC04123883Z","80622","2000","2000","0.0000","2022-06-10","2023-07-13"
"MOP","6","22001IC04253046L","301122","2000","950","1050","2022-12-05","2025-04-07"
"MOP","6","23001IC04113717M","70723","1800","100","1700","2023-07-12","2023-11-08"
"MOP","6","24001IC04077391U","220524","1200","1175","25","2024-05-28","2025-04-01"
"MOP","7","18001IC04213532M","11018","2000","750","1250","2018-10-04","2020-08-13"
"MOP","8","11001IC04142154G","280711","1300","1300","0.0000","2011-07-28","2011-10-11"
"MOP","8","12001IC04000221S","30112","2500","2500","0.0000","2012-01-05","2012-03-23"
"MOP","8","13001IC04137313J","120713","3000","3000","0.0000","2013-07-18","2013-09-02"
"MOP","8","14001IC04039689E","270214","2500","2500","0.0000","2014-02-27","2015-02-27"
"MOP","8","15001IC04027590Z","90215","2500","2500","0.0000","2015-02-12","2015-06-17"
"MOP","8","15091IC04034696H","70815","3000","3000","0.0000","2015-08-12","2016-11-30"
"MOP","8","15091IC04052547C","300915","2500","2500","0.0000","2015-10-06","2017-08-14"
"MOP","8","16001IC04036754T","230616","2000","2025","-25","2016-07-01","2018-06-19"
"MOP","8","17001IC04151810L","40817","1000","1150","-150","2017-08-09","2018-02-02"
"MOP","8","18001IC04026318Z","300118","1000","1000","0.0000","2018-01-31","2018-03-28"
"MOP","8","18001IC04213532M","11018","4500","4500","0.0000","2018-10-04","2020-05-27"
"MOP","8","19001IC04067249C","240419","4000","4010","-10","2019-04-26","2023-07-18"
"MOP","8","19001IC04155511P","30919","2000","2000","0.0000","2019-09-04","2022-08-10"
"MOP","8","20001IC04125600D","110820","1500","1500","0.0000","2020-08-14","2022-07-08"
"MOP","8","21001IC04114234F","150621","2500","2500","0.0000","2021-06-30","2023-01-18"
"MOP","8","22001IC04020315C","250122","2500","1675","825","2022-01-31","2025-04-09"
"MOP","8","22001IC04123883Z","80622","3000","3000","0.0000","2022-06-10","2023-11-15"
"MOP","8","22001IC04253046L","301122","2500","0.0000","2500","2022-12-05","2022-12-05"
"MOP","8","23001IC04113717M","70723","2800","100","2700","2023-07-12","2023-07-26"
"MOP","8","24001IC04077391U","220524","1000","1000","0.0000","2024-05-28","2024-06-25"
"MOP10","13","18001IC04213532M","11018","1000","900","100","2018-10-04","2019-01-03"
"MOP10","6","18001IC04213532M","11018","1000","1000","0.0000","2018-10-04","2019-01-03"
"MOP10","8","18001IC04213532M","11018","1000","1000","0.0000","2018-10-04","2019-01-03"
"MPLA","100","16001IC04066100H","80816","1000","1000","0.0000","2016-08-17","2016-08-18"
"MPLA","100","18001IC04170996F","20818","1000","1000","0.0000","2018-08-03","2018-11-02"
"MPLA","100","19001IC04039130N","80319","1000","1000","0.0000","2019-03-11","2020-11-30"
"MPLA","100","20001IC04113277K","220720","300","300","0.0000","2020-07-28","2021-07-15"
"MPLA","100","21001IC04055644Y","220321","1000","1000","0.0000","2021-04-01","2022-03-07"
"MPLA","100","21001IC04203945N","191021","800","750","50","2021-10-27","2023-02-09"
"MPLA","100","23001IC04018740M","10223","1000","1000","0.0000","2023-02-06","2025-03-31"
"MPLA","100","24001IC04077391U","220524","1500","500","1000","2024-05-28","2024-07-12"
"MPLA","1000","16001IC04066100H","80816","1000","0.0000","1000","2016-08-17","2016-08-17"
"MPLA","25","16001IC04066100H","80816","600","600","0.0000","2016-08-17","2016-08-18"
"MPLA","25","18001IC04170996F","20818","1000","1020","-20","2018-08-03","2022-08-25"
"MPLA","25","20001IC04113277K","220720","600","600","0.0000","2020-07-28","2022-05-24"
"MPLA","25","21001IC04055644Y","220321","500","500","0.0000","2021-04-01","2021-04-19"
"MPLA","25","21001IC04203945N","191021","1600","1625","-25","2021-10-27","2024-06-07"
"MPLA","25","23001IC04018740M","10223","1600","300","1300","2023-02-06","2024-07-12"
"MPLA","32","16001IC04066100H","80816","1000","1000","0.0000","2016-08-17","2016-08-18"
"MPLA","32","18001IC04170996F","20818","2500","2500","0.0000","2018-08-03","2020-05-12"
"MPLA","32","19001IC04039130N","80319","500","500","0.0000","2019-03-11","2021-08-30"
"MPLA","32","21001IC04055644Y","220321","1300","1300","0.0000","2021-04-01","2021-12-28"
"MPLA","32","21001IC04203945N","191021","1000","1000","0.0000","2021-10-27","2022-08-18"
"MPLA","32","22001IC05005447M","80322","1000","1000","0.0000","2022-03-17","2024-10-04"
"MPLA","32","23001IC04018740M","10223","1200","600","600","2023-02-06","2024-11-07"
"MPLA","32","24001IC04077391U","220524","500","50","450","2024-05-28","2024-11-21"
"MPLA","38","16001IC04066100H","80816","1000","1000","0.0000","2016-08-17","2016-08-18"
"MPLA","38","18001IC04170996F","20818","3000","3000","0.0000","2018-08-03","2018-11-20"
"MPLA","38","19001IC04039130N","80319","1000","1000","0.0000","2019-03-11","2020-12-17"
"MPLA","38","20001IC04113277K","220720","800","800","0.0000","2020-07-28","2021-05-27"
"MPLA","38","21001IC04055644Y","220321","1500","1450","50","2021-04-01","2022-01-07"
"MPLA","38","21001IC04203945N","191021","1000","950","50","2021-10-27","2022-06-14"
"MPLA","38","22001IC05005447M","80322","1500","1500","0.0000","2022-03-17","2023-12-12"
"MPLA","38","23001IC04018740M","10223","2000","1200","800","2023-02-06","2024-07-18"
"MPLA","38","24001IC04077391U","220524","500","400","100","2024-05-28","2024-07-12"
"MPLA","50","16001IC04066100H","80816","2000","2000","0.0000","2016-08-17","2016-08-18"
"MPLA","51","18001IC04170996F","20818","3500","3471","29","2018-08-03","2020-09-14"
"MPLA","51","19001IC04039130N","80319","2000","2050","-50","2019-03-11","2022-01-20"
"MPLA","51","20001IC04113277K","220720","400","400","0.0000","2020-07-28","2021-12-21"
"MPLA","51","21001IC04055644Y","220321","1500","1496","4","2021-04-01","2023-03-14"
"MPLA","51","21001IC04203945N","191021","800","800","0.0000","2021-10-27","2023-07-14"
"MPLA","51","22001IC05005447M","80322","1000","1000","0.0000","2022-03-17","2023-11-08"
"MPLA","51","23001IC04018740M","10223","2800","2000","800","2023-02-06","2025-04-21"
"MPLA","51","24001IC04077391U","220524","500","300","200","2024-05-28","2025-03-25"
"MPLA","63","16001IC04066100H","80816","600","600","0.0000","2016-08-17","2016-08-18"
"MPLA","63","23001IC04018740M","10223","500","0.0000","500","2023-02-06","2023-02-06"
"MPLA","63","24001IC04077391U","220524","500","0.0000","500","2024-05-28","2024-05-28"
"MPLA","64","18001IC04170996F","20818","2000","2000","0.0000","2018-08-03","2022-10-27"
"MPLA","64","20001IC04113277K","220720","1500","2200","-700","2020-07-28","2024-07-18"
"MPLA","76","16001IC04066100H","80816","1000","1000","0.0000","2016-08-17","2016-08-18"
"MPLA","76","18001IC04170996F","20818","2000","2000","0.0000","2018-08-03","2018-08-13"
"MPLA","76","19001IC04039130N","80319","1000","1050","-50","2019-03-11","2020-07-13"
"MPLA","76","20001IC04113277K","220720","600","600","0.0000","2020-07-28","2020-12-01"
"MPLA","76","21001IC04055644Y","220321","1200","1200","0.0000","2021-04-01","2021-10-29"
"MPLA","76","21001IC04203945N","191021","1000","1000","0.0000","2021-10-27","2022-03-18"
"MPLA","76","22001IC05005447M","80322","1000","1050","-50","2022-03-17","2023-07-20"
"MPLA","76","23001IC04018740M","10223","2800","2800","0.0000","2023-02-06","2025-01-15"
"MPLA","76","24001IC04077391U","220524","1000","1000","0.0000","2024-05-28","2024-12-13"
"MPUL","1016","16001IC04066100H","80816","6000","6000","0.0000","2016-08-17","2016-08-18"
"MPUL","1219","16001IC04066100H","80816","1500","1500","0.0000","2016-08-17","2016-08-18"
"MRIE","12","18001IC04170996F","20818","6000","5970","30","2018-08-03","2021-10-15"
"MRIE","12","21001IC04101318E","310521","2500","2455","45","2021-06-02","2022-11-08"
"MRIE","12","21001IC04203945N","191021","3000","2898","102","2021-10-27","2024-12-16"
"MRIE","19","18001IC04170996F","20818","4500","4550","-50","2018-08-03","2019-12-18"
"MRIE","19","21001IC04101318E","310521","1000","1070","-70","2021-06-02","2022-01-25"
"MRIE","19","21001IC04203945N","191021","1500","1570","-70","2021-10-27","2022-04-08"
"MRIE","25","18001IC04170996F","20818","3000","3025","-25","2018-08-03","2019-11-13"
"MRIE","25","21001IC04101318E","310521","1000","1020","-20","2021-06-02","2022-01-25"
"MRIE","25","21001IC04203945N","191021","1000","680","320","2021-10-27","2023-06-26"
"MROJO","10","18001IC04099185F","30518","4000","4000","0.0000","2018-05-07","2021-02-12"
"MROJO","10","18001IC04229024P","221018","1000","1000","0.0000","2018-10-29","2021-04-13"
"MROJO","10","19001IC04039130N","80319","1000","1050","-50","2019-03-11","2022-01-25"
"MROJO","10","20001IC04113277K","220720","500","500","0.0000","2020-07-28","2021-12-17"
"MROJO","10","21001IC04203945N","191021","300","300","0.0000","2021-10-27","2022-03-17"
"MROJO","10","22001IC05005447M","80322","1000","997","3","2022-03-17","2023-04-04"
"MROJO","10","23001IC04018740M","10223","2500","2450","50","2023-02-06","2024-03-26"
"MROJO","10","24001IC04077391U","220524","500","350","150","2024-05-28","2025-03-19"
"MROJO","13","18001IC04099185F","30518","5000","5000","0.0000","2018-05-07","2022-07-28"
"MROJO","13","18001IC04229024P","221018","1000","960","40","2018-10-29","2021-03-19"
"MROJO","13","19001IC04039130N","80319","1000","1000","0.0000","2019-03-11","2022-02-10"
"MROJO","13","20001IC04113277K","220720","500","500","0.0000","2020-07-28","2020-11-13"
"MROJO","13","21001IC04055644Y","220321","500","500","0.0000","2021-04-01","2021-04-06"
"MROJO","13","21001IC04203945N","191021","1500","1500","0.0000","2021-10-27","2023-02-16"
"MROJO","13","22001IC05005447M","80322","1000","1000","0.0000","2022-03-17","2023-10-03"
"MROJO","13","23001IC04018740M","10223","2500","850","1650","2023-02-06","2024-03-26"
"MROJO","13","24001IC04077391U","220524","500","250","250","2024-05-28","2024-11-29"
"MROJO","16","18001IC04099185F","30518","2500","1125","1375","2018-05-07","2023-01-04"
"MROJO","16","18001IC04229024P","221018","500","0.0000","500","2018-10-29","2018-10-29"
"MROJO","19","18001IC04099185F","30518","2500","2500","0.0000","2018-05-07","2022-07-28"
"MROJO","19","18001IC04229024P","221018","500","500","0.0000","2018-10-29","2019-09-19"
"MROJO","19","20001IC04113277K","220720","300","300","0.0000","2020-07-28","2020-08-03"
"MROJO","19","21001IC04055644Y","220321","1500","1500","0.0000","2021-04-01","2022-04-01"
"MROJO","19","21001IC04203945N","191021","1000","1000","0.0000","2021-10-27","2024-10-25"
"MROJO","19","22001IC05005447M","80322","1000","650","350","2022-03-17","2025-01-22"
"MROJO","19","23001IC04018740M","10223","1200","0.0000","1200","2023-02-06","2023-02-06"
"MROJO","25","18001IC04099185F","30518","2000","2000","0.0000","2018-05-07","2020-11-30"
"MROJO","25","18001IC04229024P","221018","500","500","0.0000","2018-10-29","2021-05-28"
"MROJO","25","21001IC04055644Y","220321","500","500","0.0000","2021-04-01","2022-07-28"
"MROJO","25","21001IC04203945N","191021","1500","1450","50","2021-10-27","2024-09-16"
"MROJO","25","22001IC05005447M","80322","1000","200","800","2022-03-17","2023-10-25"
"MROJO","25","23001IC04018740M","10223","1200","250","950","2023-02-06","2023-08-23"
"MROJO","6","18001IC04099185F","30518","2500","2500","0.0000","2018-05-07","2019-03-08"
"MROJO","6","18001IC04229024P","221018","500","475","25","2018-10-29","2019-11-01"
"MROJO","6","19001IC04039130N","80319","1000","1000","0.0000","2019-03-11","2021-05-26"
"MROJO","6","20001IC04113277K","220720","2000","2000","0.0000","2020-07-28","2022-07-28"
"MROJO","6","21001IC04203945N","191021","250","250","0.0000","2021-10-27","2022-06-22"
"MROJO","6","22001IC05005447M","80322","2000","2000","0.0000","2022-03-17","2023-09-07"
"MROJO","6","23001IC04018740M","10223","1800","200","1600","2023-02-06","2025-04-29"
"MROJO","6","24001IC04077391U","220524","500","100","400","2024-05-28","2025-02-21"
"MROJO","8","18001IC04099185F","30518","5000","5000","0.0000","2018-05-07","2018-07-10"
"MROJO","8","18001IC04229024P","221018","1000","1000","0.0000","2018-10-29","2019-05-13"
"MROJO","8","19001IC04039130N","80319","2000","1975","25","2019-03-11","2020-12-21"
"MROJO","8","20001IC04113277K","220720","3000","3000","0.0000","2020-07-28","2021-05-27"
"MROJO","8","21001IC04055644Y","220321","2500","2500","0.0000","2021-04-01","2022-04-22"
"MROJO","8","21001IC04203945N","191021","6000","6000","0.0000","2021-10-27","2022-10-20"
"MROJO","8","22001IC05005447M","80322","2000","2000","0.0000","2022-03-17","2024-03-07"
"MROJO","8","23001IC04018740M","10223","10000","3350","6650","2023-02-06","2025-04-29"
"MROJO","8","24001IC04077391U","220524","1000","1000","0.0000","2024-05-28","2025-03-12"
"MSAN","13","17001IC04012990Z","190117","2050","500","1550","2017-01-30","2020-02-13"
"MSAN","19","17001IC04012990Z","190117","2000","2000","0.0000","2017-01-30","2019-01-24"
"MSAN","19","18001IC04213532M","11018","2050","1074","976","2018-10-04","2022-07-25"
"MSAN","25","17001IC04012990Z","190117","1850","1740","110","2017-01-30","2025-01-29"
"MSAN","25","18001IC04213532M","11018","1000","50","950","2018-10-04","2020-02-13"
"MTRAN","10","18001IC04099185F","30518","3500","3485","15","2018-05-07","2020-08-03"
"MTRAN","10","19001IC04039130N","80319","1000","1000","0.0000","2019-03-11","2021-09-28"
"MTRAN","10","20001IC04113277K","220720","1000","1000","0.0000","2020-07-28","2023-02-10"
"MTRAN","10","21001IC04055644Y","220321","1000","700","300","2021-04-01","2025-03-19"
"MTRAN","10","21001IC04203945N","191021","250","250","0.0000","2021-10-27","2025-02-26"
"MTRAN","10","23001IC04018740M","10223","1000","500","500","2023-02-06","2025-01-22"
"MTRAN","10","24001IC04077391U","220524","1500","0.0000","1500","2024-05-28","2024-05-28"
"MTRAN","13","18001IC04099185F","30518","6450","6435","15","2018-05-07","2022-03-21"
"MTRAN","13","19001IC04039130N","80319","500","500","0.0000","2019-03-11","2021-06-08"
"MTRAN","13","20001IC04113277K","220720","300","300","0.0000","2020-07-28","2021-12-16"
"MTRAN","13","21001IC04055644Y","220321","1000","1000","0.0000","2021-04-01","2022-06-13"
"MTRAN","13","21001IC04203945N","191021","2000","2000","0.0000","2021-10-27","2023-05-10"
"MTRAN","13","22001IC05005447M","80322","1000","1000","0.0000","2022-03-17","2024-06-07"
"MTRAN","13","23001IC04018740M","10223","2500","50","2450","2023-02-06","2025-04-28"
"MTRAN","13","24001IC04077391U","220524","500","125","375","2024-05-28","2024-11-21"
"MTRAN","16","20001IC04113277K","220720","500","450","50","2020-07-28","2025-03-13"
"MTRAN","16","21001IC04203945N","191021","200","200","0.0000","2021-10-27","2022-04-01"
"MTRAN","16","22001IC05005447M","80322","1000","0.0000","1000","2022-03-17","2022-03-17"
"MTRAN","19","18001IC04099185F","30518","3500","3500","0.0000","2018-05-07","2020-05-27"
"MTRAN","19","19001IC04039130N","80319","500","550","-50","2019-03-11","2019-11-12"
"MTRAN","19","20001IC04113277K","220720","1500","1500","0.0000","2020-07-28","2021-12-16"
"MTRAN","19","21001IC04203945N","191021","1800","1800","0.0000","2021-10-27","2023-07-13"
"MTRAN","19","22001IC05005447M","80322","1000","1000","0.0000","2022-03-17","2023-07-24"
"MTRAN","19","23001IC04018740M","10223","2000","1500","500","2023-02-06","2025-03-19"
"MTRAN","25","18001IC04099185F","30518","6000","6000","0.0000","2018-05-07","2025-02-26"
"MTRAN","25","21001IC04203945N","191021","750","745","5","2021-10-27","2023-07-13"
"MTRAN","25","23001IC04018740M","10223","1500","1500","0.0000","2023-02-06","2024-07-30"
"MTRAN","25","24001IC04077391U","220524","1500","1150","350","2024-05-28","2025-03-19"
"MTRAN","32","20001IC04113277K","220720","300","300","0.0000","2020-07-28","2020-08-03"
"MTRAN","38","20001IC04113277K","220720","300","300","0.0000","2020-07-28","2020-08-03"
"MTRAN","38","23001IC04018740M","10223","100","100","0.0000","2023-02-06","2023-02-10"
"MTRAN","45","19001IC04039130N","80319","500","500","0.0000","2019-03-11","2019-03-12"
"MTRAN","45","20001IC04113277K","220720","300","300","0.0000","2020-07-28","2020-08-03"
"MTRAN","45","23001IC04018740M","10223","500","500","0.0000","2023-02-06","2023-02-10"
"MTRAN","45","24001IC04077391U","220524","200","200","0.0000","2024-05-28","2024-05-28"
"MTRAN","6","18001IC04099185F","30518","3500","3500","0.0000","2018-05-07","2019-02-21"
"MTRAN","6","20001IC04113277K","220720","1000","1000","0.0000","2020-07-28","2024-04-23"
"MTRAN","6","21001IC04055644Y","220321","1500","1475","25","2021-04-01","2024-11-21"
"MTRAN","6","21001IC04203945N","191021","500","500","0.0000","2021-10-27","2023-02-10"
"MTRAN","6","22001IC05005447M","80322","1000","950","50","2022-03-17","2025-02-26"
"MTRAN","6","23001IC04018740M","10223","3500","0.0000","3500","2023-02-06","2023-02-06"
"MTRAN","8","18001IC04099185F","30518","6500","6485","15","2018-05-07","2021-04-16"
"MTRAN","8","19001IC04039130N","80319","1000","1000","0.0000","2019-03-11","2021-06-01"
"MTRAN","8","21001IC04055644Y","220321","1000","1000","0.0000","2021-04-01","2022-01-07"
"MTRAN","8","21001IC04203945N","191021","1500","1500","0.0000","2021-10-27","2024-04-23"
"MTRAN","8","22001IC05005447M","80322","2500","2500","0.0000","2022-03-17","2024-01-19"
"MTRAN","8","23001IC04018740M","10223","5000","800","4200","2023-02-06","2025-04-28"
"O","15","15001IC04067656A","10415","507","0.0000","507","2015-04-15","2015-04-15"
"O","15","20001IC04111282E","200720","200","0.0000","200","2020-07-23","2020-07-23"
"O","15","20001IC04192939W","181120","163","0.0000","163","2020-11-24","2020-11-24"
"O","15","21001IC04054806N","190321","140","0.0000","140","2021-03-23","2021-03-23"
"O","15","21001IC04161492N","240821","132","10","122","2021-08-30","2022-10-27"
"O","15","21001IC04245806P","131221","150","0.0000","150","2021-12-17","2021-12-17"
"O","15","21001IC05014592M","280621","140","0.0000","140","2021-06-30","2021-06-30"
"O","15","22001IC04105136H","160522","200","0.0000","200","2022-05-20","2022-05-20"
"O","15","22001IC05023281X","260922","123","0.0000","123","2022-09-26","2022-09-26"
"O","15","23001IC04049866C","280323","250","0.0000","250","2023-03-30","2023-03-30"
"O","15","23001IC04174792W","181023","500","0.0000","500","2023-10-27","2023-10-27"
"O","16","14001IC04241965T","20115","1006","707","299","2015-01-05","2024-11-19"
"O","16","15001IC04067656A","10415","208","58","150","2015-04-15","2021-02-26"
"O","16","19001IC04015932R","240119","297","0.0000","297","2019-01-28","2019-01-28"
"O","16","19001IC04158500Z","60919","430","53","377","2019-09-11","2021-12-06"
"O","16","20001IC04111282E","200720","194","29","165","2020-07-23","2024-07-25"
"O","16","20001IC04192939W","181120","173","172","1","2020-11-24","2025-04-22"
"O","16","21001IC04054806N","190321","155","12","143","2021-03-23","2023-03-21"
"O","16","21001IC04161492N","240821","150","34","116","2021-08-30","2023-12-26"
"O","16","21001IC04245806P","131221","150","0.0000","150","2021-12-17","2021-12-17"
"O","16","21001IC05014592M","280621","150","70","80","2021-06-30","2025-02-14"
"O","16","22001IC04105136H","160522","142","10","132","2022-05-20","2022-08-26"
"O","16","22001IC05023281X","260922","113","0.0000","113","2022-09-26","2022-09-26"
"O","16","23001IC04049866C","280323","250","0.0000","250","2023-03-30","2023-03-30"
"O","16","23001IC04174792W","181023","522","0.0000","522","2023-10-27","2023-10-27"
"O","17","14001IC04241965T","20115","496","496","0.0000","2015-01-05","2020-11-09"
"O","17","15001IC04067656A","10415","509","508","1","2015-04-15","2023-12-26"
"O","17","20001IC04192939W","181120","260","150","110","2020-11-24","2024-12-30"
"O","17","21001IC04054806N","190321","152","50","102","2021-03-23","2022-05-16"
"O","17","21001IC04161492N","240821","164","64","100","2021-08-30","2023-10-11"
"O","17","21001IC04245806P","131221","148","10","138","2021-12-17","2022-05-11"
"O","17","21001IC05014592M","280621","140","124","16","2021-06-30","2025-04-22"
"O","17","22001IC04105136H","160522","150","13","137","2022-05-20","2023-06-14"
"O","17","22001IC05023281X","260922","150","11","139","2022-09-26","2024-10-29"
"O","17","23001IC04049866C","280323","250","40","210","2023-03-30","2024-10-18"
"O","17","23001IC04174792W","181023","500","6","494","2023-10-27","2024-12-02"
"O","18","11001IC04236558S","231111","203","203","0.0000","2011-11-29","2013-01-09"
"O","18","14001IC04241965T","20115","1007","1006","1","2015-01-05","2020-03-16"
"O","18","15001IC04067656A","10415","200","198","2","2015-04-15","2021-01-05"
"O","18","15091IC04055318B","91015","197","196","1","2015-10-14","2021-04-13"
"O","18","19001IC04015932R","240119","302","302","0.0000","2019-01-28","2022-08-11"
"O","18","19001IC04158500Z","60919","438","196","242","2019-09-11","2023-07-14"
"O","18","20001IC04111282E","200720","194","35","159","2020-07-23","2022-05-12"
"O","18","20001IC04192939W","181120","175","74","101","2020-11-24","2023-02-16"
"O","18","21001IC04054806N","190321","100","100","0.0000","2021-03-23","2023-08-04"
"O","18","21001IC04161492N","240821","112","112","0.0000","2021-08-30","2022-10-21"
"O","18","21001IC04245806P","131221","148","146","2","2021-12-17","2024-09-09"
"O","18","21001IC05014592M","280621","113","113","0.0000","2021-06-30","2024-08-26"
"O","18","22001IC04105136H","160522","150","148","2","2022-05-20","2025-04-22"
"O","18","22001IC05023281X","260922","175","134","41","2022-09-26","2025-04-07"
"O","18","23001IC04049866C","280323","250","10","240","2023-03-30","2023-09-21"
"O","18","23001IC04174792W","181023","516","326","190","2023-10-27","2024-12-20"
"O","19","11001IC04236558S","231111","195","195","0.0000","2011-11-29","2013-05-10"
"O","19","13001IC04101121","220513","197","197","0.0000","2013-05-23","2013-10-22"
"O","19","14001IC04241965T","20115","999","999","0.0000","2015-01-05","2017-10-25"
"O","19","15001IC04067656A","10415","204","204","0.0000","2015-04-15","2019-06-06"
"O","19","15091IC04055318B","91015","200","200","0.0000","2015-10-14","2020-08-03"
"O","19","19001IC04015932R","240119","296","297","-1","2019-01-28","2021-07-29"
"O","19","20001IC04111282E","200720","283","283","0.0000","2020-07-23","2022-02-04"
"O","19","20001IC04192939W","181120","173","174","-1","2020-11-24","2022-08-24"
"O","19","21001IC04054806N","190321","100","99","1","2021-03-23","2023-03-08"
"O","19","21001IC04161492N","240821","93","93","0.0000","2021-08-30","2023-07-19"
"O","19","21001IC04245806P","131221","148","127","21","2021-12-17","2025-04-22"
"O","19","21001IC05014592M","280621","103","103","0.0000","2021-06-30","2023-07-25"
"O","19","22001IC04105136H","160522","166","38","128","2022-05-20","2023-05-05"
"O","19","22001IC05023281X","260922","152","151","1","2022-09-26","2024-06-06"
"O","19","23001IC04049866C","280323","250","134","116","2023-03-30","2024-09-27"
"O","19","23001IC04174792W","181023","509","491","18","2023-10-27","2025-04-07"
"O","20","11001IC04199085V","61011","503","503","0.0000","2011-10-11","2013-05-10"
"O","20","13001IC04101121","220513","397","397","0.0000","2013-05-23","2013-12-12"
"O","20","14001IC04026899D","100214","1000","1000","0.0000","2014-02-10","2016-06-21"
"O","20","14001IC04241965T","20115","310","310","0.0000","2015-01-05","2017-08-25"
"O","20","15001IC04067656A","10415","506","506","0.0000","2015-04-15","2019-10-02"
"O","20","15091IC04055318B","91015","193","193","0.0000","2015-10-14","2020-09-18"
"O","20","19001IC04015932R","240119","305","305","0.0000","2019-01-28","2020-10-07"
"O","20","19001IC04158500Z","60919","528","529","-1","2019-09-11","2022-02-03"
"O","20","20001IC04111282E","200720","269","268","1","2020-07-23","2023-06-07"
"O","20","20001IC04192939W","181120","176","176","0.0000","2020-11-24","2022-08-10"
"O","20","21001IC04054806N","190321","152","153","-1","2021-03-23","2022-08-12"
"O","20","21001IC04161492N","240821","150","150","0.0000","2021-08-30","2023-09-21"
"O","20","21001IC04245806P","131221","149","148","1","2021-12-17","2024-01-10"
"O","20","21001IC05014592M","280621","150","150","0.0000","2021-06-30","2024-09-26"
"O","20","22001IC04105136H","160522","168","168","0.0000","2022-05-20","2025-04-22"
"O","20","22001IC05023281X","260922","176","174","2","2022-09-26","2025-01-03"
"O","20","23001IC04049866C","280323","250","130","120","2023-03-30","2025-04-07"
"O","20","23001IC04174792W","181023","528","20","508","2023-10-27","2023-11-06"
"O","21","11001IC04199085V","61011","674","674","0.0000","2011-10-11","2013-10-22"
"O","21","14001IC04026899D","100214","1006","1006","0.0000","2014-02-10","2017-06-06"
"O","21","14001IC04241965T","20115","304","304","0.0000","2015-01-05","2019-02-15"
"O","21","15001IC04067656A","10415","490","490","0.0000","2015-04-15","2022-08-11"
"O","21","15091IC04055318B","91015","206","208","-2","2015-10-14","2021-07-29"
"O","21","16001IC04087468E","80916","94","104","-10","2016-09-12","2020-12-03"
"O","21","19001IC04015932R","240119","304","304","0.0000","2019-01-28","2022-10-21"
"O","21","19001IC04158500Z","60919","738","193","545","2019-09-11","2023-05-17"
"O","21","20001IC04111282E","200720","269","85","184","2020-07-23","2022-04-18"
"O","21","20001IC04192939W","181120","178","45","133","2020-11-24","2024-12-17"
"O","21","21001IC04054806N","190321","152","152","0.0000","2021-03-23","2024-10-09"
"O","21","21001IC04161492N","240821","150","149","1","2021-08-30","2023-08-08"
"O","21","21001IC04245806P","131221","150","64","86","2021-12-17","2025-04-22"
"O","21","21001IC05014592M","280621","150","150","0.0000","2021-06-30","2024-01-23"
"O","21","22001IC04105136H","160522","160","160","0.0000","2022-05-20","2024-05-29"
"O","21","22001IC05023281X","260922","140","140","0.0000","2022-09-26","2024-11-21"
"O","21","23001IC04049866C","280323","300","0.0000","300","2023-03-30","2023-03-30"
"O","21","23001IC04174792W","181023","511","33","478","2023-10-27","2025-03-13"
"O","22","11001IC04199085V","61011","504","504","0.0000","2011-10-11","2013-05-10"
"O","22","14001IC04026899D","100214","809","809","0.0000","2014-02-10","2024-09-24"
"O","22","14001IC04241965T","20115","992","133","859","2015-01-05","2024-06-11"
"O","22","15001IC04067656A","10415","310","8","302","2015-04-15","2020-11-02"
"O","22","15091IC04055318B","91015","304","127","177","2015-10-14","2023-09-01"
"O","22","16001IC04087468E","80916","81","79","2","2016-09-12","2020-12-16"
"O","22","19001IC04015932R","240119","307","35","272","2019-01-28","2021-08-13"
"O","22","19001IC04158500Z","60919","720","32","688","2019-09-11","2021-12-02"
"O","22","20001IC04111282E","200720","275","13","262","2020-07-23","2022-05-11"
"O","22","20001IC04192939W","181120","179","0.0000","179","2020-11-24","2020-11-24"
"O","22","21001IC04054806N","190321","169","54","115","2021-03-23","2023-02-16"
"O","22","21001IC04161492N","240821","150","39","111","2021-08-30","2023-09-12"
"O","22","21001IC04245806P","131221","100","100","0.0000","2021-12-17","2024-06-07"
"O","22","21001IC05014592M","280621","149","69","80","2021-06-30","2025-04-22"
"O","22","22001IC04105136H","160522","147","146","1","2022-05-20","2025-02-06"
"O","22","22001IC05023281X","260922","112","4","108","2022-09-26","2022-11-07"
"O","22","23001IC04049866C","280323","300","0.0000","300","2023-03-30","2023-03-30"
"O","22","23001IC04174792W","181023","292","13","279","2023-10-27","2024-12-20"
"O","23","14001IC04241965T","20115","208","208","0.0000","2015-01-05","2022-05-11"
"O","23","15001IC04067656A","10415","295","294","1","2015-04-15","2023-07-14"
"O","23","15091IC04055318B","91015","204","58","146","2015-10-14","2024-06-06"
"O","23","17001IC04058927D","290317","96","96","0.0000","2017-04-04","2024-06-26"
"O","23","23001IC04049866C","280323","100","52","48","2023-03-30","2025-01-27"
"O","23","23001IC04174792W","181023","110","15","95","2023-10-27","2024-12-20"
"O","24","14001IC04241965T","20115","1005","432","573","2015-01-05","2024-07-15"
"O","24","15091IC04055318B","91015","208","12","196","2015-10-14","2022-10-17"
"O","24","16001IC04087468E","80916","100","99","1","2016-09-12","2025-04-22"
"O","24","23001IC04049866C","280323","100","0.0000","100","2023-03-30","2023-03-30"
"O","24","23001IC04174792W","181023","89","10","79","2023-10-27","2024-12-20"
"O","25","23001IC04049866C","280323","100","99","1","2023-03-30","2024-06-25"
"O","25","23001IC04174792W","181023","110","90","20","2023-10-27","2025-04-14"
"O","26","15091IC04055318B","91015","400","399","1","2015-10-14","2021-12-06"
"O","26","16001IC04087468E","80916","95","95","0.0000","2016-09-12","2024-04-23"
"O","26","21001IC04054806N","190321","152","151","1","2021-03-23","2024-07-10"
"O","26","21001IC04161492N","240821","152","36","116","2021-08-30","2024-06-11"
"O","26","21001IC04245806P","131221","115","57","58","2021-12-17","2025-04-07"
"O","26","21001IC05014592M","280621","152","5","147","2021-06-30","2022-04-04"
"O","26","23001IC04049866C","280323","100","10","90","2023-03-30","2025-04-14"
"O","26","23001IC04174792W","181023","112","6","106","2023-10-27","2024-05-24"
"O","27","21001IC04054806N","190321","150","150","0.0000","2021-03-23","2025-02-26"
"O","27","21001IC04161492N","240821","152","42","110","2021-08-30","2025-03-14"
"O","27","21001IC04245806P","131221","115","10","105","2021-12-17","2024-05-29"
"O","27","21001IC05014592M","280621","152","0.0000","152","2021-06-30","2021-06-30"
"O","27","23001IC04049866C","280323","100","83","17","2023-03-30","2025-04-22"
"O","27","23001IC04174792W","181023","107","0.0000","107","2023-10-27","2023-10-27"
"O","28","21001IC04054806N","190321","220","99","121","2021-03-23","2024-01-16"
"O","28","21001IC04161492N","240821","300","22","278","2021-08-30","2023-09-13"
"O","28","21001IC04245806P","131221","110","104","6","2021-12-17","2025-04-07"
"O","28","21001IC05014592M","280621","300","18","282","2021-06-30","2025-03-17"
"O","28","22001IC04105136H","160522","176","10","166","2022-05-20","2023-04-10"
"O","28","22001IC05023281X","260922","114","0.0000","114","2022-09-26","2022-09-26"
"O","28","23001IC04049866C","280323","200","0.0000","200","2023-03-30","2023-03-30"
"O","28","23001IC04174792W","181023","219","4","215","2023-10-27","2024-07-04"
"O","29","21001IC04054806N","190321","240","103","137","2021-03-23","2024-04-04"
"O","29","21001IC04161492N","240821","290","8","282","2021-08-30","2023-05-24"
"O","29","21001IC04245806P","131221","112","83","29","2021-12-17","2025-02-26"
"O","29","21001IC05014592M","280621","290","7","283","2021-06-30","2025-03-17"
"O","29","22001IC04105136H","160522","130","20","110","2022-05-20","2023-11-06"
"O","29","22001IC05023281X","260922","100","15","85","2022-09-26","2025-04-07"
"O","29","23001IC04049866C","280323","200","10","190","2023-03-30","2025-03-10"
"O","29","23001IC04174792W","181023","220","5","215","2023-10-27","2024-11-07"
"O","34","22001IC04105136H","160522","176","34","142","2022-05-20","2025-03-17"
"O","34","22001IC05023281X","260922","112","97","15","2022-09-26","2025-03-10"
"O","34","23001IC04049866C","280323","50","50","0.0000","2023-03-30","2025-01-16"
"O","35","22001IC04105136H","160522","100","30","70","2022-05-20","2022-10-17"
"O","35","22001IC05023281X","260922","100","74","26","2022-09-26","2025-03-25"
"O","35","23001IC04049866C","280323","50","50","0.0000","2023-03-30","2024-09-25"
"O","39","19001IC04158500Z","60919","352","56","296","2019-09-11","2023-02-07"
"O","39","20001IC04111282E","200720","86","10","76","2020-07-23","2022-02-07"
"O","39","20001IC04192939W","181120","86","0.0000","86","2020-11-24","2020-11-24"
"O","39","21001IC04054806N","190321","115","8","107","2021-03-23","2023-03-01"
"O","39","21001IC04161492N","240821","35","21","14","2021-08-30","2024-09-09"
"O","39","21001IC04245806P","131221","112","0.0000","112","2021-12-17","2021-12-17"
"O","39","21001IC05014592M","280621","50","0.0000","50","2021-06-30","2021-06-30"
"O","39","22001IC04105136H","160522","132","11","121","2022-05-20","2024-04-25"
"O","39","22001IC05023281X","260922","112","0.0000","112","2022-09-26","2022-09-26"
"O","39","23001IC04049866C","280323","50","10","40","2023-03-30","2024-11-21"
"O","40","21001IC04245806P","131221","114","32","82","2021-12-17","2024-09-09"
"O","40","22001IC04105136H","160522","132","0.0000","132","2022-05-20","2022-05-20"
"O","40","22001IC05023281X","260922","112","10","102","2022-09-26","2023-03-17"
"O","40","23001IC04049866C","280323","50","46","4","2023-03-30","2025-02-28"
"O","41","21001IC04245806P","131221","110","31","79","2021-12-17","2025-02-28"
"O","41","22001IC04105136H","160522","148","3","145","2022-05-20","2023-07-04"
"O","41","22001IC05023281X","260922","106","20","86","2022-09-26","2023-05-22"
"O","41","23001IC04049866C","280323","50","10","40","2023-03-30","2024-11-26"
"O","42","21001IC04245806P","131221","110","38","72","2021-12-17","2024-10-23"
"O","42","22001IC04105136H","160522","100","0.0000","100","2022-05-20","2022-05-20"
"O","42","22001IC05023281X","260922","100","2","98","2022-09-26","2023-05-08"
"O","42","23001IC04049866C","280323","50","5","45","2023-03-30","2025-02-28"
"O","43","21001IC04245806P","131221","112","31","81","2021-12-17","2025-02-28"
"O","43","22001IC04105136H","160522","105","0.0000","105","2022-05-20","2022-05-20"
"O","43","22001IC05023281X","260922","100","0.0000","100","2022-09-26","2022-09-26"
"O","43","23001IC04049866C","280323","50","14","36","2023-03-30","2025-01-22"
"O","47","21001IC04245806P","131221","110","20","90","2021-12-17","2024-12-02"
"O","47","22001IC04105136H","160522","98","0.0000","98","2022-05-20","2022-05-20"
"O","47","22001IC05023281X","260922","110","0.0000","110","2022-09-26","2022-09-26"
"O","47","23001IC04049866C","280323","50","48","2","2023-03-30","2025-01-09"
"O","48","13001IC04101121","220513","204","204","0.0000","2013-05-23","2015-06-29"
"O","48","14001IC04026899D","100214","100","100","0.0000","2014-02-10","2014-09-17"
"O","48","21001IC04245806P","131221","108","108","0.0000","2021-12-17","2025-01-09"
"O","48","22001IC04105136H","160522","114","0.0000","114","2022-05-20","2022-05-20"
"O","48","22001IC05023281X","260922","108","0.0000","108","2022-09-26","2022-09-26"
"O","48","23001IC04049866C","280323","50","8","42","2023-03-30","2025-04-03"
"O","49","11001IC04199085V","61011","202","202","0.0000","2011-10-11","2023-02-07"
"O","49","11001IC04236558S","231111","104","104","0.0000","2011-11-29","2014-03-17"
"O","49","13001IC04101121","220513","100","100","0.0000","2013-05-23","2017-10-25"
"O","49","14001IC04026899D","100214","101","102","-1","2014-02-10","2016-08-10"
"O","49","14001IC04241965T","20115","508","283","225","2015-01-05","2025-02-28"
"O","49","19001IC04158500Z","60919","286","24","262","2019-09-11","2023-06-26"
"O","50","11001IC04199085V","61011","204","204","0.0000","2011-10-11","2014-06-19"
"O","50","11001IC04236558S","231111","99","99","0.0000","2011-11-29","2016-07-21"
"O","50","13001IC04101121","220513","102","102","0.0000","2013-05-23","2022-09-05"
"O","50","14001IC04026899D","100214","104","50","54","2014-02-10","2025-01-09"
"O","50","14001IC04241965T","20115","500","43","457","2015-01-05","2016-09-15"
"O","50","21001IC04245806P","131221","108","0.0000","108","2021-12-17","2021-12-17"
"O","50","22001IC04105136H","160522","120","3","117","2022-05-20","2022-08-11"
"O","50","22001IC05023281X","260922","106","0.0000","106","2022-09-26","2022-09-26"
"O","50","23001IC04049866C","280323","50","16","34","2023-03-30","2025-02-28"
"O","51","11001IC04199085V","61011","206","209","-3","2011-10-11","2021-07-29"
"O","51","11001IC04236558S","231111","104","105","-1","2011-11-29","2014-09-17"
"O","51","13001IC04101121","220513","102","52","50","2013-05-23","2025-02-26"
"O","51","14001IC04026899D","100214","101","5","96","2014-02-10","2019-11-13"
"O","52","13001IC04101121","220513","203","206","-3","2013-05-23","2018-05-16"
"O","52","14001IC04026899D","100214","99","100","-1","2014-02-10","2014-09-17"
"O","60","16001IC04087468E","80916","103","28","75","2016-09-12","2021-07-16"
"O","62","16001IC04087468E","80916","103","27","76","2016-09-12","2024-04-30"
"O","63","16001IC04087468E","80916","100","18","82","2016-09-12","2024-04-30"
"O","64","16001IC04087468E","80916","104","24","80","2016-09-12","2020-09-22"
"O","72","19001IC04158500Z","60919","50","26","24","2019-09-11","2025-01-20"
"O","72","21001IC04245806P","131221","50","0.0000","50","2021-12-17","2021-12-17"
"O","72","22001IC04105136H","160522","49","0.0000","49","2022-05-20","2022-05-20"
"O","72","22001IC05023281X","260922","50","0.0000","50","2022-09-26","2022-09-26"
"O","73","19001IC04158500Z","60919","52","25","27","2019-09-11","2025-01-20"
"O","74","19001IC04158500Z","60919","49","28","21","2019-09-11","2025-01-20"
"O","74","21001IC04245806P","131221","50","0.0000","50","2021-12-17","2021-12-17"
"O","74","22001IC04105136H","160522","50","0.0000","50","2022-05-20","2022-05-20"
"O","74","22001IC05023281X","260922","49","0.0000","49","2022-09-26","2022-09-26"
"O","75","19001IC04158500Z","60919","48","25","23","2019-09-11","2024-11-26"
"O","76","19001IC04158500Z","60919","48","5","43","2019-09-11","2022-02-16"
"O","76","21001IC04245806P","131221","50","0.0000","50","2021-12-17","2021-12-17"
"O","76","22001IC04105136H","160522","50","0.0000","50","2022-05-20","2022-05-20"
"O","76","22001IC05023281X","260922","50","10","40","2022-09-26","2024-04-30"
"PISO","1","11001IC04112001R","200711","10","10","0.0000","2011-07-20","2011-08-12"
"PISO","1","11001IC04231236G","161111","600","650","-50","2011-11-18","2011-12-05"
"PISO","1","12001IC04056356P","130412","900","900","0.0000","2012-04-13","2012-05-24"
"PISO","1","12001IC04132651X","60812","1200","1200","0.0000","2012-08-13","2013-01-11"
"PISO","1","12001IC05031798T","31212","1000","1000","0.0000","2012-12-03","2013-03-05"
"PISO","1","13001IC04000922E","70113","1000","1000","0.0000","2013-01-08","2013-06-28"
"PISO","1","13001IC04048954V","70313","800","800","0.0000","2013-03-12","2013-09-20"
"PISO","1","13001IC04130414E","30713","1000","1000","0.0000","2013-07-10","2013-11-22"
"PISO","1","13001IC05027647S","181013","500","500","0.0000","2013-10-21","2014-02-11"
"PISO","1","14001IC04083392R","50514","800","800","0.0000","2014-05-09","2014-08-14"
"PISO","1","14001IC04148123L","60814","1750","1750","0.0000","2014-08-13","2014-12-31"
"PISO","1","14001IC05001129G","240114","500","520","-20","2014-01-16","2014-05-14"
"PISO","1","14001IC05027190M","241014","1200","1200","0.0000","2014-11-03","2015-02-27"
"PISO","1","15001IC04003456L","70115","1200","1200","0.0000","2015-01-15","2015-05-29"
"PISO","1","15091IC04012771U","100615","800","800","0.0000","2015-06-15","2015-10-23"
"PISO","1","15091IC04076460C","181215","1000","1000","0.0000","2015-12-28","2017-02-24"
"PISO","1","15092IC05009383E","210915","900","900","0.0000","2015-09-24","2016-04-07"
"PISO","1","16001IC04156264S","201216","800","800","0.0000","2016-12-26","2017-10-06"
"PISO","1","16001IC05002338L","260516","800","800","0.0000","2016-06-01","2017-05-03"
"PISO","1","17001IC04020410C","310117","1500","1500","0.0000","2017-02-06","2018-03-01"
"PISO","1","17001IC04159195C","140817","1600","1598","2","2017-08-17","2018-12-20"
"PISO","1","18001IC04220991T","101018","1200","1200","0.0000","2018-10-16","2019-07-15"
"PISO","1","18001IC05000626L","80118","1300","1300","0.0000","2018-01-11","2019-04-26"
"PISO","1","19001IC04056406S","40419","2000","2000","0.0000","2019-04-08","2020-07-07"
"PISO","1","19001IC04157537C","50919","2000","2000","0.0000","2019-09-13","2021-03-31"
"PISO","1","20001IC04074759V","130520","1750","1755","-5","2020-06-22","2025-03-12"
"PISO","1","21001IC04024950K","50221","2300","2295","5","2021-02-12","2023-02-23"
"PISO","1","21001IC04203983P","191021","2000","2000","0.0000","2021-10-28","2025-03-27"
"PISO","1","22001IC04153188R","190722","1300","490","810","2022-07-29","2025-04-29"
"PISO","1","22001IC04270312G","60123","150","150","0.0000","2023-01-06","2023-04-20"
"PISO","2","10001IC05021807H","200711","10","10","0.0000","2011-07-20","2012-03-23"
"PISO","2","17001IC04020410C","310117","1800","1860","-60","2017-02-06","2017-05-31"
"PISO","2","17001IC04159195C","140817","1700","1700","0.0000","2017-08-17","2019-08-22"
"PISO","2","18001IC04220991T","101018","2500","2500","0.0000","2018-10-16","2019-05-16"
"PISO","2","18001IC05000626L","80118","2500","2500","0.0000","2018-01-11","2018-10-16"
"PISO","2","19001IC04056406S","40419","1800","1800","0.0000","2019-04-08","2020-06-03"
"PISO","2","19001IC04157537C","50919","2200","2200","0.0000","2019-09-13","2021-03-31"
"PISO","2","20001IC04074759V","130520","2200","2200","0.0000","2020-06-22","2022-08-16"
"PISO","2","21001IC04024950K","50221","2200","2200","0.0000","2021-02-12","2022-10-28"
"PISO","2","21001IC04203983P","191021","2400","2405","-5","2021-10-28","2025-03-12"
"PISO","2","22001IC04153188R","190722","1800","1045","755","2022-07-29","2025-04-29"
"PISO","2","22001IC04270312G","60123","250","250","0.0000","2023-01-06","2023-03-28"
"PISO","3","17001IC04020410C","310117","1800","1845","-45","2017-02-06","2018-01-03"
"PISO","3","17001IC04159195C","140817","1700","1700","0.0000","2017-08-17","2018-07-27"
"PISO","3","18001IC04220991T","101018","1700","1700","0.0000","2018-10-16","2019-07-31"
"PISO","3","18001IC05000626L","80118","1350","1350","0.0000","2018-01-11","2018-11-12"
"PISO","3","19001IC04056406S","40419","2000","2000","0.0000","2019-04-08","2020-08-25"
"PISO","3","19001IC04157537C","50919","1500","1500","0.0000","2019-09-13","2021-08-24"
"PISO","3","20001IC04074759V","130520","1700","1705","-5","2020-06-22","2023-07-20"
"PISO","3","21001IC04024950K","50221","1700","1575","125","2021-02-12","2025-04-03"
"PISO","3","21001IC04203983P","191021","2000","90","1910","2021-10-28","2023-11-24"
"PISO","3","22001IC04153188R","190722","1200","10","1190","2022-07-29","2023-05-31"
"PISO","3","22001IC04270312G","60123","130","130","0.0000","2023-01-06","2023-04-10"
"PISO","4","17001IC04020410C","310117","1600","1600","0.0000","2017-02-06","2018-01-03"
"PISO","4","17001IC04159195C","140817","1700","1700","0.0000","2017-08-17","2019-03-21"
"PISO","4","18001IC04220991T","101018","600","600","0.0000","2018-10-16","2021-03-31"
"PISO","4","18001IC05000626L","80118","1350","1350","0.0000","2018-01-11","2021-11-10"
"PISO","4","19001IC04056406S","40419","500","500","0.0000","2019-04-08","2019-05-02"
"PISO","4","19001IC04157537C","50919","700","700","0.0000","2019-09-13","2022-08-30"
"PISO","4","20001IC04074759V","130520","700","700","0.0000","2020-06-22","2024-12-30"
"PISO","4","21001IC04024950K","50221","300","280","20","2021-02-12","2025-03-19"
"PISO","4","22001IC04153188R","190722","600","600","0.0000","2022-07-29","2023-07-12"
"PISO","4","22001IC04270312G","60123","100","100","0.0000","2023-01-06","2023-06-27"
"PISO","5","11001IC04085686W","200711","600","600","0.0000","2011-07-20","2011-10-31"
"REJ","1","19001IC04201453M","111119","40","40","0.0000","2019-11-13","2020-02-21"
"REJ","2","19001IC04201453M","111119","50","50","0.0000","2019-11-13","2019-11-14"
"REJ","2","20001IC04113277K","220720","150","140","10","2020-07-28","2022-07-04"
"REJ","2","20001IC05025244H","221220","230","228","2","2020-12-31","2024-09-27"
"REJ","2","21001IC04203945N","191021","200","200","0.0000","2021-10-27","2021-11-08"
"REJ","2","22001IC05005447M","80322","150","140","10","2022-03-17","2024-07-31"
"REJ","2","23001IC04018740M","10223","150","150","0.0000","2023-02-06","2023-02-15"
"REJ","2","24001IC04077391U","220524","200","147","53","2024-05-28","2025-04-15"
"REJ","3","19001IC04201453M","111119","12","12","0.0000","2019-11-13","2020-02-21"
"REJ","4","19001IC04201453M","111119","6","6","0.0000","2019-11-13","2020-02-21"
"REJ","4","20001IC05025244H","221220","20","20","0.0000","2020-12-31","2021-04-28"
"REJ","5","23001IC04018740M","10223","100","100","0.0000","2023-02-06","2023-02-06"
"REJGR","1","24001IC04077391U","220524","100","100","0.0000","2024-05-28","2024-06-03"
"GPS","0201","24001IC04124573P","160824","1760","33","1727","2024-08-16","2024-10-21"
"GPS","0301","24001IC04124573P","160824","6000","152","5848","2024-08-16","2025-04-23"
"GPS","0401","24001IC04124573P","160824","6400","0.0000","6400","2024-08-16","2024-08-16"
"GPS","0501","24001IC04124573P","160824","5600","156","5444","2024-08-16","2024-09-04"
"GPS","0601","24001IC04124573P","160824","4320","0.0000","4320","2024-08-16","2024-08-16"
"GPS","0801","24001IC04124573P","160824","256","284","-28","2024-08-16","2025-04-17"
"GPS","1001","24001IC04124573P","160824","640","332","308","2024-08-16","2025-04-17"
"MRIE","12","24001IC04200210V","31224","2000","1000","1000","2024-12-06","2024-12-30"
"MRIE","19","24001IC04200210V","31224","500","500","0.0000","2024-12-06","2024-12-30"
"CORTN","200","24001IC04200210V","31224","500","500","0.0000","2024-12-06","2024-12-30"
"CORBT","200","24001IC04200210V","31224","1000","1000","0.0000","2024-12-06","2024-12-10"
"MROJO","10","24001IC04200210V","31224","750","0.0000","750","2024-12-06","2024-12-06"
"MROJO","13","24001IC04200210V","31224","250","100","150","2024-12-06","2025-01-14"
"MROJO","25","24001IC04200210V","31224","250","150","100","2024-12-06","2025-01-22"
"MTRAN","6","24001IC04200210V","31224","250","50","200","2024-12-06","2025-02-21"
"MTRAN","8","24001IC04200210V","31224","500","75","425","2024-12-06","2025-02-26"
"MTRAN","10","24001IC04200210V","31224","250","50","200","2024-12-06","2025-02-21"
"MTRAN","13","24001IC04200210V","31224","250","275","-25","2024-12-06","2025-03-13"
"MTRAN","19","24001IC04200210V","31224","250","200","50","2024-12-06","2025-02-26"
"MTRAN","25","24001IC04200210V","31224","1000","100","900","2024-12-06","2025-01-07"
"MTRAN","32","24001IC04200210V","31224","300","0.0000","300","2024-12-06","2024-12-06"
"MTRAN","38","24001IC04200210V","31224","300","0.0000","300","2024-12-06","2024-12-06"
"MTRAN","45","24001IC04200210V","31224","500","500","0.0000","2024-12-06","2024-12-09"
"MTRAN","50","24001IC04200210V","31224","1000","300","700","2024-12-06","2024-12-09"
"MPLA","25","24001IC04200210V","31224","400","100","300","2024-12-06","2025-01-02"
"MPLA","32","24001IC04200210V","31224","800","400","400","2024-12-06","2024-12-10"
"MPLA","38","24001IC04200210V","31224","1000","600","400","2024-12-06","2024-12-10"
"MPLA","51","24001IC04200210V","31224","1000","400","600","2024-12-06","2024-12-10"
"MPLA","64","24001IC04200210V","31224","1500","0.0000","1500","2024-12-06","2024-12-06"
"MPLA","76","24001IC04200210V","31224","1000","600","400","2024-12-06","2024-12-10"
"MPLA","100","24001IC04200210V","31224","500","0.0000","500","2024-12-06","2024-12-06"
"MPLA","127","24001IC04200210V","31224","300","0.0000","300","2024-12-06","2024-12-06"
"MPLA","152","24001IC04200210V","31224","300","300","0.0000","2024-12-06","2025-02-10"
"MALAM","19","24001IC04200210V","31224","250","0.0000","250","2024-12-06","2024-12-06"
"MALAM","45","24001IC04200210V","31224","250","250","0.0000","2024-12-06","2025-02-26"
"MALAM","50","24001IC04200210V","31224","250","150","100","2024-12-06","2025-02-26"
"MAGUA","32","24001IC04200210V","31224","450","0.0000","450","2024-12-06","2024-12-06"
"MAGUA","38","24001IC04200210V","31224","1200","930","270","2024-12-06","2025-04-22"
"MAGUA","51","24001IC04200210V","31224","150","150","0.0000","2024-12-06","2025-04-17"
"MAGUA","45","24001IC04200210V","31224","520","520","0.0000","2024-12-06","2024-12-09"
"REJ","2","24001IC04200210V","31224","100","75","25","2024-12-06","2024-12-27"
"REJGR","1","24001IC04200210V","31224","150","150","0.0000","2024-12-06","2024-12-10"
"REJGR","2","24001IC04200210V","31224","100","100","0.0000","2024-12-06","2024-12-10"
"MFP","6","24001IC04200210V","31224","500","150","350","2024-12-06","2025-04-16"
"MFP","8","24001IC04200210V","31224","3000","0.0000","3000","2024-12-06","2024-12-06"
"MFP","10","24001IC04200210V","31224","2500","50","2450","2024-12-06","2025-03-10"
"MFP","13","24001IC04200210V","31224","3000","0.0000","3000","2024-12-06","2024-12-06"
"MFP","16","24001IC04200210V","31224","250","50","200","2024-12-06","2025-02-21"
"MFP","19","24001IC04200210V","31224","1500","0.0000","1500","2024-12-06","2024-12-06"
"MFP","25","24001IC04200210V","31224","250","100","150","2024-12-06","2025-04-24"
"MOP","6","24001IC04200210V","31224","1500","0.0000","1500","2024-12-06","2024-12-06"
"MOP","8","24001IC04200210V","31224","2500","0.0000","2500","2024-12-06","2024-12-06"
"MOP","10","24001IC04200210V","31224","2000","0.0000","2000","2024-12-06","2024-12-06"
"MOP","13","24001IC04200210V","31224","1500","0.0000","1500","2024-12-06","2024-12-06"
"MOP","16","24001IC04200210V","31224","150","150","0.0000","2024-12-06","2025-04-16"
"MOP","19","24001IC04200210V","31224","600","0.0000","600","2024-12-06","2024-12-06"
"MOP","25","24001IC04200210V","31224","300","0.0000","300","2024-12-06","2024-12-06"
"MAREN","19","24001IC04200210V","31224","300","0.0000","300","2024-12-06","2024-12-06"
"MAREN","25","24001IC04200210V","31224","300","0.0000","300","2024-12-06","2024-12-06"
"MAREN","32","24001IC04200210V","31224","100","0.0000","100","2024-12-06","2024-12-06"
"PISO","4","25001IC04026949B","40225","500","0.0000","500","2025-02-17","2025-02-17"
"PISO","3","25001IC04026949B","40225","1200","10","1190","2025-02-17","2025-04-22"
"PISO","2","25001IC04026949B","40225","2500","20","2480","2025-02-17","2025-04-03"
"PISO","1","25001IC04026949B","40225","2300","0.0000","2300","2025-02-17","2025-02-17"
"A","18","25001IC04066997X","310325","100","0.0000","100","2025-04-01","2025-04-01"
"A","19","25001IC04066997X","310325","100","0.0000","100","2025-04-01","2025-04-01"
"A","20","25001IC04066997X","310325","100","0.0000","100","2025-04-01","2025-04-01"
"A","21","25001IC04066997X","310325","100","0.0000","100","2025-04-01","2025-04-01"
"A","22","25001IC04066997X","310325","100","18","82","2025-04-01","2025-04-11"
"A","23","25001IC04066997X","310325","100","0.0000","100","2025-04-01","2025-04-01"
"A","24","25001IC04066997X","310325","200","15","185","2025-04-01","2025-04-10"
"A","25","25001IC04066997X","310325","200","0.0000","200","2025-04-01","2025-04-01"
"A","26","25001IC04066997X","310325","300","0.0000","300","2025-04-01","2025-04-01"
"A","27","25001IC04066997X","310325","300","0.0000","300","2025-04-01","2025-04-01"
"A","28","25001IC04066997X","310325","500","0.0000","500","2025-04-01","2025-04-01"
"A","29","25001IC04066997X","310325","100","0.0000","100","2025-04-01","2025-04-01"
"A","30","25001IC04066997X","310325","1000","0.0000","1000","2025-04-01","2025-04-01"
"A","31","25001IC04066997X","310325","800","4","796","2025-04-01","2025-04-22"
"A","32","25001IC04066997X","310325","1200","4","1196","2025-04-01","2025-04-22"
"A","33","25001IC04066997X","310325","500","110","390","2025-04-01","2025-04-09"
"A","34","25001IC04066997X","310325","500","58","442","2025-04-01","2025-04-09"
"A","35","25001IC04066997X","310325","500","0.0000","500","2025-04-01","2025-04-01"
"A","36","25001IC04066997X","310325","200","0.0000","200","2025-04-01","2025-04-01"
"A","37","25001IC04066997X","310325","200","4","196","2025-04-01","2025-04-22"
"A","38","25001IC04066997X","310325","1000","0.0000","1000","2025-04-01","2025-04-01"
"A","39","25001IC04066997X","310325","500","0.0000","500","2025-04-01","2025-04-01"
"A","40","25001IC04066997X","310325","800","0.0000","800","2025-04-01","2025-04-01"
"A","41","25001IC04066997X","310325","1000","0.0000","1000","2025-04-01","2025-04-01"
"A","42","25001IC04066997X","310325","600","0.0000","600","2025-04-01","2025-04-01"
"A","43","25001IC04066997X","310325","500","0.0000","500","2025-04-01","2025-04-01"
"A","44","25001IC04066997X","310325","1000","0.0000","1000","2025-04-01","2025-04-01"
"A","45","25001IC04066997X","310325","600","0.0000","600","2025-04-01","2025-04-01"
"A","46","25001IC04066997X","310325","1200","26","1174","2025-04-01","2025-04-23"
"A","47","25001IC04066997X","310325","500","0.0000","500","2025-04-01","2025-04-01"
"A","48","25001IC04066997X","310325","500","0.0000","500","2025-04-01","2025-04-01"
"A","49","25001IC04066997X","310325","400","0.0000","400","2025-04-01","2025-04-01"
"A","50","25001IC04066997X","310325","500","0.0000","500","2025-04-01","2025-04-01"
"A","51","25001IC04066997X","310325","300","4","296","2025-04-01","2025-04-22"
"A","52","25001IC04066997X","310325","500","34","466","2025-04-01","2025-04-23"
"A","53","25001IC04066997X","310325","400","16","384","2025-04-01","2025-04-07"
"A","54","25001IC04066997X","310325","250","0.0000","250","2025-04-01","2025-04-01"
"A","55","25001IC04066997X","310325","250","0.0000","250","2025-04-01","2025-04-01"
"A","56","25001IC04066997X","310325","250","0.0000","250","2025-04-01","2025-04-01"
"A","57","25001IC04066997X","310325","200","0.0000","200","2025-04-01","2025-04-01"
"A","58","25001IC04066997X","310325","200","0.0000","200","2025-04-01","2025-04-01"
"A","59","25001IC04066997X","310325","200","0.0000","200","2025-04-01","2025-04-01"
"A","60","25001IC04066997X","310325","200","0.0000","200","2025-04-01","2025-04-01"
"A","61","25001IC04066997X","310325","200","0.0000","200","2025-04-01","2025-04-01"
"A","62","25001IC04066997X","310325","200","0.0000","200","2025-04-01","2025-04-01"
"A","63","25001IC04066997X","310325","200","0.0000","200","2025-04-01","2025-04-01"
"A","64","25001IC04066997X","310325","200","5","195","2025-04-01","2025-04-24"
"A","65","25001IC04066997X","310325","200","0.0000","200","2025-04-01","2025-04-01"
"A","66","25001IC04066997X","310325","150","2","148","2025-04-01","2025-04-03"
"A","67","25001IC04066997X","310325","100","2","98","2025-04-01","2025-04-03"
"A","68","25001IC04066997X","310325","150","2","148","2025-04-01","2025-04-22"
"A","69","25001IC04066997X","310325","100","16","84","2025-04-01","2025-04-28"
"A","70","25001IC04066997X","310325","150","2","148","2025-04-01","2025-04-03"
"A","71","25001IC04066997X","310325","100","18","82","2025-04-01","2025-04-14"
"A","72","25001IC04066997X","310325","150","12","138","2025-04-01","2025-04-07"
"A","73","25001IC04066997X","310325","100","20","80","2025-04-01","2025-04-23"
"A","74","25001IC04066997X","310325","150","0.0000","150","2025-04-01","2025-04-01"
"A","75","25001IC04066997X","310325","100","2","98","2025-04-01","2025-04-21"
"A","76","25001IC04066997X","310325","150","0.0000","150","2025-04-01","2025-04-01"
"A","77","25001IC04066997X","310325","100","10","90","2025-04-01","2025-04-23"
"A","78","25001IC04066997X","310325","150","4","146","2025-04-01","2025-04-07"
"A","79","25001IC04066997X","310325","100","0.0000","100","2025-04-01","2025-04-01"
"A","80","25001IC04066997X","310325","150","0.0000","150","2025-04-01","2025-04-01"
"A","81","25001IC04066997X","310325","100","0.0000","100","2025-04-01","2025-04-01"
"A","82","25001IC04066997X","310325","100","0.0000","100","2025-04-01","2025-04-01"
"A","83","25001IC04066997X","310325","50","0.0000","50","2025-04-01","2025-04-01"
"A","84","25001IC04066997X","310325","100","30","70","2025-04-01","2025-04-14"
"A","85","25001IC04066997X","310325","100","0.0000","100","2025-04-01","2025-04-01"
"A","86","25001IC04066997X","310325","100","0.0000","100","2025-04-01","2025-04-01"
"A","28","25001IC04066997XA","310325","592","0.0000","592","2025-04-10","2025-04-10"
"A","30","25001IC04066997XA","310325","814","2","812","2025-04-10","2025-04-22"
"A","31","25001IC04066997XA","310325","733","0.0000","733","2025-04-10","2025-04-10"
"A","32","25001IC04066997XA","310325","1190","0.0000","1190","2025-04-10","2025-04-10"
"A","33","25001IC04066997XA","310325","481","0.0000","481","2025-04-10","2025-04-10"
"A","34","25001IC04066997XA","310325","481","0.0000","481","2025-04-10","2025-04-10"
"A","35","25001IC04066997XA","310325","406","0.0000","406","2025-04-10","2025-04-10"
"A","38","25001IC04066997XA","310325","818","0.0000","818","2025-04-10","2025-04-10"
"A","39","25001IC04066997XA","310325","407","0.0000","407","2025-04-10","2025-04-10"
"A","40","25001IC04066997XA","310325","468","0.0000","468","2025-04-10","2025-04-10"
"A","41","25001IC04066997XA","310325","592","0.0000","592","2025-04-10","2025-04-10"
"A","42","25001IC04066997XA","310325","481","0.0000","481","2025-04-10","2025-04-10"
"A","43","25001IC04066997XA","310325","481","0.0000","481","2025-04-10","2025-04-10"
"A","44","25001IC04066997XA","310325","814","0.0000","814","2025-04-10","2025-04-10"
"A","45","25001IC04066997XA","310325","809","0.0000","809","2025-04-10","2025-04-10"
"A","46","25001IC04066997XA","310325","814","21","793","2025-04-10","2025-04-24"
"A","47","25001IC04066997XA","310325","304","10","294","2025-04-10","2025-04-24"
"A","48","25001IC04066997XA","310325","294","0.0000","294","2025-04-10","2025-04-10"
"A","49","25001IC04066997XA","310325","296","0.0000","296","2025-04-10","2025-04-10"
"A","50","25001IC04066997XA","310325","296","0.0000","296","2025-04-10","2025-04-10"
"A","51","25001IC04066997XA","310325","188","0.0000","188","2025-04-10","2025-04-10"
"A","52","25001IC04066997XA","310325","185","16","169","2025-04-10","2025-04-24"
"A","53","25001IC04066997XA","310325","185","19","166","2025-04-10","2025-04-29"
"A","54","25001IC04066997XA","310325","185","0.0000","185","2025-04-10","2025-04-10"
"A","55","25001IC04066997XA","310325","185","0.0000","185","2025-04-10","2025-04-10"
"A","56","25001IC04066997XA","310325","185","0.0000","185","2025-04-10","2025-04-10"
"A","57","25001IC04066997XA","310325","72","10","62","2025-04-10","2025-04-14"
"A","58","25001IC04066997XA","310325","74","0.0000","74","2025-04-10","2025-04-10"
"A","59","25001IC04066997XA","310325","74","10","64","2025-04-10","2025-04-14"
"A","60","25001IC04066997XA","310325","74","0.0000","74","2025-04-10","2025-04-10"
"A","61","25001IC04066997XA","310325","74","0.0000","74","2025-04-10","2025-04-10"
"A","62","25001IC04066997XA","310325","185","0.0000","185","2025-04-10","2025-04-10"
"A","63","25001IC04066997XA","310325","74","10","64","2025-04-10","2025-04-14"
"A","64","25001IC04066997XA","310325","185","0.0000","185","2025-04-10","2025-04-10"
"A","65","25001IC04066997XA","310325","111","10","101","2025-04-10","2025-04-14"
"A","66","25001IC04066997XA","310325","185","0.0000","185","2025-04-10","2025-04-10"
"A","68","25001IC04066997XA","310325","111","5","106","2025-04-10","2025-04-24"
"A","70","25001IC04066997XA","310325","185","18","167","2025-04-10","2025-04-29"
"A","72","25001IC04066997XA","310325","74","20","54","2025-04-10","2025-04-29"
"A","74","25001IC04066997XA","310325","74","6","68","2025-04-10","2025-04-11"
"A","76","25001IC04066997XA","310325","185","10","175","2025-04-10","2025-04-23"
"A","78","25001IC04066997XA","310325","74","0.0000","74","2025-04-10","2025-04-10"
"A","80","25001IC04066997XA","310325","74","0.0000","74","2025-04-10","2025-04-10"
"A","82","25001IC04066997XA","310325","74","0.0000","74","2025-04-10","2025-04-10"
"A","84","25001IC04066997XA","310325","72","0.0000","72","2025-04-10","2025-04-10"
"A","86","25001IC04066997XA","310325","74","0.0000","74","2025-04-10","2025-04-10"
"A","88","25001IC04066997XA","310325","74","0.0000","74","2025-04-10","2025-04-10"
"A","90","25001IC04066997XA","310325","74","0.0000","74","2025-04-10","2025-04-10"
"A","87","25001IC04066997X","310325","50","0.0000","50","2025-04-01","2025-04-01"
"A","88","25001IC04066997X","310325","50","0.0000","50","2025-04-01","2025-04-01"
"A","90","25001IC04066997X","310325","50","0.0000","50","2025-04-01","2025-04-01"
"A","92","25001IC04066997X","310325","100","14","86","2025-04-01","2025-04-16"
"A","94","25001IC04066997X","310325","100","10","90","2025-04-01","2025-04-15"
"A","96","25001IC04066997X","310325","100","0.0000","100","2025-04-01","2025-04-01"
"A","98","25001IC04066997X","310325","100","0.0000","100","2025-04-01","2025-04-01"
"A","100","25001IC04066997X","310325","100","0.0000","100","2025-04-01","2025-04-01"
"B","30","25001IC04066997X","310325","50","0.0000","50","2025-04-01","2025-04-01"
"B","33","25001IC04066997X","310325","50","18","32","2025-04-01","2025-04-28"
"B","34","25001IC04066997X","310325","50","0.0000","50","2025-04-01","2025-04-01"
"B","35","25001IC04066997X","310325","100","0.0000","100","2025-04-01","2025-04-01"
"B","36","25001IC04066997X","310325","250","0.0000","250","2025-04-01","2025-04-01"
"B","37","25001IC04066997X","310325","250","0.0000","250","2025-04-01","2025-04-01"
"B","38","25001IC04066997X","310325","500","14","486","2025-04-01","2025-04-14"
"B","39","25001IC04066997X","310325","300","0.0000","300","2025-04-01","2025-04-01"
"B","40","25001IC04066997X","310325","400","0.0000","400","2025-04-01","2025-04-01"
"B","41","25001IC04066997X","310325","400","0.0000","400","2025-04-01","2025-04-01"
"B","42","25001IC04066997X","310325","500","0.0000","500","2025-04-01","2025-04-01"
"B","43","25001IC04066997X","310325","250","2","248","2025-04-01","2025-04-03"
"B","44","25001IC04066997X","310325","400","0.0000","400","2025-04-01","2025-04-01"
"B","45","25001IC04066997X","310325","300","2","298","2025-04-01","2025-04-03"
"B","46","25001IC04066997X","310325","400","0.0000","400","2025-04-01","2025-04-01"
"B","47","25001IC04066997X","310325","300","0.0000","300","2025-04-01","2025-04-01"
"B","48","25001IC04066997X","310325","200","3","197","2025-04-01","2025-04-29"
"B","49","25001IC04066997X","310325","400","0.0000","400","2025-04-01","2025-04-01"
"B","50","25001IC04066997X","310325","300","0.0000","300","2025-04-01","2025-04-01"
"B","51","25001IC04066997X","310325","200","0.0000","200","2025-04-01","2025-04-01"
"B","52","25001IC04066997X","310325","400","20","380","2025-04-01","2025-04-23"
"B","53","25001IC04066997X","310325","300","0.0000","300","2025-04-01","2025-04-01"
"B","54","25001IC04066997X","310325","300","4","296","2025-04-01","2025-04-10"
"B","55","25001IC04066997X","310325","150","0.0000","150","2025-04-01","2025-04-01"
"B","56","25001IC04066997X","310325","400","4","396","2025-04-01","2025-04-04"
"B","57","25001IC04066997X","310325","300","0.0000","300","2025-04-01","2025-04-01"
"B","58","25001IC04066997X","310325","300","7","293","2025-04-01","2025-04-10"
"B","59","25001IC04066997X","310325","250","4","246","2025-04-01","2025-04-22"
"B","60","25001IC04066997X","310325","300","18","282","2025-04-01","2025-04-29"
"B","61","25001IC04066997X","310325","250","4","246","2025-04-01","2025-04-10"
"B","62","25001IC04066997X","310325","400","12","388","2025-04-01","2025-04-10"
"B","64","25001IC04066997X","310325","400","16","384","2025-04-01","2025-04-14"
"B","65","25001IC04066997X","310325","250","0.0000","250","2025-04-01","2025-04-01"
"B","66","25001IC04066997X","310325","400","0.0000","400","2025-04-01","2025-04-01"
"B","67","25001IC04066997X","310325","200","0.0000","200","2025-04-01","2025-04-01"
"B","68","25001IC04066997X","310325","300","7","293","2025-04-01","2025-04-10"
"B","69","25001IC04066997X","310325","150","0.0000","150","2025-04-01","2025-04-01"
"B","70","25001IC04066997X","310325","100","0.0000","100","2025-04-01","2025-04-01"
"B","72","25001IC04066997X","310325","100","17","83","2025-04-01","2025-04-22"
"B","73","25001IC04066997X","310325","50","0.0000","50","2025-04-01","2025-04-01"
"A","92","25001IC04066997XA","310325","66","0.0000","66","2025-04-10","2025-04-10"
"A","94","25001IC04066997XA","310325","66","16","50","2025-04-10","2025-04-23"
"A","96","25001IC04066997XA","310325","66","0.0000","66","2025-04-10","2025-04-10"
"A","98","25001IC04066997XA","310325","58","0.0000","58","2025-04-10","2025-04-10"
"A","100","25001IC04066997XA","310325","63","0.0000","63","2025-04-10","2025-04-10"
"B","27","25001IC04066997XA","310325","60","0.0000","60","2025-04-10","2025-04-10"
"B","28","25001IC04066997XA","310325","60","0.0000","60","2025-04-10","2025-04-10"
"B","30","25001IC04066997XA","310325","60","0.0000","60","2025-04-10","2025-04-10"
"B","33","25001IC04066997XA","310325","150","0.0000","150","2025-04-10","2025-04-10"
"B","34","25001IC04066997XA","310325","90","0.0000","90","2025-04-10","2025-04-10"
"B","35","25001IC04066997XA","310325","141","0.0000","141","2025-04-10","2025-04-10"
"B","36","25001IC04066997XA","310325","150","0.0000","150","2025-04-10","2025-04-10"
"B","37","25001IC04066997XA","310325","150","0.0000","150","2025-04-10","2025-04-10"
"B","38","25001IC04066997XA","310325","240","18","222","2025-04-10","2025-04-29"
"B","39","25001IC04066997XA","310325","150","0.0000","150","2025-04-10","2025-04-10"
"B","40","25001IC04066997XA","310325","240","0.0000","240","2025-04-10","2025-04-10"
"B","41","25001IC04066997XA","310325","210","0.0000","210","2025-04-10","2025-04-10"
"B","42","25001IC04066997XA","310325","240","34","206","2025-04-10","2025-04-29"
"B","43","25001IC04066997XA","310325","210","4","206","2025-04-10","2025-04-29"
"B","44","25001IC04066997XA","310325","240","0.0000","240","2025-04-10","2025-04-10"
"B","45","25001IC04066997XA","310325","240","0.0000","240","2025-04-10","2025-04-10"
"B","46","25001IC04066997XA","310325","240","4","236","2025-04-10","2025-04-29"
"B","47","25001IC04066997XA","310325","240","0.0000","240","2025-04-10","2025-04-10"
"B","49","25001IC04066997XA","310325","510","0.0000","510","2025-04-10","2025-04-10"
"B","50","25001IC04066997XA","310325","240","0.0000","240","2025-04-10","2025-04-10"
"B","51","25001IC04066997XA","310325","150","10","140","2025-04-10","2025-04-15"
"B","52","25001IC04066997XA","310325","210","0.0000","210","2025-04-10","2025-04-10"
"B","53","25001IC04066997XA","310325","147","0.0000","147","2025-04-10","2025-04-10"
"B","54","25001IC04066997XA","310325","150","10","140","2025-04-10","2025-04-24"
"B","55","25001IC04066997XA","310325","90","0.0000","90","2025-04-10","2025-04-10"
"B","56","25001IC04066997XA","310325","90","19","71","2025-04-10","2025-04-24"
"B","57","25001IC04066997XA","310325","90","0.0000","90","2025-04-10","2025-04-10"
"B","58","25001IC04066997XA","310325","90","43","47","2025-04-10","2025-04-28"
"B","59","25001IC04066997XA","310325","90","0.0000","90","2025-04-10","2025-04-10"
"B","60","25001IC04066997XA","310325","75","16","59","2025-04-10","2025-04-24"
"B","61","25001IC04066997XA","310325","90","9","81","2025-04-10","2025-04-24"
"B","62","25001IC04066997XA","310325","149","4","145","2025-04-10","2025-04-29"
"B","63","25001IC04066997XA","310325","89","29","60","2025-04-10","2025-04-21"
"B","64","25001IC04066997XA","310325","150","10","140","2025-04-10","2025-04-24"
"B","65","25001IC04066997XA","310325","150","0.0000","150","2025-04-10","2025-04-10"
"B","66","25001IC04066997XA","310325","150","0.0000","150","2025-04-10","2025-04-10"
"B","67","25001IC04066997XA","310325","90","6","84","2025-04-10","2025-04-24"
"B","68","25001IC04066997XA","310325","150","4","146","2025-04-10","2025-04-29"
"B","69","25001IC04066997XA","310325","90","6","84","2025-04-10","2025-04-24"
"B","70","25001IC04066997XA","310325","60","10","50","2025-04-10","2025-04-23"
"B","71","25001IC04066997XA","310325","60","15","45","2025-04-10","2025-04-14"
"B","72","25001IC04066997XA","310325","60","7","53","2025-04-10","2025-04-21"
"B","73","25001IC04066997XA","310325","60","0.0000","60","2025-04-10","2025-04-10"
"B","74","25001IC04066997X","310325","100","0.0000","100","2025-04-01","2025-04-01"
"C","32","25001IC04066997X","310325","50","0.0000","50","2025-04-01","2025-04-01"
"C","33","25001IC04066997X","310325","50","0.0000","50","2025-04-01","2025-04-01"
"C","34","25001IC04066997X","310325","50","0.0000","50","2025-04-01","2025-04-01"
"C","35","25001IC04066997X","310325","50","0.0000","50","2025-04-01","2025-04-01"
"C","43","25001IC04066997X","310325","50","0.0000","50","2025-04-01","2025-04-01"
"C","44","25001IC04066997X","310325","50","0.0000","50","2025-04-01","2025-04-01"
"C","45","25001IC04066997X","310325","50","0.0000","50","2025-04-01","2025-04-01"
"C","49","25001IC04066997X","310325","50","0.0000","50","2025-04-01","2025-04-01"
"C","50","25001IC04066997X","310325","50","11","39","2025-04-01","2025-04-24"
"C","51","25001IC04066997X","310325","50","8","42","2025-04-01","2025-04-22"
"C","52","25001IC04066997X","310325","50","34","16","2025-04-01","2025-04-28"
"C","53","25001IC04066997X","310325","50","26","24","2025-04-01","2025-04-24"
"C","54","25001IC04066997X","310325","50","22","28","2025-04-01","2025-04-29"
"C","55","25001IC04066997X","310325","50","0.0000","50","2025-04-01","2025-04-01"
"C","56","25001IC04066997X","310325","50","0.0000","50","2025-04-01","2025-04-01"
"C","57","25001IC04066997X","310325","50","0.0000","50","2025-04-01","2025-04-01"
"C","58","25001IC04066997X","310325","50","0.0000","50","2025-04-01","2025-04-01"
"C","59","25001IC04066997X","310325","50","3","47","2025-04-01","2025-04-14"
"C","60","25001IC04066997X","310325","50","10","40","2025-04-01","2025-04-23"
"C","61","25001IC04066997X","310325","100","0.0000","100","2025-04-01","2025-04-01"
"C","62","25001IC04066997X","310325","100","0.0000","100","2025-04-01","2025-04-01"
"C","63","25001IC04066997X","310325","50","0.0000","50","2025-04-01","2025-04-01"
"C","64","25001IC04066997X","310325","50","6","44","2025-04-01","2025-04-24"
"C","65","25001IC04066997X","310325","50","0.0000","50","2025-04-01","2025-04-01"
"C","66","25001IC04066997X","310325","100","0.0000","100","2025-04-01","2025-04-01"
"C","67","25001IC04066997X","310325","50","0.0000","50","2025-04-01","2025-04-01"
"C","68","25001IC04066997X","310325","100","0.0000","100","2025-04-01","2025-04-01"
"C","69","25001IC04066997X","310325","50","0.0000","50","2025-04-01","2025-04-01"
"C","70","25001IC04066997X","310325","50","0.0000","50","2025-04-01","2025-04-01"
"C","71","25001IC04066997X","310325","50","0.0000","50","2025-04-01","2025-04-01"
"C","72","25001IC04066997X","310325","50","0.0000","50","2025-04-01","2025-04-01"
"C","77","25001IC04066997X","310325","50","0.0000","50","2025-04-01","2025-04-01"
"C","78","25001IC04066997X","310325","50","0.0000","50","2025-04-01","2025-04-01"
"C","79","25001IC04066997X","310325","50","0.0000","50","2025-04-01","2025-04-01"
"C","80","25001IC04066997X","310325","100","0.0000","100","2025-04-01","2025-04-01"
"C","82","25001IC04066997X","310325","50","0.0000","50","2025-04-01","2025-04-01"
"C","83","25001IC04066997X","310325","50","0.0000","50","2025-04-01","2025-04-01"
"C","85","25001IC04066997X","310325","50","0.0000","50","2025-04-01","2025-04-01"
"C","87","25001IC04066997X","310325","50","0.0000","50","2025-04-01","2025-04-01"
"C","88","25001IC04066997X","310325","50","11","39","2025-04-01","2025-04-23"
"C","89","25001IC04066997X","310325","50","0.0000","50","2025-04-01","2025-04-01"
"C","90","25001IC04066997X","310325","100","0.0000","100","2025-04-01","2025-04-01"
"C","91","25001IC04066997X","310325","50","0.0000","50","2025-04-01","2025-04-01"
"C","92","25001IC04066997X","310325","50","0.0000","50","2025-04-01","2025-04-01"
"C","95","25001IC04066997X","310325","100","0.0000","100","2025-04-01","2025-04-01"
"C","96","25001IC04066997X","310325","50","9","41","2025-04-01","2025-04-29"
"C","98","25001IC04066997X","310325","50","6","44","2025-04-01","2025-04-23"
"B","74","25001IC04066997XA","310325","60","0.0000","60","2025-04-10","2025-04-10"
"B","75","25001IC04066997XA","310325","60","20","40","2025-04-10","2025-04-23"
"B","76","25001IC04066997XA","310325","60","0.0000","60","2025-04-10","2025-04-10"
"B","77","25001IC04066997XA","310325","60","3","57","2025-04-10","2025-04-28"
"B","78","25001IC04066997XA","310325","60","8","52","2025-04-10","2025-04-29"
"B","79","25001IC04066997XA","310325","60","0.0000","60","2025-04-10","2025-04-10"
"B","80","25001IC04066997XA","310325","60","16","44","2025-04-10","2025-04-24"
"B","81","25001IC04066997XA","310325","54","2","52","2025-04-10","2025-04-21"
"B","82","25001IC04066997XA","310325","60","10","50","2025-04-10","2025-04-21"
"B","83","25001IC04066997XA","310325","55","1","54","2025-04-10","2025-04-15"
"B","84","25001IC04066997XA","310325","60","5","55","2025-04-10","2025-04-29"
"B","85","25001IC04066997XA","310325","60","0.0000","60","2025-04-10","2025-04-10"
"B","86","25001IC04066997XA","310325","60","11","49","2025-04-10","2025-04-23"
"B","88","25001IC04066997XA","310325","60","0.0000","60","2025-04-10","2025-04-10"
"B","90","25001IC04066997XA","310325","50","8","42","2025-04-10","2025-04-24"
"B","92","25001IC04066997XA","310325","60","12","48","2025-04-10","2025-04-29"
"B","94","25001IC04066997XA","310325","60","0.0000","60","2025-04-10","2025-04-10"
"B","96","25001IC04066997XA","310325","40","0.0000","40","2025-04-10","2025-04-10"
"B","98","25001IC04066997XA","310325","40","0.0000","40","2025-04-10","2025-04-10"
"B","100","25001IC04066997XA","310325","40","0.0000","40","2025-04-10","2025-04-10"
"C","100","25001IC04066997X","310325","100","2","98","2025-04-01","2025-04-21"
"C","105","25001IC04066997X","310325","50","0.0000","50","2025-04-01","2025-04-01"
"C","110","25001IC04066997X","310325","50","0.0000","50","2025-04-01","2025-04-01"
"C","120","25001IC04066997X","310325","100","1","99","2025-04-01","2025-04-08"
"C","125","25001IC04066997X","310325","50","0.0000","50","2025-04-01","2025-04-01"
"C","130","25001IC04066997X","310325","50","1","49","2025-04-01","2025-04-29"
"C","138","25001IC04066997X","310325","100","7","93","2025-04-01","2025-04-29"
"C","160","25001IC04066997X","310325","50","10","40","2025-04-01","2025-04-23"
"C","165","25001IC04066997X","310325","50","0.0000","50","2025-04-01","2025-04-01"
"C","180","25001IC04066997X","310325","50","0.0000","50","2025-04-01","2025-04-01"
"C","190","25001IC04066997X","310325","50","0.0000","50","2025-04-01","2025-04-01"
"C","195","25001IC04066997X","310325","50","0.0000","50","2025-04-01","2025-04-01"
"C","200","25001IC04066997X","310325","50","0.0000","50","2025-04-01","2025-04-01"
"C","220","25001IC04066997X","310325","30","0.0000","30","2025-04-01","2025-04-01"
"C","300","25001IC04066997X","310325","30","0.0000","30","2025-04-01","2025-04-01"
"C","330","25001IC04066997X","310325","20","0.0000","20","2025-04-01","2025-04-01"
"O","18","25001IC04066997X","310325","100","40","60","2025-04-01","2025-04-23"
"O","19","25001IC04066997X","310325","100","0.0000","100","2025-04-01","2025-04-01"
"O","20","25001IC04066997X","310325","100","0.0000","100","2025-04-01","2025-04-01"
"O","21","25001IC04066997X","310325","100","0.0000","100","2025-04-01","2025-04-01"
"O","23","25001IC04066997X","310325","100","0.0000","100","2025-04-01","2025-04-01"
"O","24","25001IC04066997X","310325","100","0.0000","100","2025-04-01","2025-04-01"
"O","27","25001IC04066997X","310325","100","0.0000","100","2025-04-01","2025-04-01"
"O","30","25001IC04066997X","310325","50","10","40","2025-04-01","2025-04-07"
"O","31","25001IC04066997X","310325","50","6","44","2025-04-01","2025-04-03"
"O","32","25001IC04066997X","310325","50","0.0000","50","2025-04-01","2025-04-01"
"O","33","25001IC04066997X","310325","50","0.0000","50","2025-04-01","2025-04-01"
"O","34","25001IC04066997X","310325","50","0.0000","50","2025-04-01","2025-04-01"
"B","76","25001IC04066997X","310325","50","6","44","2025-04-01","2025-04-14"
"B","75","25001IC04066997X","310325","100","0.0000","100","2025-04-01","2025-04-01"
"B","77","25001IC04066997X","310325","50","0.0000","50","2025-04-01","2025-04-01"
"B","78","25001IC04066997X","310325","100","0.0000","100","2025-04-01","2025-04-01"
"B","79","25001IC04066997X","310325","50","0.0000","50","2025-04-01","2025-04-01"
"B","80","25001IC04066997X","310325","50","13","37","2025-04-01","2025-04-07"
"B","81","25001IC04066997X","310325","50","0.0000","50","2025-04-01","2025-04-01"
"B","82","25001IC04066997X","310325","100","0.0000","100","2025-04-01","2025-04-01"
"B","83","25001IC04066997X","310325","50","3","47","2025-04-01","2025-04-07"
"B","84","25001IC04066997X","310325","50","0.0000","50","2025-04-01","2025-04-01"
"B","85","25001IC04066997X","310325","100","6","94","2025-04-01","2025-04-04"
"B","86","25001IC04066997X","310325","100","18","82","2025-04-01","2025-04-03"
"B","87","25001IC04066997X","310325","50","0.0000","50","2025-04-01","2025-04-01"
"B","88","25001IC04066997X","310325","100","2","98","2025-04-01","2025-04-03"
"B","90","25001IC04066997X","310325","200","0.0000","200","2025-04-01","2025-04-01"
"B","91","25001IC04066997X","310325","100","0.0000","100","2025-04-01","2025-04-01"
"B","92","25001IC04066997X","310325","100","0.0000","100","2025-04-01","2025-04-01"
"B","94","25001IC04066997X","310325","100","0.0000","100","2025-04-01","2025-04-01"
"B","95","25001IC04066997X","310325","100","0.0000","100","2025-04-01","2025-04-01"
"B","96","25001IC04066997X","310325","100","0.0000","100","2025-04-01","2025-04-01"
"B","98","25001IC04066997X","310325","100","0.0000","100","2025-04-01","2025-04-01"
"B","100","25001IC04066997X","310325","100","0.0000","100","2025-04-01","2025-04-01"
"O","35","25001IC04066997X","310325","50","0.0000","50","2025-04-01","2025-04-01"
"O","36","25001IC04066997X","310325","50","0.0000","50","2025-04-01","2025-04-01"
"O","37","25001IC04066997X","310325","50","0.0000","50","2025-04-01","2025-04-01"
"O","38","25001IC04066997X","310325","50","0.0000","50","2025-04-01","2025-04-01"
"O","40","25001IC04066997X","310325","50","0.0000","50","2025-04-01","2025-04-01"
"O","41","25001IC04066997X","310325","50","0.0000","50","2025-04-01","2025-04-01"
"O","42","25001IC04066997X","310325","50","0.0000","50","2025-04-01","2025-04-01"
"O","44","25001IC04066997X","310325","50","0.0000","50","2025-04-01","2025-04-01"
"O","46","25001IC04066997X","310325","50","0.0000","50","2025-04-01","2025-04-01"
"O","48","25001IC04066997X","310325","50","0.0000","50","2025-04-01","2025-04-01"
"O","50","25001IC04066997X","310325","50","0.0000","50","2025-04-01","2025-04-01"
"O","52","25001IC04066997X","310325","50","0.0000","50","2025-04-01","2025-04-01"
"O","56","25001IC04066997X","310325","30","0.0000","30","2025-04-01","2025-04-01"
"O","60","25001IC04066997X","310325","30","0.0000","30","2025-04-01","2025-04-01"
"O","64","25001IC04066997X","310325","30","0.0000","30","2025-04-01","2025-04-01"
"O","68","25001IC04066997X","310325","30","0.0000","30","2025-04-01","2025-04-01"
"8PK","1380","25001IC04066997X","310325","968","964","4","2025-04-10","2025-04-10"
"8PK","1400","25001IC04066997X","310325","30","20","10","2025-04-10","2025-04-10"
"AVX13","1015","25001IC04066997X","310325","75","50","25","2025-04-10","2025-04-10"
"AVX13","1100","25001IC04066997X","310325","74","74","0.0000","2025-04-10","2025-04-10"
"AVX13","1125","25001IC04066997X","310325","150","30","120","2025-04-10","2025-04-10"
"AVX13","1200","25001IC04066997X","310325","74","10","64","2025-04-10","2025-04-10"
"AVX13","1650","25001IC04066997X","310325","148","30","118","2025-04-10","2025-04-10"
"BX","32","25001IC04066997X","310325","170","50","120","2025-04-10","2025-04-10"
"BX","63","25001IC04066997X","310325","230","100","130","2025-04-10","2025-04-10"
"AV13X","1400","25001IC04066997X","310325","96","96","0.0000","2025-04-10","2025-04-10"
"AV13X","1600","25001IC04066997X","310325","32","32","0.0000","2025-04-10","2025-04-10"
"AV13X","1610","25001IC04066997X","310325","98","20","78","2025-04-10","2025-04-10"
"BX X2","87","25001IC04066997X","310325","26","26","0.0000","2025-04-10","2025-04-10"
"BX X2","92","25001IC04066997X","310325","54","50","4","2025-04-10","2025-04-10"
"BX X2","93","25001IC04066997X","310325","27","25","2","2025-04-10","2025-04-10"
"BX X2","94","25001IC04066997X","310325","54","20","34","2025-04-10","2025-04-10"
"BX X2","95","25001IC04066997X","310325","26","20","6","2025-04-10","2025-04-10"
"A","17","25001IC04066997XA","310325","332","0.0000","332","2025-04-10","2025-04-10"
"A","18","25001IC04066997XA","310325","111","0.0000","111","2025-04-10","2025-04-10"
"A","19","25001IC04066997XA","310325","110","0.0000","110","2025-04-10","2025-04-10"
"A","20","25001IC04066997XA","310325","111","0.0000","111","2025-04-10","2025-04-10"
"A","21","25001IC04066997XA","310325","111","0.0000","111","2025-04-10","2025-04-10"
"A","22","25001IC04066997XA","310325","110","0.0000","110","2025-04-10","2025-04-10"
"A","23","25001IC04066997XA","310325","111","0.0000","111","2025-04-10","2025-04-10"
"A","24","25001IC04066997XA","310325","110","11","99","2025-04-10","2025-04-28"
"A","25","25001IC04066997XA","310325","296","0.0000","296","2025-04-10","2025-04-10"
"A","26","25001IC04066997XA","310325","296","0.0000","296","2025-04-10","2025-04-10"
"A","27","25001IC04066997XA","310325","406","0.0000","406","2025-04-10","2025-04-10"
