"FECHA","TIPO","CPBTE","IMPTE"
"2010-03-22","4","15932","1436.61"
"2010-07-29","4","16806","339.57"
"2011-07-22","4","18542","381.15"
"2010-01-05","4","115338","11.4"
"2010-01-07","4","15577","3385.21"
"2010-01-07","4","15819","8580"
"2010-01-07","4","15818","592.03"
"2010-01-07","4","15817","225.89"
"2010-01-07","4","15816","2064.42"
"2010-01-07","4","15815","4690.4"
"2010-01-07","4","15814","178.59"
"2010-01-07","4","15813","658.28"
"2010-01-07","4","15891","4573.8"
"2010-01-07","4","15578","341.45"
"2010-01-07","4","15117","2496.86"
"2010-01-07","4","15699","693.17"
"2010-01-08","4","15700","1500"
"2010-01-08","4","15621","1777.74"
"2010-01-08","4","15622","984.72"
"2010-01-08","4","15623","2643.8"
"2010-01-08","4","15624","1646.56"
"2010-01-08","4","15625","2309.89"
"2010-01-08","4","15626","1245.76"
"2010-01-08","4","15906","342.86"
"2010-01-08","4","15903","4035.29"
"2010-01-08","4","15902","2706"
"2010-01-08","4","15901","623.13"
"2010-01-08","4","15907","1238.56"
"2010-01-08","4","15909","5191.56"
"2010-01-08","4","15905","1568.85"
"2010-01-08","4","15908","1642.73"
"2010-01-08","4","15580","751.95"
"2010-01-11","4","15910","7419.41"
"2010-01-11","4","15904","2061.72"
"2010-01-11","4","15951","2480.57"
"2010-01-11","4","15952","5080.49"
"2010-01-11","4","15953","33413.11"
"2010-01-11","4","15954","4536.79"
"2010-01-11","4","15955","7867.18"
"2010-01-11","4","15956","1134.31"
"2010-01-11","4","15826","530.83"
"2010-01-11","4","15825","1622.83"
"2010-01-11","4","15822","1444.99"
"2010-01-11","4","15824","7272.62"
"2010-01-11","4","15823","651.22"
"2010-01-11","4","15821","1611.38"
"2010-01-11","4","15820","4349.66"
"2010-01-11","4","15581","1136.19"
"2010-01-11","4","15957","5005.65"
"2010-01-11","4","15958","11282.04"
"2010-01-11","4","15959","196.2"
"2010-01-11","4","15627","1790.79"
"2010-01-11","4","15628","892.21"
"2010-01-11","4","15629","549.55"
"2010-01-11","4","15630","816.95"
"2010-01-11","4","15690","10613.3"
"2010-01-11","4","15960","1206.92"
"2010-01-14","4","88648","148.15"
"2010-01-14","4","14784","400"
"2010-01-14","4","14783","169.35"
"2010-01-14","4","15962","93.42"
"2010-01-14","4","15963","3844.53"
"2010-01-14","4","15961","1484.52"
"2010-01-14","4","15964","283.14"
"2010-01-14","4","15119","6293.06"
"2010-01-14","4","15154","2282.34"
"2010-01-15","4","15965","845.36"
"2010-01-15","4","15911","3469.04"
"2010-01-15","4","15892","2269.48"
"2010-01-15","4","15966","33395.39"
"2010-01-18","4","15828","3495.75"
"2010-01-18","4","15830","3334.79"
"2010-01-18","4","15829","2484.9"
"2010-01-18","4","15827","691.35"
"2010-01-18","4","15967","580.8"
"2010-01-18","4","15968","1874.6"
"2010-01-18","4","15631","2233.35"
"2010-01-18","4","15632","5136"
"2010-01-18","4","15633","2382.99"
"2010-01-18","4","15634","405.04"
"2010-01-18","4","15969","2596.56"
"2010-01-18","4","15970","5466.81"
"2010-01-18","4","15971","1661.55"
"2010-01-18","4","15972","1894.89"
"2010-01-18","4","15973","105.88"
"2010-01-21","4","14785","400"
"2010-01-21","4","14786","370.78"
"2010-01-22","4","15583","6718.77"
"2010-01-22","4","15974","4864.77"
"2010-01-22","4","15582","1359"
"2010-01-22","4","15915","7921.12"
"2010-01-22","4","15914","6090"
"2010-01-22","4","15975","2000"
"2010-01-22","4","15976","655.92"
"2010-01-22","4","15977","1900.91"
"2010-01-22","4","15978","3074.21"
"2010-01-22","4","15894","8281.74"
"2010-01-22","4","15979","24.89"
"2010-01-22","4","15893","503.12"
"2010-01-22","4","15980","11375.48"
"2010-01-22","4","15121","5900"
"2010-01-22","4","15155","16100"
"2010-01-22","4","15156","5772.24"
"2010-01-22","4","15913","6905.99"
"2010-01-22","4","15912","13957.36"
"2010-01-22","4","15120","2040"
"2010-01-22","4","14787","300"
"2010-01-25","4","115531","327.62"
"2010-01-27","4","15982","6870.08"
"2010-01-27","4","15981","1206.7"
"2010-01-27","4","15635","2573.96"
"2010-01-27","4","15636","1911.48"
"2010-01-27","4","15637","2832.99"
"2010-01-27","4","15983","886.82"
"2010-01-27","4","15984","2909.2"
"2010-01-27","4","15985","3025.2"
"2010-01-28","4","15987","2450.96"
"2010-01-28","4","15988","4500"
"2010-01-29","4","15895","2046.73"
"2010-01-29","4","15584","1714.42"
"2010-01-29","4","15989","130"
"2010-01-29","4","15991","448.73"
"2010-01-29","4","15990","10454.4"
"2010-02-15","4","15838","3373.71"
"2010-02-15","4","15837","536.05"
"2010-02-15","4","15836","518.2"
"2010-02-15","4","15834","843.7"
"2010-02-15","4","15833","2748.51"
"2010-02-15","4","15832","597.12"
"2010-02-15","4","15831","317.02"
"2010-02-15","4","15835","853.68"
"2010-02-15","4","15638","4853.57"
"2010-02-15","4","15639","3973.98"
"2010-02-15","4","15640","574.56"
"2010-02-15","4","15998","10767.02"
"2010-02-15","4","15992","1289.21"
"2010-02-15","4","15585","2189.22"
"2010-02-15","4","15986","26816.1"
"2010-02-15","4","15999","897.05"
"2010-02-15","4","15587","1954.83"
"2010-02-15","4","15586","300"
"2010-02-15","4","15996","108.86"
"2010-02-15","4","15641","10001.61"
"2010-02-15","4","15642","1324.66"
"2010-02-15","4","15643","1316.38"
"2010-02-15","4","15644","10647.25"
"2010-02-15","4","15646","5270"
"2010-02-15","4","15647","1371.34"
"2010-02-15","4","15648","2271.04"
"2010-02-15","4","15649","660"
"2010-02-15","4","15839","8552.54"
"2010-02-15","4","15840","807"
"2010-02-15","4","15841","2937.15"
"2010-02-15","4","15842","1593.59"
"2010-02-15","4","15844","1217.38"
"2010-02-15","4","15843","766.84"
"2010-02-15","4","15845","196.35"
"2010-02-15","4","16000","428.34"
"2010-02-15","4","15157","6098.01"
"2010-02-15","4","15158","2096.37"
"2010-02-15","4","15159","742.68"
"2010-02-15","4","15122","1446"
"2010-02-15","4","15123","1085"
"2010-02-15","4","15124","1500"
"2010-02-15","4","15125","5260"
"2010-02-15","4","15126","3506.71"
"2010-02-15","4","15127","8887.88"
"2010-02-15","4","15128","4974.41"
"2010-02-15","4","15129","15160.7"
"2010-02-15","4","16051","5712.45"
"2010-02-15","4","16052","4024.28"
"2010-02-15","4","15997","2244.06"
"2010-02-15","4","16053","1282.48"
"2010-02-15","4","16054","433.19"
"2010-02-15","4","15588","14037"
"2010-02-15","4","15589","789.9"
"2010-02-15","4","8650","2367"
"2010-02-15","4","8649","323.19"
"2010-02-15","4","16055","2850"
"2010-02-15","4","16056","963.16"
"2010-02-16","4","15994","6666"
"2010-02-16","4","15995","6346.93"
"2010-02-16","4","15920","1402.72"
"2010-02-16","4","115904","162.28"
"2010-02-16","4","15918","1942.93"
"2010-02-16","4","15916","2097.96"
"2010-02-16","4","15919","2189.91"
"2010-02-16","4","15846","3648.45"
"2010-02-16","4","15847","3175.31"
"2010-02-16","4","15848","837.94"
"2010-02-16","4","15849","657.8"
"2010-02-16","4","15850","356.42"
"2010-02-16","4","16002","425.5"
"2010-02-16","4","16001","7066.32"
"2010-02-16","4","15921","5408"
"2010-02-16","4","15590","985.58"
"2010-02-16","4","15917","14191.33"
"2010-02-16","4","16057","119.62"
"2010-02-16","4","16058","7708.39"
"2010-02-16","4","16059","272.72"
"2010-02-16","4","16060","1997.95"
"2010-02-17","4","14789","328.48"
"2010-02-17","4","14788","400"
"2010-02-18","4","16152","30000"
"2010-02-18","4","16153","5715.36"
"2010-02-19","4","16151","1240.02"
"2010-02-19","4","16154","3388.45"
"2010-02-19","4","16155","16648.47"
"2010-02-19","4","16156","8206.7"
"2010-02-19","4","16157","68.11"
"2010-02-19","4","15591","373.75"
"2010-02-19","4","16158","2612.39"
"2010-02-19","4","16159","5890"
"2010-02-19","4","16160","1721.78"
"2010-02-23","4","15160","9111.7"
"2010-02-23","4","15161","3900.71"
"2010-02-23","4","15926","6908.74"
"2010-02-23","4","15923","2805.81"
"2010-02-23","4","15924","12044.01"
"2010-02-23","4","15925","7799.01"
"2010-02-23","4","15922","4900.3"
"2010-02-23","4","16163","3333"
"2010-02-23","4","15592","1245.58"
"2010-02-23","4","16164","3620.65"
"2010-02-23","4","16165","838.98"
"2010-02-23","4","16003","1274.09"
"2010-02-23","4","16004","1048.89"
"2010-02-23","4","16005","347.68"
"2010-02-23","4","16006","380.45"
"2010-02-23","4","15650","1103.88"
"2010-02-23","4","16061","2988.7"
"2010-02-23","4","16062","2679.49"
"2010-02-23","4","16063","5944.99"
"2010-02-23","4","16064","2300"
"2010-02-23","4","16166","4425"
"2010-02-23","4","16167","8977.95"
"2010-02-23","4","16168","3146"
"2010-02-23","4","16169","12826.98"
"2010-02-25","4","16162","3305.5"
"2010-02-25","4","16161","12223.77"
"2010-02-25","4","16171","6574.32"
"2010-02-25","4","16172","11200"
"2010-02-26","4","14217","23115.33"
"2010-02-26","4","16170","5350.92"
"2010-02-26","4","115161","428.61"
"2010-02-26","4","16175","308.55"
"2010-02-26","4","16173","1512.19"
"2010-02-26","4","16176","1200"
"2010-03-03","4","16070","3958.04"
"2010-03-03","4","16071","1800.72"
"2010-03-03","4","16069","1822.21"
"2010-03-03","4","16068","7729.72"
"2010-03-03","4","16067","10185.78"
"2010-03-03","4","16072","2600"
"2010-03-03","4","16013","392.98"
"2010-03-03","4","6012","1284.56"
"2010-03-03","4","16011","646.43"
"2010-03-03","4","16010","475"
"2010-03-03","4","16009","1304.03"
"2010-03-03","4","16008","272.68"
"2010-03-03","4","16007","417.57"
"2010-03-03","4","16178","3912.37"
"2010-03-03","4","16179","466.97"
"2010-03-03","4","16180","820.29"
"2010-03-03","4","16181","686.43"
"2010-03-04","4","16174","1003.51"
"2010-03-04","4","16182","3509.44"
"2010-03-04","4","16177","386.44"
"2010-03-04","4","16184","1739.98"
"2010-03-04","4","16185","58260.02"
"2010-03-04","4","16186","9814.43"
"2010-03-05","4","16187","2665.81"
"2010-03-05","4","16188","700"
"2010-03-08","4","16014","6533.57"
"2010-03-08","4","16015","5625.71"
"2010-03-08","4","16016","865.79"
"2010-03-08","4","16017","803.02"
"2010-03-08","4","16018","247.05"
"2010-03-08","4","16019","886.19"
"2010-03-08","4","16020","208.12"
"2010-03-08","4","16021","407.86"
"2010-03-08","4","16022","301.31"
"2010-03-08","4","16189","830"
"2010-03-08","4","16073","1699.98"
"2010-03-08","4","16074","1362.99"
"2010-03-08","4","16075","4244.34"
"2010-03-08","4","16076","2949.56"
"2010-03-08","4","16201","4743"
"2010-03-08","4","16202","1744.71"
"2010-03-09","4","14791","300"
"2010-03-09","4","14790","500"
"2010-03-10","4","16204","2722.05"
"2010-03-11","4","16193","3539.25"
"2010-03-11","4","16194","16444.42"
"2010-03-11","4","16190","3669.2"
"2010-03-11","4","16192","2774.16"
"2010-03-11","4","16191","826.68"
"2010-03-11","4","16203","2425.74"
"2010-03-11","4","16195","150"
"2010-03-11","4","16196","318.49"
"2010-03-11","4","16197","236.83"
"2010-03-11","4","16198","145.2"
"2010-03-11","4","15162","2448.65"
"2010-03-11","4","15163","903"
"2010-03-11","4","15130","2436.8"
"2010-03-11","4","15131","390.74"
"2010-03-11","4","16199","67538.74"
"2010-03-11","4","16200","117.63"
"2010-03-11","4","16205","3444.88"
"2010-03-11","4","14792","429.36"
"2010-03-12","4","15595","1593.13"
"2010-03-12","4","15594","1559.86"
"2010-03-12","4","15593","1966.39"
"2010-03-12","4","16206","388.45"
"2010-03-12","4","16207","1608.09"
"2010-03-15","4","15133","17380.55"
"2010-03-15","4","15134","28252.71"
"2010-03-15","4","15135","20082.68"
"2010-03-15","4","15164","6322.3"
"2010-03-15","4","15928","11704.41"
"2010-03-15","4","15929","2884.66"
"2010-03-15","4","15927","3931.41"
"2010-03-15","4","16023","802.91"
"2010-03-15","4","16024","450.6"
"2010-03-15","4","16025","1983.06"
"2010-03-15","4","16026","1132.07"
"2010-03-15","4","16027","4086.47"
"2010-03-15","4","16029","1027.23"
"2010-03-15","4","16028","496.8"
"2010-03-15","4","16210","161.84"
"2010-03-15","4","16211","13857.53"
"2010-03-15","4","16212","26189.75"
"2010-03-15","4","16088","4026.88"
"2010-03-15","4","16087","1362.93"
"2010-03-17","4","15136","3723"
"2010-03-17","4","16209","827.93"
"2010-03-17","4","16208","19657.31"
"2010-03-18","4","16086","5278.66"
"2010-03-18","4","16085","3957.72"
"2010-03-18","4","16084","1270.5"
"2010-03-18","4","16079","5000"
"2010-03-18","4","16080","925.41"
"2010-03-18","4","16083","4589.17"
"2010-03-18","4","16081","1549.41"
"2010-03-18","4","16213","407.27"
"2010-03-18","4","16214","3436.03"
"2010-03-18","4","16215","1682.58"
"2010-03-19","4","16217","509.82"
"2010-03-19","4","16218","360.61"
"2010-03-19","4","16216","430.31"
"2010-03-19","4","16219","1979.04"
"2010-03-19","4","16220","2299"
"2010-03-19","4","16221","794.98"
"2010-03-19","4","16034","657.73"
"2010-03-19","4","16033","616.87"
"2010-03-19","4","16032","1200"
"2010-03-19","4","16031","1340.26"
"2010-03-19","4","16030","118.1"
"2010-03-19","4","16222","562.65"
"2010-03-19","4","14794","726.37"
"2010-03-22","4","15897","4684.75"
"2010-03-22","4","14564","10539.31"
"2010-03-22","4","15936","5925.96"
"2010-03-22","4","15930","1194.35"
"2010-03-22","4","15931","3784.38"
"2010-03-22","4","15935","11111.45"
"2010-03-22","4","15934","1400"
"2010-03-22","4","15933","10691.49"
"2010-03-22","4","15937","11571.44"
"2010-03-22","4","16223","81.57"
"2010-03-22","4","16224","1488.78"
"2010-03-25","4","16225","6072.99"
"2010-03-25","4","16226","3135.93"
"2010-03-30","4","16227","890.21"
"2010-03-30","4","15597","6205.69"
"2010-03-30","4","15598","633.76"
"2010-03-30","4","16228","853.78"
"2010-03-30","4","16089","2614.5"
"2010-03-30","4","16090","1500"
"2010-03-30","4","16091","2025.41"
"2010-03-30","4","16092","3972.98"
"2010-03-30","4","16093","12242.1"
"2010-03-30","4","16094","1798.36"
"2010-03-30","4","16095","2789.88"
"2010-03-30","4","16096","1760"
"2010-03-30","4","16097","1103.88"
"2010-03-30","4","16098","2358.19"
"2010-03-30","4","16042","4453.28"
"2010-03-30","4","16043","1623.3"
"2010-03-30","4","16044","831.92"
"2010-03-30","4","16045","1341.18"
"2010-03-30","4","16046","3101.27"
"2010-03-30","4","16041","5655.92"
"2010-03-30","4","16040","904.48"
"2010-03-30","4","16039","777.09"
"2010-03-30","4","16038","321.76"
"2010-03-30","4","16037","6924.16"
"2010-03-30","4","16035","766"
"2010-03-30","4","16229","3368.91"
"2010-03-30","4","16230","6332.7"
"2010-03-30","4","16231","131.89"
"2010-03-30","4","16232","699.34"
"2010-03-31","4","15132","12990.28"
"2010-03-31","4","15942","8083.03"
"2010-03-31","4","15941","1654.33"
"2010-03-31","4","15938","1275"
"2010-03-31","4","15939","3131.42"
"2010-03-31","4","15940","1309.94"
"2010-03-31","4","16233","1525.41"
"2010-03-31","4","16234","223.98"
"2010-03-31","4","16235","5463"
"2010-04-05","4","14795","302.78"
"2010-04-05","4","14793","400"
"2010-04-05","4","14796","172.99"
"2010-04-05","4","15599","1297.09"
"2010-04-05","4","15600","795.68"
"2010-04-05","4","16236","708.14"
"2010-04-05","4","15137","280"
"2010-04-05","4","15138","673.68"
"2010-04-05","4","15139","4723.14"
"2010-04-05","4","15165","761.3"
"2010-04-05","4","16237","832.72"
"2010-04-07","4","16239","6969.79"
"2010-04-07","4","16240","318.49"
"2010-04-07","4","16238","6622.56"
"2010-04-07","4","16241","665.85"
"2010-04-07","4","16242","4270.09"
"2010-04-07","4","16243","6299.48"
"2010-04-07","4","16244","11022.58"
"2010-04-07","4","16245","12677.93"
"2010-04-07","4","16301","9558.5"
"2010-04-07","4","16099","4624.99"
"2010-04-07","4","16100","3452.93"
"2010-04-07","4","16302","2327.59"
"2010-04-07","4","16303","3510"
"2010-04-09","4","16304","400.2"
"2010-04-09","4","16305","838.09"
"2010-04-09","4","16047","9254.12"
"2010-04-09","4","16048","2854.62"
"2010-04-09","4","16049","1730"
"2010-04-09","4","16251","445.24"
"2010-04-09","4","16252","1480.27"
"2010-04-09","4","16253","285.97"
"2010-04-09","4","16254","1097.33"
"2010-04-09","4","16255","1732.93"
"2010-04-09","4","16256","2616.98"
"2010-04-09","4","16257","480.76"
"2010-04-09","4","16246","292.86"
"2010-04-09","4","16247","364.62"
"2010-04-09","4","16248","25410"
"2010-04-09","4","16249","215.93"
"2010-04-09","4","16250","6438.89"
"2010-04-12","4","15943","11975.69"
"2010-04-12","4","15947","14262.66"
"2010-04-12","4","15944","820.13"
"2010-04-12","4","15946","2451.89"
"2010-04-12","4","15945","3225.07"
"2010-04-12","4","15948","6044.6"
"2010-04-12","4","15546","2414.96"
"2010-04-12","4","15949","1543.58"
"2010-04-12","4","16306","2229.09"
"2010-04-12","4","16307","5046.8"
"2010-04-12","4","16308","2061.12"
"2010-04-12","4","16309","8099.58"
"2010-04-12","4","16265","2031.43"
"2010-04-12","4","16264","1025.41"
"2010-04-12","4","16263","1322.85"
"2010-04-12","4","16262","1975.23"
"2010-04-12","4","16261","511.47"
"2010-04-12","4","16260","246.51"
"2010-04-12","4","16259","239.16"
"2010-04-12","4","16352","464.53"
"2010-04-12","4","16351","38765.03"
"2010-04-12","4","16353","4126.77"
"2010-04-14","4","16361","4620.38"
"2010-04-14","4","16363","43345.64"
"2010-04-14","4","16101","1493.39"
"2010-04-14","4","16103","5908.11"
"2010-04-14","4","16102","578.45"
"2010-04-14","4","16364","2875.41"
"2010-04-14","4","16365","776.1"
"2010-04-14","4","16366","5119.36"
"2010-04-15","4","14797","683.6"
"2010-04-15","4","14798","379.06"
"2010-04-16","4","16355","8267.33"
"2010-04-16","4","15950","4668.65"
"2010-04-16","4","16356","2939.03"
"2010-04-16","4","16368","5900"
"2010-04-16","4","16367","3712.84"
"2010-04-16","4","16369","709.65"
"2010-04-16","4","16370","1276.67"
"2010-04-16","4","16371","1492.71"
"2010-04-16","4","16372","128.1"
"2010-04-16","4","16373","393"
"2010-04-16","4","15142","3645"
"2010-04-16","4","15141","1122.15"
"2010-04-16","4","15140","6785.51"
"2010-04-16","4","16374","900"
"2010-04-19","4","14565","6898.05"
"2010-04-19","4","16310","1352.78"
"2010-04-19","4","16312","939.36"
"2010-04-19","4","16313","3092.43"
"2010-04-19","4","16314","3791.41"
"2010-04-19","4","16311","2744.28"
"2010-04-19","4","16315","1459"
"2010-04-19","4","16316","1500"
"2010-04-19","4","16317","2600"
"2010-04-19","4","16266","1592.41"
"2010-04-19","4","16267","198.56"
"2010-04-19","4","16268","220.71"
"2010-04-19","4","16269","4881.41"
"2010-04-19","4","16270","675.86"
"2010-04-19","4","16271","583.42"
"2010-04-20","4","16375","5801.68"
"2010-04-20","4","16376","1338.6"
"2010-04-20","4","16377","6294.17"
"2010-04-21","4","16379","116.39"
"2010-04-21","4","16378","826.68"
"2010-04-21","4","16380","584.45"
"2010-04-21","4","16381","1083.02"
"2010-04-21","4","16382","46334.36"
"2010-04-21","4","16383","10764.8"
"2010-04-21","4","15167","1651.65"
"2010-04-21","4","15144","650"
"2010-04-21","4","16384","640.26"
"2010-04-22","4","16451","5671.27"
"2010-04-22","4","16385","630"
"2010-04-23","4","16386","1627"
"2010-04-23","4","15146","4898.34"
"2010-04-23","4","16387","21186.8"
"2010-04-27","4","14800","300"
"2010-04-27","4","14799","422.63"
"2010-04-27","4","15898","882.04"
"2010-04-27","4","16452","20212.5"
"2010-04-27","4","16318","1181.57"
"2010-04-27","4","16319","1590.25"
"2010-04-27","4","16320","2557.71"
"2010-04-27","4","16321","3145.93"
"2010-04-27","4","16322","4011.08"
"2010-04-27","4","16323","835.48"
"2010-04-28","4","115822","31.81"
"2010-04-28","4","16272","500"
"2010-04-28","4","16273","299.75"
"2010-04-28","4","16274","274.69"
"2010-04-28","4","16275","524.61"
"2010-04-28","4","16276","959.25"
"2010-04-28","4","16277","865.44"
"2010-04-28","4","16278","835"
"2010-04-28","4","16279","1759.47"
"2010-04-28","4","16453","1379.88"
"2010-04-28","4","16388","42.25"
"2010-04-28","4","16389","74.89"
"2010-04-28","4","16390","3170.2"
"2010-04-28","4","16391","1600"
"2010-04-28","4","16392","2143.32"
"2010-04-28","4","16394","500.73"
"2010-04-28","4","16393","2941.02"
"2010-04-29","4","16396","4000"
"2010-04-29","4","16397","118.03"
"2010-04-29","4","16901","350"
"2010-04-30","4","15169","6707.24"
"2010-04-30","4","15166","2265"
"2010-04-30","4","15168","2870.57"
"2010-04-30","4","15145","5728.98"
"2010-04-30","4","16395","6177.53"
"2010-04-30","4","16398","4385.01"
"2010-04-30","4","16399","2066.31"
"2010-04-30","4","16400","1436.61"
"2010-04-30","4","16501","5221.27"
"2010-04-30","4","16502","1334.94"
"2010-04-30","4","16503","514.05"
"2010-04-30","4","16504","400"
"2010-05-03","4","16324","1733.85"
"2010-05-04","4","16326","10706.38"
"2010-05-04","4","16327","1429"
"2010-05-05","4","16454","1118.04"
"2010-05-05","4","16360","481.15"
"2010-05-05","4","16509","1833.15"
"2010-05-05","4","16551","10280.57"
"2010-05-05","4","16359","485"
"2010-05-05","4","16554","3831.04"
"2010-05-05","4","16553","12197"
"2010-05-05","4","16510","963.62"
"2010-05-05","4","15899","2713.37"
"2010-05-05","4","16511","466.36"
"2010-05-05","4","16512","565.54"
"2010-05-05","4","16280","1067.55"
"2010-05-05","4","16281","1090.84"
"2010-05-05","4","16282","4268.05"
"2010-05-05","4","16283","2417.53"
"2010-05-05","4","16284","1727.2"
"2010-05-05","4","16285","352.02"
"2010-05-05","4","16286","730.14"
"2010-05-05","4","16288","2534.6"
"2010-05-05","4","16287","1292.8"
"2010-05-05","4","16513","15517.91"
"2010-05-05","4","16514","14482.09"
"2010-05-05","4","16515","13832.3"
"2010-05-05","4","16516","4099.66"
"2010-05-05","4","16508","185.38"
"2010-05-06","4","16455","1102.5"
"2010-05-06","4","16552","2308.57"
"2010-05-06","4","16517","14677.91"
"2010-05-06","4","16518","348"
"2010-05-06","4","16519","33365.8"
"2010-05-06","4","15143","166.9"
"2010-05-07","4","16520","836.39"
"2010-05-07","4","16521","197.07"
"2010-05-10","4","16523","936.15"
"2010-05-10","4","16522","3296.23"
"2010-05-10","4","16524","735"
"2010-05-10","4","16525","3704.87"
"2010-05-10","4","16526","1046.55"
"2010-05-10","4","14572","747.85"
"2010-05-10","4","14567","1022.43"
"2010-05-10","4","14568","2336.36"
"2010-05-10","4","14569","1128.56"
"2010-05-10","4","14571","879.21"
"2010-10-19","4","14233","3862.3"
"2010-05-10","4","14222","3162.96"
"2010-05-10","4","16328","2587"
"2010-05-10","4","16329","508.2"
"2010-05-10","4","16325","11388.12"
"2010-05-10","4","16330","800.47"
"2010-05-10","4","116330","1900.49"
"2010-05-10","4","16332","1270.5"
"2010-05-11","4","16528","532.4"
"2010-05-11","4","16527","1836.63"
"2010-05-11","4","16297","1920.12"
"2010-05-11","4","16289","979.16"
"2010-05-11","4","16296","285.97"
"2010-05-11","4","16295","4003.96"
"2010-05-11","4","16294","6200"
"2010-05-11","4","16293","2040"
"2010-05-11","4","16292","1567.15"
"2010-05-11","4","16291","383.29"
"2010-05-11","4","16290","964.5"
"2010-05-12","4","16331","21747.33"
"2010-05-12","4","16529","269.64"
"2010-05-13","4","16531","1244.84"
"2010-05-18","4","16505","4588.72"
"2010-05-18","4","16456","966.58"
"2010-05-18","4","16457","1238.01"
"2010-05-18","4","14574","7498.75"
"2010-05-18","4","16532","2633.4"
"2010-05-18","4","16533","7765.59"
"2010-05-18","4","16534","7437.5"
"2010-05-18","4","16903","337.73"
"2010-05-18","4","16902","300"
"2010-05-18","4","16535","1529"
"2010-05-18","4","16530","11425.55"
"2010-05-18","4","16333","3316"
"2010-05-18","4","16334","2031.65"
"2010-05-18","4","16339","2258.43"
"2010-05-18","4","16335","1000.79"
"2010-05-18","4","16340","2591.82"
"2010-05-18","4","16338","395.91"
"2010-05-19","4","16536","362.3"
"2010-05-19","4","16537","106.48"
"2010-05-19","4","15147","3128.86"
"2010-05-19","4","15148","651.2"
"2010-05-19","4","15149","12954.5"
"2010-05-19","4","15170","4948.13"
"2010-05-19","4","16539","6934"
"2010-05-19","4","16540","181.5"
"2010-05-19","4","16541","5361.17"
"2010-05-20","4","15150","1838"
"2010-05-20","4","16401","574"
"2010-05-20","4","16402","2936"
"2010-05-20","4","16403","4711"
"2010-05-20","4","16404","2461.13"
"2010-05-20","4","16405","1865.02"
"2010-05-20","4","16544","5388.81"
"2010-05-20","4","16543","572.7"
"2010-05-20","4","16542","4048.66"
"2010-05-20","4","16545","21005.6"
"2010-05-20","4","16546","581.38"
"2010-05-20","4","16547","667.76"
"2010-05-20","4","16548","174.69"
"2010-05-21","4","16561","8697.46"
"2010-05-21","4","16560","1424.77"
"2010-05-21","4","16557","3448.62"
"2010-05-21","4","16556","5099.99"
"2010-05-21","4","16555","4992.51"
"2010-05-21","4","16559","7270.68"
"2010-05-21","4","16558","9075"
"2010-05-26","4","16602","501.94"
"2010-05-26","4","16604","2236.97"
"2010-05-26","4","16603","1310.28"
"2010-05-26","4","16601","1171.66"
"2010-05-26","4","16298","939.75"
"2010-05-26","4","16300","387.49"
"2010-05-26","4","16299","1321.71"
"2010-05-26","4","16550","2978.17"
"2010-05-26","4","16904","606.78"
"2010-05-26","4","16905","300"
"2010-05-27","4","16341","7334"
"2010-05-27","4","16342","2925.41"
"2010-05-27","4","16343","1113.82"
"2010-05-27","4","16345","19495.83"
"2010-05-27","4","16346","1121.74"
"2010-05-27","4","16651","1782.62"
"2010-05-27","4","16653","546.25"
"2010-05-27","4","16507","5272.5"
"2010-05-27","4","16654","57192.5"
"2010-05-27","4","16655","6813.75"
"2010-05-31","4","16657","171.19"
"2010-05-31","4","15171","4974.93"
"2010-05-31","4","15172","4719"
"2010-05-31","4","16406","5675.48"
"2010-05-31","4","16458","776.56"
"2010-05-31","4","16611","2267.99"
"2010-05-31","4","16609","2199.83"
"2010-05-31","4","16610","691.3"
"2010-05-31","4","16608","928.46"
"2010-05-31","4","16607","2859.38"
"2010-05-31","4","16606","3365.12"
"2010-05-31","4","16605","2760.54"
"2010-05-31","4","16658","287.07"
"2010-05-31","4","16659","744.01"
"2010-05-31","4","16660","748.1"
"2010-05-31","4","16661","4601.57"
"2010-05-31","4","16662","17354.76"
"2010-05-31","4","16564","1564.95"
"2010-05-31","4","16565","1194.73"
"2010-05-31","4","16344","892.06"
"2010-05-31","4","16347","2925.29"
"2010-05-31","4","16348","15504.88"
"2010-05-31","4","16409","17815.68"
"2010-05-31","4","16407","5942"
"2010-05-31","4","16656","256.84"
"2010-05-31","4","16663","335.05"
"2010-05-31","4","16664","14169.94"
"2010-05-31","4","16563","8838.28"
"2010-06-02","4","115806","646.21"
"2010-06-03","4","16665","1791.93"
"2010-06-03","4","16667","6045.07"
"2010-06-03","4","16666","2188.71"
"2010-06-03","4","16460","550.79"
"2010-06-03","4","16671","2525.41"
"2010-06-03","4","15173","4424"
"2010-06-03","4","16410","13080.74"
"2010-06-03","4","16672","6007.77"
"2010-06-03","4","16673","2428.18"
"2010-06-03","4","16670","940.11"
"2010-06-03","4","16459","5928.03"
"2010-06-03","4","16674","17594.76"
"2010-06-03","4","16675","328.9"
"2010-06-04","4","16676","6698.21"
"2010-06-04","4","16677","4584.44"
"2010-06-04","4","16678","2548.09"
"2010-06-04","4","16668","2299"
"2010-06-04","4","16751","8436"
"2010-06-07","4","14577","2182.43"
"2010-06-07","4","14576","759.58"
"2010-06-07","4","14575","336.8"
"2010-06-07","4","16701","15852.94"
"2010-06-07","4","16702","3288.94"
"2010-06-07","4","16703","3520.52"
"2010-06-08","4","16408","1785"
"2010-06-08","4","16754","874"
"2010-06-08","4","16755","1050"
"2010-06-08","4","16680","1432.47"
"2010-06-08","4","16615","1666.38"
"2010-06-08","4","16616","727.09"
"2010-06-08","4","16612","905.29"
"2010-06-08","4","16614","1492.09"
"2010-06-08","4","16617","898.76"
"2010-06-08","4","16619","2773.79"
"2010-06-08","4","16618","123.12"
"2010-06-08","4","16752","852.14"
"2010-06-08","4","16681","4419.75"
"2010-06-10","4","16682","723.64"
"2010-06-10","4","16461","1078.12"
"2010-06-10","4","16683","8700.7"
"2010-06-10","4","16906","300"
"2010-06-10","4","16907","211.65"
"2010-06-11","4","16756","2122.88"
"2010-06-11","4","16757","18190.84"
"2010-06-11","4","16758","11619.68"
"2010-06-11","4","16759","10189.48"
"2010-06-11","4","16760","932.31"
"2010-06-11","4","16761","1390.93"
"2010-06-11","4","16462","1060.28"
"2010-06-11","4","16684","10700.85"
"2010-06-11","4","16686","464.98"
"2010-06-11","4","16687","7780.3"
"2010-06-14","4","14224","6071.39"
"2010-06-14","4","14225","1280.91"
"2010-06-14","4","16707","3047.49"
"2010-06-14","4","16706","3307.25"
"2010-06-14","4","16705","2589.71"
"2010-06-14","4","16709","1149.5"
"2010-06-14","4","16710","1500"
"2010-06-14","4","16708","2411.13"
"2010-06-14","4","16104","285.43"
"2010-06-14","4","14580","4553"
"2010-06-14","4","16620","2227.39"
"2010-06-14","4","16621","815.52"
"2010-06-14","4","16622","516.78"
"2010-06-14","4","16623","475.97"
"2010-06-14","4","16624","1410.34"
"2010-06-14","4","16685","12632.4"
"2010-06-14","4","16689","1387.61"
"2010-06-14","4","16690","20704.19"
"2010-06-14","4","16691","1528.96"
"2010-06-14","4","16692","2369.55"
"2010-06-14","4","16693","292.49"
"2010-06-15","4","16688","2818.29"
"2010-06-15","4","16694","631.28"
"2010-06-15","4","16695","4326.49"
"2010-06-16","4","116559","140.24"
"2010-06-16","4","16908","350"
"2010-06-16","4","16696","2135.81"
"2010-06-16","4","16697","18392"
"2010-06-16","4","16698","834.47"
"2010-06-16","4","116605","164.29"
"2010-06-17","4","16762","179"
"2010-06-17","4","16763","5291.42"
"2010-06-18","4","15175","2470"
"2010-06-18","4","15174","652.83"
"2010-06-18","4","16574","2136"
"2010-06-18","4","16573","3162.72"
"2010-06-18","4","16576","2539.99"
"2010-06-18","4","16568","5082"
"2010-06-18","4","16567","787.19"
"2010-06-18","4","16569","3345.96"
"2010-06-18","4","16572","1144.73"
"2010-06-18","4","16571","1631.98"
"2010-06-18","4","16575","1324"
"2010-06-18","4","16570","4187.87"
"2010-06-18","4","16631","4872.94"
"2010-06-18","4","16632","151.52"
"2010-06-18","4","16630","362.51"
"2010-06-18","4","16629","790.83"
"2010-06-18","4","16628","578.45"
"2010-06-18","4","16627","577.19"
"2010-06-18","4","16625","1086"
"2010-06-18","4","16764","2105.88"
"2010-06-22","4","16765","11628.1"
"2010-06-22","4","16766","15145"
"2010-06-22","4","16767","1164.2"
"2010-06-23","4","116530","14.83"
"2010-06-23","4","16712","1800"
"2010-06-23","4","16711","1056.26"
"2010-06-24","4","15177","937"
"2010-06-24","4","15178","7948"
"2010-06-24","4","15179","661"
"2010-06-24","4","15180","12171.39"
"2010-06-24","4","16411","22419.57"
"2010-06-24","4","16412","749.99"
"2010-06-24","4","16463","3252.48"
"2010-06-24","4","16768","1911.93"
"2010-06-24","4","16769","2446.75"
"2010-06-25","4","16699","22882.47"
"2010-06-25","4","16771","10598.2"
"2010-06-28","4","16637","2055.19"
"2010-06-28","4","16636","694.78"
"2010-06-28","4","16635","1778.09"
"2010-06-28","4","16634","256.49"
"2010-06-28","4","16633","1621.44"
"2010-06-28","4","16713","1700.54"
"2010-06-28","4","16714","1994.12"
"2010-06-28","4","16715","968.68"
"2010-06-28","4","16716","2740.19"
"2010-06-28","4","16717","1393.92"
"2010-06-28","4","16718","2500"
"2010-06-28","4","16772","2491.98"
"2010-06-28","4","16773","1976.99"
"2010-06-28","4","16774","1583.31"
"2010-06-30","4","16464","845.97"
"2010-06-30","4","16801","3619.76"
"2010-06-30","4","16775","3560.47"
"2010-06-30","4","16776","7146.02"
"2010-06-30","4","16777","1438.42"
"2010-06-30","4","16778","480.34"
"2010-06-30","4","16779","5000"
"2010-07-02","4","16700","25046.61"
"2010-07-02","4","16465","1500"
"2010-07-02","4","16780","2140.13"
"2010-07-02","4","16781","175.12"
"2010-07-02","4","16582","5517.39"
"2010-07-02","4","16581","13542.86"
"2010-07-02","4","16579","3189.8"
"2010-07-02","4","16580","3998.32"
"2010-07-02","4","16782","3171.34"
"2010-07-02","4","16783","363.27"
"2010-07-02","4","16578","25351.18"
"2010-07-05","4","16785","261.36"
"2010-07-05","4","16802","8372"
"2010-07-05","4","16786","938"
"2010-07-05","4","14581","1898.22"
"2010-07-05","4","14583","2359.52"
"2010-07-05","4","16720","2649"
"2010-07-05","4","16721","4989.46"
"2010-07-05","4","16722","1524.6"
"2010-07-05","4","16719","3616.32"
"2010-07-05","4","16723","1494.27"
"2010-07-05","4","16638","3730.67"
"2010-07-05","4","16639","1910.12"
"2010-07-05","4","16640","793.55"
"2010-07-05","4","16641","967.37"
"2010-07-05","4","16642","434.4"
"2010-07-06","4","116603","289.72"
"2010-07-06","4","16466","758.48"
"2010-07-06","4","16788","7145.5"
"2010-07-06","4","16789","116.6"
"2010-07-06","4","16790","284.37"
"2010-07-06","4","16791","243.52"
"2010-07-06","4","16792","98.18"
"2010-07-08","4","16413","260"
"2010-07-08","4","16414","647"
"2010-07-08","4","16415","2047.01"
"2010-07-08","4","16416","1350"
"2010-07-08","4","15181","955"
"2010-07-08","4","15182","620.11"
"2010-07-08","4","15183","5949.85"
"2010-07-08","4","15184","3026.4"
"2010-07-08","4","15185","1145.14"
"2010-07-08","4","16468","707.2"
"2010-07-08","4","14579","10572"
"2010-07-08","4","16467","924.93"
"2010-07-08","4","16793","3682.03"
"2010-07-08","4","16787","34709.72"
"2010-07-08","4","16795","290.97"
"2010-07-08","4","16796","3514.47"
"2010-07-13","4","16794","3893.78"
"2010-07-13","4","15186","1500"
"2010-07-13","4","16418","14157"
"2010-07-13","4","16419","5518.94"
"2010-07-13","4","16420","996.66"
"2010-07-13","4","16421","1167"
"2010-07-13","4","16643","605.87"
"2010-07-13","4","16644","2496.55"
"2010-07-13","4","16645","233.8"
"2010-07-13","4","16646","647.85"
"2010-07-13","4","16797","5449.84"
"2010-07-13","4","16798","1592.36"
"2010-07-13","4","16909","273.55"
"2010-07-13","4","16910","350"
"2010-07-15","4","16799","3131.78"
"2010-07-15","4","16724","10649.55"
"2010-07-15","4","16725","7123.37"
"2010-07-15","4","16726","2440"
"2010-07-15","4","16727","3999.76"
"2010-07-15","4","16728","8107.82"
"2010-07-15","4","16729","1898.5"
"2010-07-15","4","14226","3007.26"
"2010-07-15","4","16800","20239.27"
"2010-07-16","4","16469","800"
"2010-07-16","4","16851","995.88"
"2010-07-16","4","16587","2062.31"
"2010-07-16","4","16584","3832.64"
"2010-07-16","4","16585","1333.27"
"2010-07-16","4","16586","5681.64"
"2010-07-16","4","16583","838.52"
"2010-07-16","4","16853","800"
"2010-07-16","4","16854","466.7"
"2010-07-16","4","16855","768.12"
"2010-07-16","4","16856","660.72"
"2010-07-16","4","16857","1458.82"
"2010-07-16","4","16852","3714.79"
"2010-07-16","4","16860","850.82"
"2010-07-19","4","16647","600"
"2010-07-19","4","16648","568.71"
"2010-07-19","4","16649","1574.7"
"2010-07-19","4","16650","2638.78"
"2010-07-19","4","16858","9196"
"2010-07-19","4","16470","501.73"
"2010-07-19","4","16861","929.28"
"2010-07-19","4","14584","3733.82"
"2010-07-19","4","16862","1028.82"
"2010-07-19","4","16863","31.64"
"2010-07-21","4","16868","8063.44"
"2010-07-21","4","16864","1275.71"
"2010-07-21","4","16865","605"
"2010-07-21","4","15176","22530"
"2010-07-21","4","16869","700"
"2010-07-29","4","16912","441"
"2010-07-29","4","16803","3793.57"
"2010-07-29","4","16804","2162.84"
"2010-07-29","4","16805","516.12"
"2010-07-29","4","16807","537.6"
"2010-07-29","4","16808","900"
"2010-07-29","4","16809","826.09"
"2010-07-29","4","16810","702"
"2010-07-29","4","16811","1608.36"
"2010-07-29","4","16471","825.5"
"2010-07-29","4","16871","1500.63"
"2010-07-29","4","16866","2482.83"
"2010-07-29","4","16867","8446.82"
"2010-07-29","4","16870","417.4"
"2010-07-29","4","16872","737.93"
"2010-07-29","4","16873","159.25"
"2010-07-29","4","16730","2394"
"2010-07-29","4","16731","1517.84"
"2010-07-29","4","116731","6202.72"
"2010-07-29","4","16732","10967.49"
"2010-07-29","4","15187","6848.63"
"2010-07-29","4","16422","5037"
"2010-07-29","4","16590","9705.44"
"2010-07-29","4","16588","4414.93"
"2010-07-29","4","16589","3269.46"
"2010-07-30","4","15900","201000"
"2010-07-30","4","16951","983.24"
"2010-07-30","4","16952","27225"
"2010-07-30","4","16953","21489.6"
"2010-07-30","4","16954","31384.98"
"2010-07-30","4","16955","7999.71"
"2010-07-30","4","16956","443.66"
"2010-07-30","4","16957","5263.5"
"2010-07-30","4","16958","373.96"
"2010-07-30","4","16959","3184.04"
"2010-08-03","4","15188","11593.21"
"2010-08-03","4","16733","624.41"
"2010-08-03","4","16734","1025.81"
"2010-08-03","4","16735","10100"
"2010-08-03","4","16874","3436.4"
"2010-08-03","4","16875","1147.84"
"2010-08-03","4","16876","3072.59"
"2010-08-03","4","16877","1207.38"
"2010-08-03","4","16816","500"
"2010-08-03","4","16815","112.56"
"2010-08-03","4","16814","3025.96"
"2010-08-03","4","16813","990"
"2010-08-03","4","16812","571.42"
"2010-08-03","4","16878","106384.34"
"2010-08-03","4","16879","53606.43"
"2010-08-03","4","16880","28796.64"
"2010-08-03","4","16960","74415"
"2010-08-03","4","16961","9075"
"2010-08-03","4","16882","240.12"
"2010-08-04","4","16472","457.4"
"2010-08-04","4","16473","621.53"
"2010-08-04","4","16474","1447.45"
"2010-08-04","4","16475","1705.67"
"2010-08-04","4","16476","1592.88"
"2010-08-05","4","16883","10072.61"
"2010-08-05","4","16423","18572.53"
"2010-08-05","4","16884","4607.39"
"2010-08-05","4","16886","3993"
"2010-08-05","4","16885","619.42"
"2010-08-05","4","16477","539.69"
"2010-08-06","4","16888","10708.17"
"2010-08-10","4","14586","582.77"
"2010-08-10","4","14585","8200"
"2010-08-10","4","16591","2281.75"
"2010-08-10","4","16887","1300"
"2010-08-10","4","16890","2352.08"
"2010-08-10","4","16889","1302.14"
"2010-08-10","4","16891","95.29"
"2010-08-10","4","16592","13517.38"
"2010-08-10","4","16892","2181.15"
"2010-08-10","4","16893","1048.58"
"2010-08-10","4","16894","75.86"
"2010-08-10","4","16895","2491.63"
"2010-08-10","4","16737","26505.21"
"2010-08-10","4","16738","16488.35"
"2010-08-10","4","16822","1611.53"
"2010-08-10","4","16818","1555.19"
"2010-08-10","4","16819","926.38"
"2010-08-10","4","16817","600"
"2010-08-10","4","16820","352.37"
"2010-08-10","4","16821","251.62"
"2010-08-10","4","16896","7045.06"
"2010-08-12","4","14227","10285.29"
"2010-08-12","4","14228","1993.21"
"2010-08-12","4","16105","1304.4"
"2010-08-12","4","16897","4902.32"
"2010-08-12","4","16898","3400.59"
"2010-08-12","4","16899","239.94"
"2010-08-13","4","16900","3000"
"2010-08-13","4","16596","5082"
"2010-08-13","4","16595","14340.35"
"2010-08-13","4","16597","9274.87"
"2010-08-13","4","16594","3908.3"
"2010-08-13","4","16593","5096.2"
"2010-08-13","4","16962","68788"
"2010-08-13","4","16478","104.8"
"2010-08-13","4","16479","13262.98"
"2010-08-13","4","16963","753.81"
"2010-08-13","4","16480","1968.19"
"2010-08-13","4","16911","235.1"
"2010-08-13","4","16913","500"
"2010-08-13","4","16914","569.29"
"2010-08-13","4","16915","300"
"2010-08-17","4","16827","2595.62"
"2010-08-17","4","16826","1200"
"2010-08-17","4","16825","223.28"
"2010-08-17","4","16824","761.62"
"2010-08-17","4","16823","613.68"
"2010-08-18","4","16483","9664"
"2010-08-18","4","16484","557.36"
"2010-08-18","4","16482","4902.31"
"2010-08-18","4","16741","3703"
"2010-08-18","4","16742","1424.4"
"2010-08-18","4","16744","21954.78"
"2010-08-18","4","16743","3027.53"
"2010-08-18","4","16739","5039.69"
"2010-08-19","4","16481","2346.17"
"2010-08-19","4","16486","1295.22"
"2010-08-19","4","16487","301.4"
"2010-08-19","4","16488","5076.39"
"2010-08-19","4","16566","125000"
"2010-08-20","4","15189","5390.07"
"2010-08-20","4","15190","3473.47"
"2010-08-20","4","15191","2292.33"
"2010-08-20","4","16424","566"
"2010-08-20","4","16425","4148"
"2010-08-20","4","16426","387.65"
"2010-08-20","4","16489","4081.18"
"2010-08-20","4","16964","37961.09"
"2010-08-23","4","16833","883.43"
"2010-08-23","4","16832","732.16"
"2010-08-23","4","16831","381.19"
"2010-08-23","4","16830","735.53"
"2010-08-23","4","16829","2249.11"
"2010-08-23","4","16828","906.34"
"2010-08-24","4","16967","277.63"
"2010-08-24","4","16490","305.32"
"2010-08-24","4","16491","582.79"
"2010-08-26","4","16598","765.11"
"2010-08-26","4","16599","1000"
"2010-08-26","4","16966","6453.51"
"2010-08-26","4","16492","1833.68"
"2010-08-26","4","16493","215.83"
"2010-08-26","4","16494","27362.1"
"2010-08-26","4","16495","670.67"
"2010-08-26","4","16496","3462.85"
"2010-08-26","4","16916","400"
"2010-08-26","4","16917","801.16"
"2010-08-27","4","16968","746.69"
"2010-08-27","4","16969","566.28"
"2010-08-27","4","16970","11699.44"
"2010-08-27","4","16971","4127.91"
"2010-08-27","4","16497","7477.56"
"2010-08-27","4","16498","4869.77"
"2010-08-30","4","16837","119.95"
"2010-08-30","4","16834","1382.56"
"2010-08-30","4","16836","624.68"
"2010-08-30","4","16838","361.62"
"2010-08-30","4","16839","2533.67"
"2010-08-30","4","16840","1041.64"
"2010-08-30","4","16841","244.9"
"2010-08-30","4","16835","1714.93"
"2010-08-30","4","16499","1189.25"
"2010-08-30","4","16745","1006.72"
"2010-08-30","4","16746","2299"
"2010-08-30","4","16747","9180.84"
"2010-08-30","4","16748","1008.94"
"2010-08-30","4","16749","660.66"
"2010-08-30","4","16500","2502.66"
"2010-08-30","4","16973","401.1"
"2010-08-30","4","16974","99.28"
"2010-08-30","4","16975","6463.35"
"2010-08-30","4","16972","24334.77"
"2010-08-31","4","16976","462.33"
"2010-08-31","4","16978","8701.91"
"2010-09-02","4","16427","1431"
"2010-09-02","4","16428","3836"
"2010-09-02","4","16429","10744.31"
"2010-09-02","4","16430","2384.91"
"2010-09-02","4","16977","5032.72"
"2010-09-02","4","16979","803.44"
"2010-09-02","4","16980","2864.07"
"2010-09-02","4","16981","2359.52"
"2010-09-02","4","16982","1818.32"
"2010-09-02","4","16983","583.8"
"2010-09-02","4","16984","43.88"
"2010-09-02","4","16985","278.03"
"2010-09-02","4","16986","4200.12"
"2010-09-03","4","116975","324.65"
"2010-09-03","4","14587","10541.4"
"2010-09-03","4","14588","883.11"
"2010-09-03","4","14589","3153.14"
"2010-09-03","4","14590","481.68"
"2010-09-03","4","16987","8464.92"
"2010-09-06","4","16843","542.37"
"2010-09-06","4","16845","1166.93"
"2010-09-06","4","16848","3200"
"2010-09-06","4","16847","1892.4"
"2010-09-06","4","16846","2477.89"
"2010-09-06","4","16844","5600.73"
"2010-09-06","4","16842","500"
"2010-09-07","4","16992","2146.64"
"2010-09-07","4","16988","186271.95"
"2010-09-07","4","16989","2886.53"
"2010-09-07","4","16990","9809.11"
"2010-09-07","4","16991","8047.42"
"2010-09-07","4","16993","500"
"2010-09-07","4","16994","1114.68"
"2010-09-07","4","16995","642.15"
"2010-09-07","4","16996","2930.2"
"2010-09-07","4","16997","1619.23"
"2010-09-07","4","16998","1254"
"2010-09-07","4","16999","3222.49"
"2010-09-07","4","17001","425.03"
"2010-09-07","4","17002","2721.63"
"2010-09-08","4","17003","2225.57"
"2010-09-08","4","17004","12787.87"
"2010-09-09","4","17006","1673.28"
"2010-09-09","4","17007","1476.44"
"2010-09-09","4","17008","1629.47"
"2010-09-09","4","17009","365"
"2010-09-10","4","17010","191.95"
"2010-09-10","4","17012","466.01"
"2010-09-10","4","17013","3540.75"
"2010-09-13","4","16850","429.88"
"2010-09-13","4","16849","3300"
"2010-09-13","4","17011","5747.5"
"2010-09-13","4","17014","1894.29"
"2010-09-13","4","17016","729.87"
"2010-09-13","4","17017","7623"
"2010-09-13","4","17018","1075.32"
"2010-09-13","4","15193","653.4"
"2010-09-13","4","15194","1507.24"
"2010-09-13","4","16431","2110"
"2010-09-13","4","17019","706.69"
"2010-09-13","4","17020","835.1"
"2010-09-13","4","17021","2384.98"
"2010-09-13","4","17022","1550"
"2010-09-13","4","17023","182.11"
"2010-09-13","4","16432","1121"
"2010-09-14","4","16433","16580.46"
"2010-09-14","4","15192","1588.9"
"2010-09-14","4","17015","817.96"
"2010-09-14","4","17024","2000"
"2010-09-14","4","16918","300"
"2010-09-14","4","16919","1492"
"2010-09-15","4","17026","3243.78"
"2010-09-15","4","17025","1645.79"
"2010-09-15","4","17027","3630"
"2010-09-15","4","17028","56339"
"2010-09-15","4","17029","1000"
"2010-09-17","4","17000","1127.75"
"2010-09-17","4","17030","5141.66"
"2010-09-17","4","17031","1320.45"
"2010-09-17","4","17033","918.28"
"2010-09-17","4","17034","1476.21"
"2010-09-17","4","17035","4274.93"
"2010-09-17","4","17036","76.04"
"2010-09-17","4","17037","408.38"
"2010-09-21","4","17038","5290.97"
"2010-09-21","4","17040","10391.35"
"2010-09-21","4","17041","1151.9"
"2010-09-21","4","17042","29700.38"
"2010-09-21","4","17043","5941.54"
"2010-09-21","4","17044","2105.56"
"2010-09-21","4","17045","777.6"
"2010-09-21","4","17046","481.83"
"2010-09-21","4","17047","1072"
"2010-09-21","4","17048","1251.68"
"2010-09-21","4","17049","220.8"
"2010-09-21","4","17050","1373.53"
"2010-09-22","4","17052","15972"
"2010-09-22","4","17053","4711.22"
"2010-09-22","4","17054","7400"
"2010-09-22","4","17055","335.65"
"2010-09-24","4","15196","1259.1"
"2010-09-24","4","16434","4578.06"
"2010-09-24","4","17051","17251.51"
"2010-09-24","4","17056","954.69"
"2010-09-24","4","17057","1147.08"
"2010-09-24","4","17058","1244.94"
"2010-09-24","4","17059","114.55"
"2010-09-24","4","17061","4375.8"
"2010-09-24","4","17062","3188.32"
"2010-09-24","4","17063","16000"
"2010-09-24","4","17064","1682.47"
"2010-09-27","4","14229","6100.14"
"2010-09-27","4","14230","5019.99"
"2010-09-27","4","17060","6279.3"
"2010-09-27","4","17065","7635.34"
"2010-09-27","4","17066","4234.5"
"2010-09-27","4","17067","2510"
"2010-09-27","4","17068","503.36"
"2010-09-27","4","17069","2482.34"
"2010-09-27","4","17070","811.51"
"2010-09-27","4","17071","1043.75"
"2010-09-27","4","17072","680.41"
"2010-09-27","4","17073","319.91"
"2010-09-27","4","17074","341.41"
"2010-09-27","4","17075","14841.38"
"2010-09-27","4","16920","504.91"
"2010-09-27","4","16921","541.95"
"2010-09-27","4","16922","500"
"2010-09-28","4","16577","163000"
"2010-09-28","4","116583","161.48"
"2010-09-29","4","17076","1890.73"
"2010-09-29","4","17078","7551.61"
"2010-09-29","4","17079","9619.5"
"2010-09-29","4","17080","2997.48"
"2010-09-29","4","16435","17345.24"
"2010-09-29","4","15197","1391.27"
"2010-09-29","4","15198","684.46"
"2010-09-29","4","15199","4163.4"
"2010-09-29","4","17081","93.78"
"2010-09-30","4","17077","4746.82"
"2010-09-30","4","17082","1601.86"
"2010-09-30","4","17083","2170.66"
"2010-09-30","4","17084","879.19"
"2010-09-30","4","17085","2938.23"
"2010-10-01","4","17087","577.17"
"2010-10-01","4","17088","284.03"
"2010-10-01","4","15890","1491.94"
"2010-10-01","4","17089","67288"
"2010-10-01","4","17090","2074.53"
"2010-10-01","4","17091","4451.74"
"2010-10-01","4","17092","3043.37"
"2010-10-01","4","17093","1635.11"
"2010-10-01","4","17094","1030.25"
"2010-10-01","4","17095","4263"
"2010-10-01","4","17096","2256.01"
"2010-10-01","4","17097","1749.25"
"2010-10-01","4","17098","1714.5"
"2010-10-01","4","17099","1452"
"2010-10-01","4","17100","3812"
"2010-10-01","4","17101","2803.97"
"2010-10-01","4","17102","3908.3"
"2010-10-01","4","17103","2916.05"
"2010-10-01","4","17104","1200"
"2010-10-01","4","17086","487.63"
"2010-10-01","4","17105","255.13"
"2010-10-05","4","116845","133.07"
"2010-10-05","4","17106","4099.48"
"2010-10-05","4","14595","2608.83"
"2010-10-05","4","14596","2000"
"2010-10-05","4","14597","5260.63"
"2010-10-05","4","14598","1471.09"
"2010-10-05","4","14592","2920.51"
"2010-10-05","4","14594","332.45"
"2010-10-05","4","17108","1195.64"
"2010-10-05","4","17109","1285"
"2010-10-05","4","14231","4236.21"
"2010-10-05","4","17110","2000.35"
"2010-10-05","4","17111","2171.8"
"2010-10-05","4","17112","12908.02"
"2010-10-05","4","17113","304.92"
"2010-10-05","4","17114","26253.35"
"2010-10-05","4","17115","5275.39"
"2010-10-05","4","17116","400"
"2010-10-05","4","17117","1158.37"
"2010-10-05","4","17118","391.71"
"2010-10-05","4","17119","1467.2"
"2010-10-05","4","17120","2487.32"
"2010-10-06","4","17107","196.11"
"2010-10-06","4","17121","354"
"2010-10-06","4","17122","535.51"
"2010-10-06","4","16923","650"
"2010-10-08","4","17123","1485.39"
"2010-10-08","4","17124","1715.36"
"2010-10-08","4","16107","4981.02"
"2010-10-08","4","16106","612.61"
"2010-10-08","4","17127","1427.35"
"2010-10-08","4","17128","2862"
"2010-10-08","4","17129","1269.72"
"2010-10-08","4","17130","1433.26"
"2010-10-08","4","17131","1128.44"
"2010-10-08","4","17132","62773.02"
"2010-10-08","4","17133","2820"
"2010-10-08","4","17134","3495.22"
"2010-10-08","4","17135","1876.05"
"2010-10-08","4","17136","968"
"2010-10-08","4","17137","1779.27"
"2010-10-08","4","17138","8085.57"
"2010-10-08","4","14600","8857.58"
"2010-10-08","4","17139","11134.42"
"2010-10-14","4","17125","16737.93"
"2010-10-14","4","17142","252"
"2010-10-14","4","17143","3882"
"2010-10-15","4","17141","7260"
"2010-10-15","4","16436","1623.52"
"2010-10-15","4","16438","817.32"
"2010-10-15","4","16439","1710.6"
"2010-10-15","4","16440","531"
"2010-10-15","4","16443","457.94"
"2010-10-15","4","16445","784.29"
"2010-10-15","4","15200","2784.69"
"2010-10-15","4","17144","2120"
"2010-10-15","4","16442","2349.23"
"2010-10-15","4","16444","2193.48"
"2010-10-15","4","16441","10392"
"2010-10-15","4","16437","6604.73"
"2010-10-15","4","17145","1972.31"
"2010-10-15","4","17146","342.78"
"2010-10-15","4","17147","968"
"2010-10-15","4","17148","516.1"
"2010-10-19","4","17149","11215.4"
"2010-10-19","4","17150","6573.93"
"2010-10-19","4","17151","1617.42"
"2010-10-19","4","17152","4776.94"
"2010-10-19","4","17153","2234"
"2010-10-19","4","17154","3433.41"
"2010-10-19","4","17155","1007.93"
"2010-10-19","4","17156","695.55"
"2010-10-19","4","14232","467.54"
"2010-10-19","4","17157","1406.93"
"2010-10-19","4","17158","7996.79"
"2010-10-19","4","17159","2244.5"
"2010-10-19","4","17160","2524.35"
"2010-10-19","4","17161","1565.15"
"2010-10-19","4","17162","709.99"
"2010-10-19","4","17163","292.64"
"2010-10-19","4","17164","210.91"
"2010-10-19","4","17165","579.78"
"2010-10-19","4","17166","469.8"
"2010-10-19","4","17167","154.5"
"2010-10-19","4","17168","956.09"
"2010-10-19","4","17169","1529.01"
"2010-10-20","4","17170","941.81"
"2010-10-20","4","17171","3757.78"
"2010-10-20","4","17172","10781.1"
"2010-10-20","4","17173","385"
"2010-10-20","4","17174","10725.31"
"2010-10-20","4","17175","2596.25"
"2010-10-20","4","17176","4346"
"2010-10-20","4","17177","514.47"
"2010-10-21","4","17178","2946.24"
"2010-10-22","4","17180","170.87"
"2010-10-22","4","17181","4509"
"2010-10-22","4","17182","2181.89"
"2010-10-22","4","17183","9188.69"
"2010-10-22","4","17185","941.31"
"2010-10-22","4","17186","842"
"2010-10-22","4","17187","544.5"
"2010-10-22","4","17188","500"
"2010-10-26","4","17189","154.88"
"2010-10-26","4","17190","3797.13"
"2010-10-26","4","17191","864.95"
"2010-10-26","4","17192","432.22"
"2010-10-26","4","17193","2227.25"
"2010-10-26","4","17194","678.9"
"2010-10-26","4","17195","1401.87"
"2010-10-26","4","17196","327.63"
"2010-10-26","4","17197","1203"
"2010-10-26","4","17198","201.61"
"2010-10-26","4","17199","500"
"2010-10-26","4","17184","6541.46"
"2010-10-26","4","17200","18876"
"2010-10-26","4","17201","1200"
"2010-10-26","4","17202","791.08"
"2010-10-28","4","17203","8291.52"
"2010-10-28","4","17204","7280.04"
"2010-10-28","4","17205","10831.04"
"2010-10-28","4","17206","11275.14"
"2010-10-28","4","17207","1745"
"2010-10-28","4","17208","4777.05"
"2010-10-28","4","17209","6117.94"
"2010-10-28","4","17210","2262.66"
"2010-10-28","4","17211","5445"
"2010-10-28","4","17212","1952.98"
"2010-10-28","4","17213","1792.11"
"2010-10-28","4","17214","4912.84"
"2010-10-28","4","17215","7224.79"
"2010-10-29","4","16600","125000"
"2010-10-29","4","17216","2913.68"
"2010-10-29","4","17217","1614.95"
"2010-10-29","4","17218","2750"
"2010-10-29","4","16447","4303"
"2010-10-29","4","16446","39848.78"
"2010-10-29","4","17219","15715.71"
"2010-11-03","4","17222","1439.66"
"2010-11-03","4","17221","1755.08"
"2010-11-03","4","17220","1176.92"
"2010-11-03","4","16449","750"
"2010-11-03","4","17223","471.91"
"2010-11-03","4","17224","316.93"
"2010-11-03","4","17225","1130.85"
"2010-11-03","4","17226","1422.48"
"2010-11-03","4","17227","706.24"
"2010-11-03","4","17228","1286.11"
"2010-11-03","4","17229","1483.37"
"2010-11-03","4","17230","820.36"
"2010-11-03","4","17231","2286.9"
"2010-11-03","4","17232","1000"
"2010-11-03","4","17233","10859.75"
"2010-11-03","4","17234","576.31"
"2010-11-03","4","17235","87.67"
"2010-11-04","4","17236","64.72"
"2010-11-04","4","17238","1385"
"2010-11-04","4","16448","8416.6"
"2010-11-05","4","17239","1096.93"
"2010-11-05","4","17237","635.25"
"2010-11-05","4","17242","2843.5"
"2010-11-05","4","17240","1735.14"
"2010-11-05","4","17244","1981.96"
"2010-11-05","4","17245","875.97"
"2010-11-05","4","17246","1617.71"
"2010-11-05","4","17247","821.48"
"2010-11-05","4","17248","284.32"
"2010-11-05","4","17249","2416.25"
"2010-11-05","4","17250","694.54"
"2010-11-05","4","17251","1309.37"
"2010-11-05","4","17252","4289.09"
"2010-11-05","4","17241","3388"
"2010-11-05","4","17253","187.54"
"2010-11-05","4","17254","450"
"2010-11-08","4","17255","10310.83"
"2010-11-08","4","17256","1777.59"
"2010-11-08","4","17257","5497"
"2010-11-08","4","17258","1797.67"
"2010-11-08","4","17259","4554.28"
"2010-11-08","4","17260","2936.98"
"2010-11-08","4","17261","2514"
"2010-11-08","4","17262","3887.16"
"2010-11-08","4","17263","6734.77"
"2010-11-08","4","17264","967.7"
"2010-11-10","4","17267","7647.2"
"2010-11-10","4","17243","1996.5"
"2010-11-10","4","17265","66912.6"
"2010-11-10","4","17268","1479.68"
"2010-11-10","4","17269","1614.42"
"2010-11-10","4","17270","748.39"
"2010-11-10","4","17271","2800"
"2010-11-10","4","17272","5728.6"
"2010-11-10","4","17273","1945.88"
"2010-11-10","4","17274","11253.22"
"2010-11-11","4","17266","2880.08"
"2010-11-11","4","17277","1277.46"
"2010-11-11","4","17278","2798.73"
"2010-11-11","4","17279","2400"
"2010-11-11","4","17280","3402.52"
"2010-11-11","4","17281","1301.42"
"2010-11-11","4","17282","1529.8"
"2010-11-11","4","17283","757.42"
"2010-11-11","4","17285","1143.69"
"2010-11-11","4","17286","3701.37"
"2010-11-11","4","17287","1285.26"
"2010-11-11","4","17288","2313.78"
"2010-11-11","4","17289","1246"
"2010-11-11","4","17290","800"
"2010-11-11","4","17291","1000"
"2010-11-12","4","17292","344.04"
"2010-11-12","4","17293","875.19"
"2010-11-12","4","17294","500"
"2010-11-12","4","17295","12386.54"
"2010-11-12","4","17296","14257.79"
"2010-11-12","4","17298","3779.13"
"2010-11-12","4","17299","14174.01"
"2010-11-12","4","17300","21100.18"
"2010-11-12","4","17301","4923.49"
"2010-11-16","4","17302","1306.8"
"2010-11-16","4","17303","1548.59"
"2010-11-16","4","17304","2200"
"2010-11-16","4","17305","1293"
"2010-11-16","4","17306","3920.4"
"2010-11-16","4","17307","24451.68"
"2010-11-16","4","17308","1700"
"2010-11-16","4","17309","4640.45"
"2010-11-16","4","17310","7951.52"
"2010-11-16","4","17311","858.88"
"2010-11-16","4","17312","979.67"
"2010-11-16","4","17313","522.78"
"2010-11-16","4","17314","1320.01"
"2010-11-16","4","17315","618.12"
"2010-11-16","4","17316","3539.25"
"2010-11-16","4","17317","979.84"
"2010-11-16","4","17318","824.17"
"2010-11-16","4","17319","458.49"
"2010-11-16","4","17320","222.04"
"2010-11-16","4","17321","1082.78"
"2010-11-17","4","17276","260"
"2010-11-18","4","17322","717.36"
"2010-11-18","4","17323","699.98"
"2010-11-18","4","173247","261.36"
"2010-11-18","4","17326","7831.34"
"2010-11-18","4","17327","1371.35"
"2010-11-18","4","17328","31764"
"2010-11-18","4","17329","2470.31"
"2010-11-19","4","17325","5000"
"2010-11-19","4","17330","2221.8"
"2010-11-19","4","17331","26267.38"
"2010-11-19","4","17332","354.53"
"2010-11-19","4","17333","838"
"2010-11-19","4","17334","414"
"2010-11-19","4","17335","880.55"
"2010-11-19","4","17336","100.61"
"2010-11-23","4","17337","2875"
"2010-11-23","4","17338","1665.99"
"2010-11-23","4","17339","6456"
"2010-11-23","4","17340","3190.22"
"2010-11-23","4","17341","5156.46"
"2010-11-23","4","17342","1800.48"
"2010-11-23","4","17343","2092.21"
"2010-11-23","4","17344","1496.78"
"2010-11-24","4","17345","8617.64"
"2010-11-24","4","17346","2459.91"
"2010-11-24","4","17347","630"
"2010-11-24","4","17348","1940"
"2010-11-24","4","17349","1277.3"
"2010-11-24","4","17350","1088.5"
"2010-11-24","4","17351","855.49"
"2010-11-24","4","17352","628.24"
"2010-11-24","4","17353","861.9"
"2010-11-24","4","17354","5200.97"
"2010-11-24","4","17355","1000.84"
"2010-11-24","4","17356","1000"
"2010-11-24","4","17357","291.6"
"2010-11-24","4","17358","381.15"
"2010-11-25","4","117327","128.65"
"2010-11-25","4","17359","7683.98"
"2010-11-25","4","17360","2371.32"
"2010-11-26","4","17361","3489.95"
"2010-11-26","4","17362","263.7"
"2010-11-26","4","17363","8471.06"
"2010-11-26","4","17364","1877.3"
"2010-11-26","4","17365","1396.08"
"2010-11-26","4","17366","923.13"
"2010-11-29","4","17368","880"
"2010-11-29","4","17369","3000"
"2010-11-29","4","17370","620.57"
"2010-11-29","4","17371","1747.58"
"2010-11-29","4","17372","10191.01"
"2010-11-29","4","17373","4087.55"
"2010-11-29","4","17374","1300"
"2010-11-29","4","17375","14427.07"
"2010-11-29","4","17376","5698.01"
"2010-11-29","4","17377","700"
"2010-11-29","4","17378","2744.28"
"2010-11-29","4","17379","1249.61"
"2010-11-29","4","17380","889.71"
"2010-11-29","4","17381","1052.73"
"2010-11-29","4","17382","338"
"2010-11-29","4","17383","209.77"
"2010-11-29","4","17384","89.61"
"2010-11-29","4","17385","91.5"
"2010-11-30","4","17367","3049.2"
"2010-11-30","4","17387","594.68"
"2010-11-30","4","17388","591.48"
"2010-11-30","4","17389","4012.64"
"2010-11-30","4","17390","969.73"
"2010-11-30","4","17391","3578.98"
"2010-11-30","4","17392","854.14"
"2010-11-30","4","17393","2620.35"
"2010-11-30","4","17394","2350"
"2010-11-30","4","17395","6800"
"2010-11-30","4","17386","5309.97"
"2010-11-30","4","17396","65000"
"2010-12-03","4","17397","5082"
"2010-12-03","4","17399","1752.43"
"2010-12-03","4","17398","1688.94"
"2010-12-03","4","17401","1927.28"
"2010-12-03","4","17402","991.32"
"2010-12-03","4","17403","738.67"
"2010-12-03","4","17404","181.85"
"2010-12-03","4","17405","4973.1"
"2010-12-03","4","17406","2020"
"2010-12-03","4","17407","446.3"
"2010-12-03","4","17408","582"
"2010-12-03","4","17409","1408.24"
"2010-12-03","4","17410","400"
"2010-12-03","4","17411","5274.26"
"2010-12-03","4","17412","4361.73"
"2010-12-03","4","17413","335.44"
"2010-12-03","4","17414","634"
"2010-12-06","4","17416","609.84"
"2010-12-06","4","17417","1364.06"
"2010-12-06","4","17418","4224.95"
"2010-12-06","4","17419","2026.39"
"2010-12-06","4","17420","4108.58"
"2010-12-06","4","17421","4094.77"
"2010-12-06","4","17422","3904"
"2010-12-06","4","17423","2476"
"2010-12-07","4","17425","1300"
"2010-12-10","4","17424","4254.99"
"2010-12-10","4","17426","8806.33"
"2010-12-10","4","17427","1178.18"
"2010-12-10","4","17428","1339.36"
"2010-12-10","4","17429","6075.52"
"2010-12-10","4","17430","877.95"
"2010-12-10","4","17431","456.93"
"2010-12-10","4","17432","553.71"
"2010-12-10","4","17433","1340.83"
"2010-12-10","4","17434","3909.3"
"2010-12-10","4","17435","1152.79"
"2010-12-10","4","17436","115.73"
"2010-12-10","4","17437","4246.61"
"2010-12-10","4","17438","966.42"
"2010-12-10","4","17439","1535.07"
"2010-12-10","4","17440","3572.64"
"2010-12-10","4","17441","2413.95"
"2010-12-10","4","17442","2500"
"2010-12-10","4","17443","33247.78"
"2010-12-10","4","17444","2061.84"
"2010-12-10","4","17445","10748.43"
"2010-12-10","4","17446","6505.32"
"2010-12-10","4","17447","1085.37"
"2010-12-10","4","17448","2336.82"
"2010-12-10","4","17449","697.86"
"2010-12-10","4","17450","2310.21"
"2010-12-14","4","17451","16825.57"
"2010-12-14","4","17452","8931.69"
"2010-12-14","4","17453","6045.27"
"2010-12-14","4","17454","4786.67"
"2010-12-14","4","17455","628.51"
"2010-12-14","4","17456","1556.59"
"2010-12-14","4","17457","1452.93"
"2010-12-14","4","17458","6026.5"
"2010-12-14","4","17459","6622"
"2010-12-14","4","17460","4550"
"2010-12-14","4","17461","26202.26"
"2010-12-14","4","17462","2567.55"
"2010-12-14","4","17463","17883.02"
"2010-12-14","4","17464","750.1"
"2010-12-14","4","17465","1117.34"
"2010-12-14","4","17466","4473.37"
"2010-12-15","4","17467","42046.94"
"2010-12-15","4","17468","2487.76"
"2010-12-15","4","17469","3949.44"
"2010-12-15","4","17470","7856.87"
"2010-12-15","4","17471","1948.26"
"2010-12-15","4","17472","2865.22"
"2010-12-15","4","17473","982.28"
"2010-12-15","4","17474","1592.84"
"2010-12-15","4","17475","2761.55"
"2010-12-15","4","17476","1048.74"
"2010-12-15","4","17477","4746.93"
"2010-12-15","4","17478","596.23"
"2010-12-16","4","17479","3018.25"
"2010-12-16","4","17480","46097.75"
"2010-12-16","4","17481","1468.47"
"2010-12-16","4","17482","8405"
"2010-12-16","4","17483","737.85"
"2010-12-16","4","17484","378.2"
"2010-12-16","4","17485","405.24"
"2010-12-16","4","17486","290"
"2010-12-16","4","17487","730.61"
"2010-12-17","4","17488","2633.89"
"2010-12-17","4","17489","7869.31"
"2010-12-17","4","17490","3632.54"
"2010-12-17","4","17492","40000"
"2010-12-17","4","17493","33.51"
"2010-12-17","4","17494","7274.28"
"2010-12-28","4","17495","5638.94"
"2010-12-28","4","17496","1571.79"
"2010-12-28","4","17497","784.08"
"2010-12-28","4","17498","4065.6"
"2010-12-28","4","17499","1089"
"2010-12-28","4","17500","2120.46"
"2010-12-28","4","17501","2100"
"2010-12-28","4","17502","10295.9"
"2010-12-28","4","17503","1991.37"
"2010-12-28","4","17504","1384"
"2010-12-28","4","17505","4475"
"2010-12-28","4","17506","3226.71"
"2010-12-28","4","17507","1084.74"
"2010-12-28","4","17508","261.15"
"2010-12-28","4","17509","1743.12"
"2010-12-28","4","17510","1218.23"
"2010-12-28","4","17511","833.53"
"2010-12-28","4","17512","782.62"
"2010-12-28","4","17513","1931.16"
"2010-12-28","4","17514","2047.8"
"2010-12-28","4","17515","2702.53"
"2010-12-28","4","17516","12705"
"2010-12-28","4","17518","34946.73"
"2010-12-28","4","17519","1137.47"
"2010-12-28","4","17520","11809.3"
"2010-12-28","4","17521","1530.47"
"2010-12-28","4","17522","1974.72"
"2010-12-28","4","17523","4500"
"2010-12-28","4","17524","2076.36"
"2010-12-28","4","17525","752.77"
"2010-12-28","4","17526","9199.93"
"2010-12-28","4","17527","3324.78"
"2010-12-28","4","17517","16629.14"
"2010-12-28","4","17528","1200"
"2010-12-29","4","17531","7833"
"2010-12-29","4","17532","386.18"
"2010-12-29","4","17533","278"
"2010-12-29","4","17534","2605.32"
"2010-12-29","4","17535","2967.09"
"2010-12-29","4","17536","1733.47"
"2010-12-29","4","17537","1129.08"
"2010-12-29","4","17538","1464.1"
"2010-12-29","4","17539","877.12"
"2010-12-29","4","17540","1228.55"
"2010-12-29","4","17541","1000"
"2010-12-29","4","17542","754.9"
"2010-12-29","4","17543","457"
"2010-12-29","4","17544","1175.11"
"2010-12-29","4","17545","7418.99"
"2010-12-29","4","17546","1164.99"
"2010-12-29","4","17547","99.62"
"2010-12-29","4","17548","4587"
"2010-12-30","4","17549","70000"
"2010-12-30","4","17530","4239.59"
"2010-12-30","4","17550","2311.1"
"2010-12-30","4","17551","10632.27"
"2010-12-30","4","17552","1159.43"
"2010-12-30","4","17553","1512.3"
"2011-01-04","4","17529","1341.25"
"2011-01-04","4","17554","5290.36"
"2011-01-04","4","17555","1103.95"
"2011-01-04","4","17556","2186.62"
"2011-01-04","4","17557","3451.26"
"2011-01-04","4","17558","15636.64"
"2011-01-04","4","17559","14463.41"
"2011-01-04","4","17560","2685.63"
"2011-01-04","4","17561","4655.26"
"2011-01-04","4","17562","1638.4"
"2011-01-04","4","17563","183.23"
"2011-01-04","4","17564","7264.72"
"2011-01-04","4","17565","423.94"
"2011-01-04","4","17566","4491.25"
"2011-01-04","4","17567","2906.48"
"2011-01-04","4","17568","5597.08"
"2011-01-04","4","17569","1207.7"
"2011-01-06","4","17570","858.92"
"2011-01-06","4","17571","6565.96"
"2011-01-06","4","17572","726.02"
"2011-01-06","4","17573","2360.9"
"2011-01-06","4","17574","629.91"
"2011-01-06","4","17575","3368.34"
"2011-01-06","4","17576","1678.4"
"2011-01-06","4","17577","911.95"
"2011-01-06","4","17578","889.68"
"2011-01-06","4","17579","1056.13"
"2011-01-06","4","17580","3467.38"
"2011-01-06","4","17581","1833.39"
"2011-01-06","4","17582","860"
"2011-01-06","4","17583","588"
"2011-01-06","4","17584","2028"
"2011-01-06","4","17585","3253.88"
"2011-01-06","4","17586","5939.54"
"2011-01-06","4","17587","1298.66"
"2011-01-06","4","17588","3110.2"
"2011-01-06","4","17589","2199.97"
"2011-01-06","4","17590","5291.1"
"2011-01-06","4","17591","13609.25"
"2011-01-06","4","17592","6433.51"
"2011-01-07","4","17593","736.41"
"2011-01-07","4","17594","3654.08"
"2011-01-07","4","17595","576.64"
"2011-01-07","4","17596","1178.03"
"2011-01-07","4","17597","1000"
"2011-01-07","4","17598","4000"
"2011-01-07","4","17599","1906.24"
"2011-01-07","4","17600","136.92"
"2011-01-07","4","17601","286.91"
"2011-01-07","4","17602","2062.7"
"2011-01-07","4","17603","2231.39"
"2011-01-07","4","577","5775"
"2011-01-07","4","17605","489.5"
"2011-01-11","4","17606","1193.32"
"2011-01-13","4","17608","13672.3"
"2011-01-13","4","17607","6833.82"
"2011-01-13","4","17609","3150.89"
"2011-01-13","4","17610","8266.26"
"2011-01-13","4","17611","2917.78"
"2011-01-13","4","17612","2631.54"
"2011-01-13","4","17613","772.05"
"2011-01-13","4","17614","3968.8"
"2011-01-13","4","17615","822.56"
"2011-01-13","4","17616","504.35"
"2011-01-14","4","17617","1572.03"
"2011-01-14","4","17618","772.56"
"2011-01-14","4","17619","585"
"2011-01-19","4","17620","17932.2"
"2011-01-19","4","17621","2844.29"
"2011-01-19","4","17622","11396.14"
"2011-01-19","4","17623","5785.06"
"2011-01-19","4","17624","1999.19"
"2011-01-19","4","17627","1287.7"
"2011-01-19","4","17628","2325.23"
"2011-01-19","4","17629","3751"
"2011-01-19","4","17630","10043.27"
"2011-01-20","4","17625","179.04"
"2011-01-20","4","17626","1883.97"
"2011-01-20","4","17631","1996"
"2011-01-20","4","17632","1004.52"
"2011-01-20","4","17633","16496"
"2011-01-20","4","17634","858"
"2011-01-20","4","17635","493.14"
"2011-01-20","4","17636","291.13"
"2011-01-20","4","17637","1770.44"
"2011-01-20","4","17638","466.21"
"2011-01-20","4","17639","864.66"
"2011-01-20","4","17640","3027.32"
"2011-01-20","4","17641","686.82"
"2011-01-20","4","17642","1189.12"
"2011-01-20","4","17643","980.9"
"2011-01-20","4","17644","762.43"
"2011-01-21","4","17645","7618.23"
"2011-01-21","4","17646","715.5"
"2011-01-21","4","17647","1761.76"
"2011-01-21","4","17648","422.6"
"2011-01-21","4","17649","2277.04"
"2011-01-21","4","17650","472"
"2011-01-21","4","17651","395.57"
"2011-01-21","4","17652","22106.07"
"2011-01-21","4","17653","20295.93"
"2011-01-21","4","17654","15323.17"
"2011-01-21","4","17655","4905.97"
"2011-01-21","4","17656","2812.15"
"2011-01-21","4","17657","2403.97"
"2011-01-21","4","17658","3582.96"
"2011-01-21","4","17659","6892.2"
"2011-01-25","4","17660","2144.01"
"2011-01-25","4","17661","2120.74"
"2011-01-25","4","17662","970.91"
"2011-01-25","4","17663","221.35"
"2011-01-25","4","17664","1360.72"
"2011-01-25","4","17665","1359.7"
"2011-01-26","4","17666","502.37"
"2011-01-26","4","17667","507.65"
"2011-01-26","4","17668","883"
"2011-01-28","4","17669","8872.86"
"2011-01-28","4","17670","3165.07"
"2011-01-28","4","17671","3686.87"
"2011-01-28","4","17672","1743"
"2011-01-28","4","17673","14124.75"
"2011-01-28","4","17674","175.45"
"2011-01-28","4","17675","826.31"
"2011-01-28","4","17676","666.47"
"2011-01-28","4","17677","1101.03"
"2011-01-28","4","17678","7567.1"
"2011-01-28","4","17679","1896.44"
"2011-01-28","4","17680","4146.13"
"2011-01-28","4","17681","1592.65"
"2011-01-28","4","17682","2780.53"
"2011-01-28","4","17683","22395.72"
"2011-01-28","4","17684","7662"
"2011-01-28","4","17685","3200"
"2011-01-28","4","17686","1020"
"2011-01-28","4","17687","1000"
"2011-01-28","4","17688","7935.91"
"2011-01-31","4","17689","6513.88"
"2011-01-31","4","17690","5985.87"
"2011-01-31","4","17691","28071.95"
"2011-01-31","4","17692","5472.42"
"2011-01-31","4","17693","17288.18"
"2011-01-31","4","17694","3420.67"
"2011-01-31","4","17695","6402.52"
"2011-01-31","4","17696","795.74"
"2011-01-31","4","17697","18525.1"
"2011-01-31","4","17698","10483.85"
"2011-01-31","4","17699","14333.49"
"2011-01-31","4","17700","3200"
"2011-01-31","4","17701","11248.16"
"2011-01-31","4","17702","8490.42"
"2011-01-31","4","17703","1980.49"
"2011-01-31","4","17704","3242.8"
"2011-01-31","4","17705","16135.26"
"2011-01-31","4","17706","3248.63"
"2011-01-31","4","17707","4537.5"
"2011-01-31","4","17708","75000"
"2011-01-31","4","17709","311.45"
"2011-02-04","4","17710","2152.59"
"2011-02-04","4","17711","10721.69"
"2011-02-04","4","17712","419.92"
"2011-02-04","4","17713","850.88"
"2011-02-04","4","17714","60269.62"
"2011-02-04","4","17715","27075.93"
"2011-02-04","4","17716","1338.64"
"2011-02-04","4","17717","2724.86"
"2011-02-04","4","17718","26996.49"
"2011-02-04","4","17719","53821.13"
"2011-02-04","4","17720","4594.15"
"2011-02-09","4","17721","2081.25"
"2011-02-09","4","17722","7957.73"
"2011-02-09","4","17723","313.64"
"2011-02-09","4","17724","379.92"
"2011-02-09","4","17725","945.39"
"2011-02-09","4","17726","953.38"
"2011-02-09","4","17727","12312.56"
"2011-02-09","4","17728","7758"
"2011-02-09","4","17729","599.97"
"2011-02-09","4","17730","400"
"2011-02-09","4","17731","200"
"2011-02-09","4","17732","723.93"
"2011-02-09","4","17734","14127.17"
"2011-02-11","4","17735","1726.25"
"2011-02-11","4","17736","14862.57"
"2011-02-11","4","17737","46338.63"
"2011-02-11","4","17738","6071.83"
"2011-02-11","4","17739","3616.92"
"2011-02-11","4","17740","2921.38"
"2011-02-11","4","17741","9104.83"
"2011-02-11","4","17742","338.57"
"2011-02-14","4","17743","4546.94"
"2011-02-14","4","17744","896.9"
"2011-02-14","4","17745","232.1"
"2011-02-14","4","17746","2097.15"
"2011-02-14","4","17747","1284.25"
"2011-02-14","4","17748","2981"
"2011-02-14","4","17749","1593.94"
"2011-02-14","4","17750","13700.12"
"2011-02-14","4","17751","471.75"
"2011-02-14","4","17752","1314.19"
"2011-02-14","4","17753","193.33"
"2011-02-14","4","17754","936.7"
"2011-02-14","4","17755","397.18"
"2011-02-14","4","17756","539.76"
"2011-02-14","4","17757","1526.66"
"2011-02-14","4","17758","1703.14"
"2011-02-14","4","17759","7713.75"
"2011-02-14","4","17760","653"
"2011-02-14","4","17761","10250"
"2011-02-14","4","17763","24570.53"
"2011-02-14","4","17764","4153.22"
"2011-02-14","4","17765","2500"
"2011-03-02","4","17766","60652.79"
"2011-03-02","4","17767","2022.9"
"2011-03-02","4","17768","3206.5"
"2011-03-02","4","17769","835.53"
"2011-03-02","4","17770","13283.16"
"2011-03-02","4","17771","3266.88"
"2011-03-02","4","17772","892.77"
"2011-03-02","4","17773","9576.42"
"2011-03-02","4","17774","2178"
"2011-03-02","4","17775","1378.84"
"2011-03-02","4","17776","4188.17"
"2011-03-02","4","17777","2720"
"2011-03-02","4","17778","4575.74"
"2011-03-02","4","17779","879"
"2011-03-02","4","17780","1454.65"
"2011-03-02","4","17781","639.31"
"2011-03-02","4","17782","3230.79"
"2011-03-02","4","17783","1853.78"
"2011-03-02","4","17784","5003.61"
"2011-03-02","4","17785","39763.97"
"2011-03-02","4","17786","9560.66"
"2011-03-03","4","17787","5028.19"
"2011-03-03","4","17788","12013.99"
"2011-03-03","4","17789","2761.22"
"2011-03-03","4","17790","1358.54"
"2011-03-03","4","17791","11815.33"
"2011-03-03","4","17792","12156"
"2011-03-03","4","17793","6277.3"
"2011-03-03","4","17794","7589.34"
"2011-03-03","4","17795","1332.19"
"2011-03-03","4","17796","7206.54"
"2011-03-03","4","17797","6707.87"
"2011-03-03","4","17798","4318.96"
"2011-03-03","4","17799","600.67"
"2011-03-03","4","17800","1751.93"
"2011-03-03","4","17801","7792.35"
"2011-03-03","4","17802","151.8"
"2011-03-03","4","17803","1059.85"
"2011-03-03","4","17804","988.69"
"2011-03-03","4","17805","397.53"
"2011-03-03","4","17806","851.39"
"2011-03-03","4","17807","1226.82"
"2011-03-03","4","17808","3928.46"
"2011-03-03","4","17809","514.36"
"2011-03-03","4","17810","3881.19"
"2011-03-03","4","17811","1294.59"
"2011-03-03","4","17812","3201.26"
"2011-03-03","4","17813","2400"
"2011-03-03","4","17814","1666.17"
"2011-03-03","4","17815","723.91"
"2011-03-03","4","17816","3298"
"2011-03-03","4","17817","3018.12"
"2011-03-03","4","17818","20624.79"
"2011-03-03","4","17819","6214.86"
"2011-03-03","4","17820","1081.28"
"2011-03-03","4","17821","992.25"
"2011-03-03","4","17822","466.08"
"2011-03-03","4","17823","802.78"
"2011-03-03","4","17824","611.58"
"2011-03-03","4","17825","991.97"
"2011-03-03","4","17826","403.81"
"2011-03-03","4","17827","298.11"
"2011-03-03","4","17828","963.97"
"2011-03-03","4","17829","698.51"
"2011-03-03","4","17830","4378.57"
"2011-03-03","4","17831","40229.53"
"2011-03-03","4","17832","6990.7"
"2011-03-03","4","17833","770.28"
"2011-03-03","4","17834","8589.18"
"2011-03-03","4","17835","1480.36"
"2011-03-04","4","17836","309.77"
"2011-03-04","4","17837","765.82"
"2011-03-04","4","17838","673.26"
"2011-03-04","4","17839","75000"
"2011-03-04","4","17840","1209.98"
"2011-03-04","4","17841","1380.5"
"2011-03-04","4","17842","2000"
"2011-03-04","4","17843","1323.5"
"2011-03-04","4","17844","2750.1"
"2011-03-04","4","17845","2638.41"
"2011-03-04","4","17846","12633.79"
"2011-03-09","4","17847","678.86"
"2011-03-09","4","17848","500"
"2011-03-10","4","17849","5757"
"2011-03-10","4","17850","4713.58"
"2011-03-10","4","17851","4098.6"
"2011-03-10","4","17852","938.68"
"2011-03-10","4","17853","1193.81"
"2011-03-10","4","17854","611.31"
"2011-03-10","4","17855","1858.3"
"2011-03-11","4","17856","5795.87"
"2011-03-11","4","17857","4045"
"2011-03-11","4","17858","853.45"
"2011-03-11","4","17859","107.51"
"2011-03-11","4","17860","1652.82"
"2011-03-11","4","17861","1657.3"
"2011-03-11","4","17862","2883.3"
"2011-03-11","4","17863","912.6"
"2011-03-11","4","17864","549.68"
"2011-03-11","4","17865","956.6"
"2011-03-11","4","17866","547.01"
"2011-03-11","4","17867","5991.42"
"2011-03-11","4","17868","2018.67"
"2011-03-11","4","17869","1367.08"
"2011-03-11","4","17870","3602"
"2011-03-11","4","17871","900"
"2011-03-11","4","17872","4965.04"
"2011-03-11","4","17873","5863.27"
"2011-03-11","4","17874","130817.34"
"2011-03-14","4","17875","1328.58"
"2011-03-14","4","17876","31527.28"
"2011-03-14","4","17877","1484.1"
"2011-03-14","4","17878","6502.54"
"2011-03-14","4","17879","3050"
"2011-03-14","4","17880","6754.72"
"2011-03-14","4","17881","2946.83"
"2011-03-14","4","17882","1221.67"
"2011-03-14","4","17883","760"
"2011-03-14","4","17884","2245.01"
"2011-03-14","4","17885","11709.32"
"2011-03-14","4","17886","3465.24"
"2011-03-16","4","17887","3644.8"
"2011-03-16","4","17888","5050.19"
"2011-03-17","4","17889","386.76"
"2011-03-17","4","17890","446.04"
"2011-03-17","4","17891","4478.39"
"2011-03-17","4","17892","775.39"
"2011-03-17","4","17893","2560.81"
"2011-03-17","4","17894","1770.81"
"2011-03-17","4","17895","16221.49"
"2011-03-17","4","17896","46761.71"
"2011-03-17","4","17897","10050"
"2011-03-17","4","17898","4656.47"
"2011-03-17","4","17899","2101.71"
"2011-03-17","4","17900","7886.35"
"2011-03-17","4","17901","3142.15"
"2011-03-18","4","17902","1727.5"
"2011-03-18","4","17903","4104.32"
"2011-03-18","4","17904","15111.92"
"2011-03-18","4","17905","333"
"2011-03-21","4","17906","1836.74"
"2011-03-22","4","17907","739.48"
"2011-03-22","4","17908","7810.07"
"2011-03-23","4","17909","4542.34"
"2011-03-23","4","17910","29844.76"
"2011-03-23","4","17911","5611.98"
"2011-03-23","4","17912","3940.91"
"2011-03-23","4","17913","29744.1"
"2011-03-23","4","17914","255.87"
"2011-03-23","4","17916","843.02"
"2011-03-23","4","17917","31216.4"
"2011-03-23","4","17918","491.34"
"2011-03-23","4","17919","29234.74"
"2011-03-23","4","17920","14647.05"
"2011-03-23","4","17921","218.18"
"2011-03-23","4","17922","1993.18"
"2011-03-23","4","17923","6922.21"
"2011-03-23","4","17924","19251.1"
"2011-03-23","4","17925","566.28"
"2011-03-23","4","17926","1765.35"
"2011-03-23","4","17927","1174.73"
"2011-03-23","4","17928","500"
"2011-03-23","4","17929","2321.78"
"2011-03-23","4","17930","2216.45"
"2011-03-23","4","17931","3503.19"
"2011-03-23","4","17932","1685.24"
"2011-03-23","4","17933","5484.66"
"2011-03-23","4","17934","2318"
"2011-03-23","4","17935","1294.97"
"2011-03-23","4","17936","6963.34"
"2011-03-23","4","17937","669.2"
"2011-03-23","4","17938","1266.46"
"2011-03-23","4","17939","707.29"
"2011-03-23","4","17940","552.5"
"2011-03-23","4","17941","1894.75"
"2011-03-23","4","17942","3701.37"
"2011-03-23","4","17943","441.04"
"2011-03-23","4","17944","300"
"2011-03-23","4","17946","344.69"
"2011-03-23","4","17947","3993"
"2011-03-23","4","17948","3186.41"
"2011-03-23","4","17949","605"
"2011-03-23","4","17950","169.1"
"2011-03-23","4","17951","389.18"
"2011-03-23","4","17952","977.56"
"2011-03-23","4","17953","90.97"
"2011-03-23","4","17954","118.82"
"2011-03-23","4","17955","351"
"2011-03-23","4","17956","434.09"
"2011-03-29","4","17957","1950.92"
"2011-03-29","4","17958","1573"
"2011-03-29","4","17959","2683.97"
"2011-03-29","4","17960","2368.18"
"2011-03-29","4","17961","24193.61"
"2011-03-29","4","17962","2200"
"2011-03-29","4","17963","812.02"
"2011-03-29","4","17964","2200"
"2011-03-30","4","17965","413.3"
"2011-03-30","4","17966","29238.06"
"2011-03-30","4","17967","11256"
"2011-03-30","4","17968","163.31"
"2011-03-30","4","17969","12155.58"
"2011-03-30","4","17970","25956.4"
"2011-03-30","4","17971","2144.04"
"2011-03-30","4","17972","1000"
"2011-03-30","4","17973","4661.36"
"2011-03-30","4","17974","1678.77"
"2011-03-30","4","17975","1956.53"
"2011-03-30","4","17976","632.57"
"2011-03-30","4","17977","592.89"
"2011-03-30","4","17978","4320.36"
"2011-03-30","4","17979","952.45"
"2011-03-30","4","17980","2097.74"
"2011-03-30","4","17981","6743.34"
"2011-03-30","4","17982","1981.98"
"2011-03-30","4","17983","2005.58"
"2011-03-31","4","17984","1292.63"
"2011-03-31","4","17985","32535.52"
"2011-03-31","4","17986","5363.26"
"2011-03-31","4","17987","13034.92"
"2011-03-31","4","17988","822.86"
"2011-03-31","4","17989","8299.27"
"2011-03-31","4","17990","5353.04"
"2011-03-31","4","17991","485.54"
"2011-03-31","4","17992","900.75"
"2011-03-31","4","17993","743.63"
"2011-03-31","4","17994","1314.82"
"2011-03-31","4","17995","930.6"
"2011-03-31","4","17996","21080.99"
"2011-03-31","4","17997","4760.51"
"2011-03-31","4","17998","9545.39"
"2011-03-31","4","17999","6207.43"
"2011-04-06","4","18000","1048"
"2011-04-06","4","18001","3123.88"
"2011-04-06","4","18002","54.64"
"2011-04-06","4","18003","5484.08"
"2011-04-06","4","18004","3604.15"
"2011-04-06","4","18005","2670"
"2011-04-06","4","18006","2510.89"
"2011-04-06","4","18007","1368.78"
"2011-04-06","4","18008","3883.96"
"2011-04-06","4","18009","1327.34"
"2011-04-06","4","18010","1041.57"
"2011-04-06","4","18011","405.52"
"2011-04-06","4","18012","1045.88"
"2011-04-06","4","18013","1146.69"
"2011-04-06","4","18014","2090.59"
"2011-04-06","4","18015","152.46"
"2011-04-06","4","18016","17263.65"
"2011-04-06","4","18017","1640.11"
"2011-04-06","4","18018","491.49"
"2011-04-06","4","18019","1088.95"
"2011-04-06","4","18020","49934.11"
"2011-04-06","4","18021","1800"
"2011-04-06","4","18022","1609.44"
"2011-04-06","4","18023","4902.32"
"2011-04-06","4","18024","15554.55"
"2011-04-06","4","18025","6813.93"
"2011-04-06","4","18026","1059.18"
"2011-04-07","4","18027","5307.31"
"2011-04-07","4","18028","497.71"
"2011-04-07","4","18029","2202.2"
"2011-04-07","4","18030","1694.97"
"2011-04-07","4","18031","5061.99"
"2011-04-07","4","18032","232.95"
"2011-04-08","4","18033","75000"
"2011-04-08","4","18034","6779.83"
"2011-04-08","4","18035","12.2"
"2011-04-08","4","18036","360"
"2011-04-08","4","18037","155.24"
"2011-04-11","4","18038","3748.22"
"2011-04-11","4","18039","2805.99"
"2011-04-11","4","18040","8185.65"
"2011-04-11","4","18041","928.9"
"2011-04-11","4","18042","350"
"2011-04-11","4","18043","254.25"
"2011-04-11","4","18044","2581.63"
"2011-04-11","4","18045","405.48"
"2011-04-11","4","18046","1051.31"
"2011-04-11","4","18047","3874.07"
"2011-04-11","4","18048","5000"
"2011-04-11","4","18049","10500"
"2011-04-11","4","18050","20825.58"
"2011-04-11","4","18051","8831.54"
"2011-04-11","4","18052","710.62"
"2011-04-11","4","18053","4361.62"
"2011-04-11","4","18054","925.65"
"2011-04-11","4","18055","709.66"
"2011-04-12","4","18056","1084.79"
"2011-04-12","4","18057","6000"
"2011-04-13","4","18058","600"
"2011-04-13","4","18059","1298.25"
"2011-04-13","4","18060","652.07"
"2011-04-13","4","18061","938.56"
"2011-04-13","4","18062","18252.16"
"2011-04-13","4","18063","559.17"
"2011-04-13","4","18064","13569.36"
"2011-04-13","4","18065","41.98"
"2011-04-13","4","18066","5955.87"
"2011-04-13","4","18067","2186.17"
"2011-04-13","4","18068","3816.96"
"2011-04-13","4","18069","7498.38"
"2011-04-14","4","18070","6062.58"
"2011-04-14","4","18071","2732"
"2011-04-14","4","18072","340.41"
"2011-04-14","4","18073","34774.25"
"2011-04-14","4","18074","10078.68"
"2011-04-14","4","18075","5064.98"
"2011-04-15","4","18076","595.2"
"2011-04-15","4","18077","10365.57"
"2011-04-15","4","18078","25000"
"2011-04-18","4","18079","29.78"
"2011-04-18","4","18080","154.64"
"2011-04-19","4","18081","3620.74"
"2011-04-19","4","18082","7111.15"
"2011-04-19","4","18083","13749"
"2011-04-19","4","18084","882.62"
"2011-04-19","4","18085","1539.07"
"2011-04-19","4","18086","3458.27"
"2011-04-19","4","18087","748.32"
"2011-04-19","4","18088","2193.61"
"2011-04-19","4","18089","3005.45"
"2011-04-19","4","18090","3668.31"
"2011-04-19","4","18091","1846.94"
"2011-04-19","4","18092","1206.67"
"2011-04-19","4","18093","2165.37"
"2011-04-19","4","18094","2706.92"
"2011-04-19","4","18095","10096.45"
"2011-04-19","4","18096","957.27"
"2011-04-19","4","18097","15077.81"
"2011-04-19","4","18098","1954.58"
"2011-04-20","4","18100","1581.79"
"2011-04-20","4","18101","1696.88"
"2011-04-21","4","18102","460.3"
"2011-04-26","4","18103","5546.53"
"2011-04-26","4","18104","2371.61"
"2011-04-26","4","18106","1087.3"
"2011-04-28","4","18107","2890.64"
"2011-04-28","4","18108","1325.39"
"2011-04-28","4","18109","10330.48"
"2011-04-28","4","18110","11036.04"
"2011-04-28","4","18111","4100"
"2011-04-28","4","18112","1751.23"
"2011-04-28","4","18113","314.56"
"2011-04-28","4","18114","1767.46"
"2011-04-28","4","18115","262.22"
"2011-04-28","4","18116","11601.89"
"2011-04-28","4","18117","601.15"
"2011-04-28","4","18118","1964"
"2011-04-28","4","18119","1075"
"2011-04-28","4","18120","24022.35"
"2011-04-28","4","18121","4902.25"
"2011-04-28","4","18122","895.3"
"2011-04-28","4","18123","388.55"
"2011-04-28","4","18124","1004.75"
"2011-04-28","4","18125","1208.49"
"2011-04-28","4","18126","3788.52"
"2011-04-28","4","18127","2936.91"
"2011-04-28","4","18128","1749.86"
"2011-04-28","4","18129","3621.08"
"2011-04-28","4","18130","407.45"
"2011-04-28","4","18131","370.09"
"2011-04-28","4","18132","502.57"
"2011-04-28","4","18133","1480.36"
"2011-04-29","4","18134","1081.93"
"2011-04-29","4","18135","2460.66"
"2011-04-29","4","18136","7961.27"
"2011-04-29","4","18139","13249.5"
"2011-05-02","4","18141","244.68"
"2011-05-02","4","18142","145.3"
"2011-05-03","4","18143","870.06"
"2011-05-03","4","18144","4532.88"
"2011-05-03","4","18145","9249.3"
"2011-05-03","4","18146","3060.46"
"2011-05-03","4","18147","16407.9"
"2011-05-03","4","18148","3415.33"
"2011-05-03","4","18149","2296.64"
"2011-05-03","4","18150","1770.48"
"2011-05-03","4","18151","9784.43"
"2011-05-03","4","18152","15380"
"2011-05-03","4","18153","8246.74"
"2011-05-03","4","18154","140.2"
"2011-05-03","4","18155","204.22"
"2011-05-03","4","18156","202.57"
"2011-05-03","4","18157","502.38"
"2011-05-03","4","18158","1290.28"
"2011-05-03","4","18159","1342.02"
"2011-05-03","4","18160","1263.85"
"2011-05-03","4","18161","277.22"
"2011-05-03","4","18162","3500.54"
"2011-05-03","4","18163","38.62"
"2011-05-04","4","18164","16204.32"
"2011-05-04","4","18165","42289.27"
"2011-05-04","4","18166","117326.24"
"2011-05-04","4","18167","5662.94"
"2011-05-04","4","18168","2200"
"2011-05-04","4","18169","2946.83"
"2011-05-04","4","18170","8193.86"
"2011-05-04","4","18171","4110"
"2011-05-04","4","18172","5663"
"2011-05-04","4","18173","2729.18"
"2011-05-04","4","18174","1657.09"
"2011-05-04","4","18175","2400"
"2011-05-04","4","18176","3393.03"
"2011-05-04","4","18177","2584.78"
"2011-05-04","4","18178","1184.44"
"2011-05-05","4","18179","7958.25"
"2011-05-05","4","18180","14197.41"
"2011-05-05","4","18181","3566.28"
"2011-05-05","4","18182","6809.88"
"2011-05-05","4","18183","8133.85"
"2011-05-05","4","18184","29567.56"
"2011-05-05","4","18185","228.39"
"2011-05-05","4","18186","368.31"
"2011-05-06","4","18187","297.45"
"2011-05-06","4","18188","1449.28"
"2011-05-06","4","18189","2037"
"2011-05-06","4","18190","3167.95"
"2011-05-11","4","18192","27146.96"
"2011-05-11","4","18193","2775.2"
"2011-05-11","4","18194","7773.61"
"2011-05-11","4","18195","15006.89"
"2011-05-11","4","18196","3700"
"2011-05-11","4","18197","2600"
"2011-05-11","4","18198","3212.72"
"2011-05-11","4","18199","3714.5"
"2011-05-11","4","18200","4899.26"
"2011-05-11","4","18201","4476.22"
"2011-05-11","4","18202","779.72"
"2011-05-11","4","18203","2720.06"
"2011-05-11","4","18204","105.37"
"2011-05-11","4","18205","40326.17"
"2011-05-12","4","18206","800"
"2011-05-13","4","18208","9609.34"
"2011-05-13","4","18209","565.14"
"2011-05-13","4","18210","8329.98"
"2011-05-13","4","18211","240.74"
"2011-05-13","4","18212","3716.82"
"2011-05-13","4","18213","2878.87"
"2011-05-16","4","18214","253.95"
"2011-05-16","4","18215","411.38"
"2011-05-17","4","18216","163.22"
"2011-05-17","4","18217","127.16"
"2011-05-17","4","18218","1521"
"2011-05-17","4","18219","2242.28"
"2011-05-17","4","18220","2799.57"
"2011-05-17","4","18221","604.87"
"2011-05-17","4","18222","1094.08"
"2011-05-17","4","18223","291.64"
"2011-05-17","4","18224","5998.21"
"2011-05-17","4","18225","29744.13"
"2011-05-18","4","18226","8854.83"
"2011-05-18","4","18227","665.45"
"2011-05-18","4","18228","55922.08"
"2011-05-18","4","18229","9205.68"
"2011-05-18","4","18230","8856.68"
"2011-05-18","4","18231","6050"
"2011-05-18","4","18232","2817.75"
"2011-05-18","4","18233","3831.83"
"2011-05-18","4","18234","2014.24"
"2011-05-19","4","18237","7155.99"
"2011-05-19","4","18238","6585.66"
"2011-05-19","4","18239","726.31"
"2011-05-20","4","18240","261.36"
"2011-05-20","4","18242","3752.26"
"2011-05-20","4","18243","3527.12"
"2011-05-20","4","18244","3161.14"
"2011-05-20","4","18245","912.49"
"2011-05-20","4","18246","2410"
"2011-05-20","4","18247","450.62"
"2011-05-20","4","18248","3418.14"
"2011-05-20","4","18249","6358"
"2011-05-20","4","18250","9989.02"
"2011-05-20","4","18251","3436.39"
"2011-05-20","4","18252","3499.38"
"2011-05-20","4","18253","540.2"
"2011-05-20","4","18254","14387.01"
"2011-05-20","4","18255","28258.21"
"2011-05-20","4","18256","1200"
"2011-05-20","4","18257","1003.23"
"2011-05-20","4","18258","25803.74"
"2011-05-20","4","18259","8328.47"
"2011-05-23","4","18260","2079.93"
"2011-05-23","4","18261","2574.28"
"2011-05-23","4","18262","4223.62"
"2011-05-23","4","18263","2534.1"
"2011-05-23","4","18264","909.27"
"2011-05-23","4","18265","1460.54"
"2011-05-23","4","18266","964.9"
"2011-05-23","4","18267","402.39"
"2011-05-23","4","18268","697.73"
"2011-05-23","4","18269","2285.3"
"2011-05-23","4","18270","591.18"
"2011-05-23","4","18271","2915.83"
"2011-05-24","4","18272","500"
"2011-05-24","4","18273","116.5"
"2011-05-24","4","18274","101560.26"
"2011-05-24","4","18275","11266.36"
"2011-05-24","4","18276","912.82"
"2011-05-24","4","18277","7413"
"2011-05-24","4","18278","3630"
"2011-05-24","4","18279","3797.32"
"2011-05-24","4","18280","8976.35"
"2011-05-24","4","18281","16856.51"
"2011-05-24","4","18282","8695.86"
"2011-05-24","4","18284","650.79"
"2011-05-26","4","18285","7953.08"
"2011-05-26","4","18286","14604.91"
"2011-05-27","4","18289","377.52"
"2011-05-30","4","18291","767.08"
"2011-05-30","4","18292","916.65"
"2011-05-30","4","18293","1725.15"
"2011-05-30","4","18294","1501.3"
"2011-05-31","4","18295","2744.19"
"2011-05-31","4","18296","1657.12"
"2011-05-31","4","18297","3616.59"
"2011-05-31","4","18298","1603"
"2011-05-31","4","18299","5932"
"2011-05-31","4","18300","82061.23"
"2011-05-31","4","18301","995.14"
"2011-05-31","4","18302","34.96"
"2011-06-02","4","18303","471.55"
"2011-06-03","4","18304","342.96"
"2011-06-03","4","18305","2075.81"
"2011-06-03","4","18306","2659"
"2011-06-03","4","18307","2283"
"2011-06-03","4","18308","370.09"
"2011-06-03","4","18309","957.67"
"2011-06-03","4","18310","1025.41"
"2011-06-03","4","18312","877.72"
"2011-06-03","4","18313","2748.46"
"2011-06-03","4","18314","22019.2"
"2011-06-03","4","18315","1187.63"
"2011-06-03","4","18316","1225.93"
"2011-06-03","4","18317","151.25"
"2011-06-08","4","18319","1976.54"
"2011-06-08","4","18320","7188.82"
"2011-06-08","4","18321","39578.84"
"2011-06-08","4","18322","228.94"
"2011-06-08","4","18323","2221.56"
"2011-06-08","4","18324","1215.2"
"2011-06-09","4","18325","59.59"
"2011-06-09","4","18326","1907.2"
"2011-06-09","4","18327","1582.16"
"2011-06-09","4","18328","1031.99"
"2011-06-09","4","18329","909.76"
"2011-06-09","4","18330","594.93"
"2011-06-09","4","18331","1540.65"
"2011-06-09","4","18332","15.16"
"2011-06-09","4","18333","810"
"2011-06-09","4","18334","1477.24"
"2011-06-09","4","18335","200.08"
"2011-06-09","4","18336","2838.66"
"2011-06-09","4","18337","2720.08"
"2011-06-09","4","18338","2359.5"
"2011-06-09","4","18339","4973.4"
"2011-06-09","4","18340","2093.3"
"2011-06-09","4","18341","6748.51"
"2011-06-10","4","18342","1671.56"
"2011-06-10","4","18343","30824.94"
"2011-06-10","4","18344","2768.41"
"2011-06-10","4","18345","2688.49"
"2011-06-10","4","18346","1938.23"
"2011-06-10","4","18347","2722.59"
"2011-06-10","4","18348","2149.41"
"2011-06-10","4","18349","1810.37"
"2011-06-10","4","18350","2525"
"2011-06-10","4","18351","2600"
"2011-06-10","4","18352","1797.35"
"2011-06-10","4","18353","17099.56"
"2011-06-10","4","18354","15730"
"2011-06-10","4","18355","17492.84"
"2011-06-10","4","18356","10238.45"
"2011-06-10","4","18357","2805"
"2011-06-10","4","18358","40686.31"
"2011-06-10","4","18359","492.1"
"2011-06-16","4","18361","12356.45"
"2011-06-16","4","18362","1283.68"
"2011-06-16","4","18363","33913.47"
"2011-06-16","4","18364","2776.34"
"2011-06-16","4","18365","13714.36"
"2011-06-16","4","18366","5839.2"
"2011-06-16","4","18367","2255.73"
"2011-06-16","4","18368","10610.78"
"2011-06-16","4","18369","8388.75"
"2011-06-16","4","18370","4800.24"
"2011-06-16","4","18371","4168.41"
"2011-06-16","4","18372","1577.67"
"2011-06-16","4","18373","461.08"
"2011-06-16","4","18374","1248.64"
"2011-06-16","4","18375","1342.34"
"2011-06-16","4","18376","3598.52"
"2011-06-16","4","18377","1013"
"2011-06-16","4","18378","882.25"
"2011-06-17","4","18380","2315.19"
"2011-06-17","4","18381","567"
"2011-06-17","4","18382","47707.84"
"2011-06-17","4","18383","3100.94"
"2011-06-17","4","18384","2036.72"
"2011-06-17","4","18385","14077.38"
"2011-06-17","4","18386","26579.25"
"2011-06-21","4","18387","734.75"
"2011-06-22","4","18389","1808.95"
"2011-06-22","4","18390","6000"
"2011-06-22","4","18391","3664.89"
"2011-06-22","4","18392","3980.9"
"2011-06-22","4","18393","4325.14"
"2011-06-22","4","18394","21186.94"
"2011-06-22","4","18395","121.19"
"2011-06-22","4","18396","2597.91"
"2011-06-22","4","18397","813.08"
"2011-06-22","4","18398","2638.23"
"2011-06-22","4","18399","3376.62"
"2011-06-22","4","18400","1244.74"
"2011-06-22","4","18401","1123.51"
"2011-06-22","4","18402","1818.98"
"2011-06-22","4","18403","2389.63"
"2011-06-22","4","18404","2056.13"
"2011-06-22","4","18405","563.41"
"2011-06-22","4","18406","2284.94"
"2011-06-22","4","18407","906.8"
"2011-06-22","4","18408","10178.27"
"2011-06-22","4","18409","7508.58"
"2011-06-22","4","18410","1425.1"
"2011-06-22","4","18411","1105.71"
"2011-06-22","4","18412","4929.17"
"2011-06-22","4","18413","12829.6"
"2011-06-22","4","18414","1048.49"
"2011-06-22","4","18415","220.95"
"2011-06-22","4","18416","79.09"
"2011-06-22","4","18417","326.47"
"2011-06-22","4","18418","137.23"
"2011-06-22","4","18419","228.08"
"2011-06-23","4","18420","1937.83"
"2011-06-23","4","18421","7344"
"2011-06-24","4","18422","1988.51"
"2011-06-24","4","18423","655.7"
"2011-06-24","4","18424","1058.51"
"2011-06-24","4","18425","650.71"
"2011-06-24","4","18426","458.82"
"2011-06-27","4","18429","120796.4"
"2011-06-27","4","18430","500"
"2011-06-27","4","18431","998.07"
"2011-06-28","4","18432","789.73"
"2011-06-28","4","18433","49660.66"
"2011-06-28","4","18434","408.25"
"2011-06-29","4","18435","3844.16"
"2011-06-29","4","18436","847.23"
"2011-06-30","4","18437","4957.23"
"2011-06-30","4","18438","2750.44"
"2011-06-30","4","18439","44614.76"
"2011-07-01","4","18441","1166.85"
"2011-07-01","4","18442","684.26"
"2011-07-01","4","18443","3149.39"
"2011-07-01","4","18444","1615.4"
"2011-07-04","4","18445","3783.76"
"2011-07-04","4","18447","550"
"2011-07-05","4","18448","3666.88"
"2011-07-05","4","18449","120.25"
"2011-07-05","4","18450","523.11"
"2011-07-05","4","18451","408.25"
"2011-07-05","4","18452","898.48"
"2011-07-05","4","18453","617.1"
"2011-07-05","4","18454","1461.58"
"2011-07-05","4","18455","9092"
"2011-07-05","4","18456","1348.96"
"2011-07-05","4","18457","3046"
"2011-07-05","4","18458","3947.02"
"2011-07-05","4","18459","9462.77"
"2011-07-05","4","18460","7797.14"
"2011-07-05","4","18461","3146"
"2011-07-05","4","18462","1342.74"
"2011-07-05","4","18463","8014.54"
"2011-07-05","4","18464","896"
"2011-07-06","4","18465","4.29"
"2011-07-06","4","18466","1472.62"
"2011-07-06","4","18467","2080.68"
"2011-07-07","4","18469","768.79"
"2011-07-07","4","18470","940.62"
"2011-07-07","4","18471","944.16"
"2011-07-07","4","18472","1290.34"
"2011-07-07","4","18473","2262.7"
"2011-07-07","4","18474","2407.9"
"2011-07-07","4","18475","2168.25"
"2011-07-07","4","18476","17496"
"2011-07-07","4","18477","5448.8"
"2011-07-08","4","18478","1398.03"
"2011-07-08","4","18479","7933"
"2011-07-08","4","18480","7827.67"
"2011-07-08","4","18481","4390"
"2011-07-08","4","18482","92333.5"
"2011-07-08","4","18483","5273.57"
"2011-07-08","4","18484","879.47"
"2011-07-08","4","18485","2693.15"
"2011-07-11","4","18486","637.05"
"2011-07-11","4","18487","1623.35"
"2011-07-11","4","18488","1147.99"
"2011-07-11","4","18489","1555.95"
"2011-07-11","4","18490","1057.38"
"2011-07-11","4","18491","408.25"
"2011-07-11","4","18492","5997.91"
"2011-07-12","4","18493","3178.07"
"2011-07-12","4","18494","3697.83"
"2011-07-13","4","18495","1581.5"
"2011-07-13","4","18496","3099.75"
"2011-07-13","4","18497","1225.46"
"2011-07-13","4","18498","114767.17"
"2011-07-13","4","18499","7500"
"2011-07-13","4","18500","1894"
"2011-07-13","4","18501","1768.49"
"2011-07-13","4","18502","7579"
"2011-07-14","4","18503","1200"
"2011-07-14","4","18504","2592.05"
"2011-07-14","4","18505","12075.85"
"2011-07-14","4","18506","1004.17"
"2011-07-14","4","18507","13517.46"
"2011-07-14","4","18508","25000"
"2011-07-14","4","18509","5120"
"2011-07-14","4","18510","11855.31"
"2011-07-14","4","18511","18612.48"
"2011-07-14","4","18513","55.7"
"2011-07-14","4","18514","4061.97"
"2011-07-14","4","18515","13139.52"
"2011-07-15","4","18516","3522.96"
"2011-07-15","4","18517","1652.31"
"2011-07-15","4","18518","819.34"
"2011-07-15","4","18519","14985"
"2011-07-15","4","18520","1757.53"
"2011-07-15","4","18522","408.25"
"2011-07-18","4","18523","2355.37"
"2011-07-21","4","18525","592.22"
"2011-07-21","4","18526","1911.8"
"2011-07-21","4","18527","1971.59"
"2011-07-21","4","18528","374.6"
"2011-07-21","4","18529","307.39"
"2011-07-21","4","18530","597.42"
"2011-07-21","4","18531","1112.95"
"2011-07-21","4","18532","2601.91"
"2011-07-21","4","18533","766.48"
"2011-07-21","4","18534","1627.74"
"2011-07-21","4","18535","2316.07"
"2011-07-21","4","18536","4599.92"
"2011-07-21","4","18537","330.05"
"2011-07-22","4","18539","9617.05"
"2011-07-22","4","18540","10328.41"
"2011-07-22","4","18541","3184.36"
"2011-07-22","4","18543","1225.46"
"2011-07-22","4","18544","1648.02"
"2011-07-22","4","18545","9200"
"2011-07-22","4","18546","18198.94"
"2011-07-25","4","18547","2252.71"
"2011-07-25","4","18548","2087.43"
"2011-07-25","4","18549","1484.7"
"2011-07-25","4","18550","1001.33"
"2011-07-25","4","18551","1005.43"
"2011-07-25","4","18552","4663.94"
"2011-07-25","4","18553","1022.38"
"2011-07-25","4","18554","425.15"
"2011-07-25","4","18555","500"
"2011-07-25","4","18556","772.33"
"2011-07-25","4","18557","3718.94"
"2011-07-25","4","18558","5983.7"
"2011-07-26","4","18559","49832.71"
"2011-07-26","4","18560","600"
"2011-07-27","4","18562","800"
"2011-07-27","4","18563","1207.69"
"2011-07-27","4","18564","17662.71"
"2011-07-27","4","18565","432.89"
"2011-07-27","4","18566","612.79"
"2011-07-27","4","18567","3113.39"
"2011-07-27","4","18568","10007.95"
"2011-07-28","4","18569","2439.39"
"2011-07-28","4","18570","1033.45"
"2011-07-29","4","18573","1730.31"
"2011-07-29","4","18574","4061.97"
"2011-07-29","4","18575","12488.97"
"2011-08-01","4","18576","261.36"
"2011-08-01","4","18577","222.03"
"2011-08-03","4","18579","1297.2"
"2011-08-03","4","18580","3730.23"
"2011-08-03","4","18581","163.42"
"2011-08-03","4","18582","2000"
"2011-08-03","4","18583","490.98"
"2011-08-03","4","18585","3184.72"
"2011-08-03","4","18586","27148.78"
"2011-08-03","4","18587","1971.6"
"2011-08-03","4","18588","1268.2"
"2011-08-03","4","18589","2795.1"
"2011-08-03","4","18590","2445.66"
"2011-08-04","4","18591","867.64"
"2011-08-05","4","18594","5147.34"
"2011-08-05","4","18595","7604.94"
"2011-08-05","4","18596","66850.78"
"2011-08-05","4","18598","368.48"
"2011-08-05","4","18599","723.33"
"2011-08-05","4","18600","1011.18"
"2011-08-08","4","18601","2521.4"
"2011-08-11","4","18602","12844.04"
"2011-08-11","4","18603","1733"
"2011-08-11","4","18604","2183.35"
"2011-08-11","4","18605","4462.2"
"2011-08-11","4","18606","5485.66"
"2011-08-11","4","18607","314.37"
"2011-08-11","4","18608","1228.83"
"2011-08-11","4","18609","2020"
"2011-08-11","4","18610","5244.96"
"2011-08-11","4","18611","1963.39"
"2011-08-11","4","18612","58377.72"
"2011-08-11","4","18613","5038.37"
"2011-08-11","4","18614","2000"
"2011-08-11","4","18615","355.73"
"2011-08-11","4","18616","3857.48"
"2011-08-11","4","18617","11899.68"
"2011-08-11","4","18618","6146.8"
"2011-08-11","4","18619","296.45"
"2011-08-11","4","18620","2056.78"
"2011-08-11","4","18621","2430.59"
"2011-08-11","4","18622","2619.35"
"2011-08-12","4","18623","112943.31"
"2011-08-12","4","18624","5600"
"2011-08-12","4","18625","2362.42"
"2011-08-12","4","18626","8080.9"
"2011-08-12","4","18627","193.32"
"2011-08-12","4","18628","6345.65"
"2011-08-12","4","18629","2116.63"
"2011-08-12","4","18630","2596.31"
"2011-08-12","4","18631","661.13"
"2011-08-12","4","18632","6165.03"
"2011-08-12","4","18633","5165.09"
"2011-08-12","4","18634","1566.76"
"2011-08-12","4","18635","3757.67"
"2011-08-12","4","18636","2249.63"
"2011-08-12","4","18637","4592.09"
"2011-08-12","4","18638","2749.27"
"2011-08-12","4","18639","238.69"
"2011-08-16","4","18642","1857.4"
"2011-08-16","4","18643","959.78"
"2011-08-16","4","18644","140.09"
"2011-08-16","4","18645","1890.53"
"2011-08-16","4","18646","15144.37"
"2011-08-16","4","18647","7932.56"
"2011-08-16","4","18648","3514.25"
"2011-08-17","4","18649","545.08"
"2011-08-17","4","18650","439.21"
"2011-08-17","4","18651","1920.76"
"2011-08-17","4","18652","22895.86"
"2011-08-17","4","18653","17188.91"
"2011-08-17","4","18654","5671.05"
"2011-08-17","4","18655","1620.22"
"2011-08-17","4","18656","3303.08"
"2011-08-17","4","18657","1677.06"
"2011-08-17","4","18658","900.47"
"2011-08-17","4","18659","913.13"
"2011-08-17","4","18660","1072.1"
"2011-08-17","4","18661","2546.72"
"2011-08-17","4","18662","1672.99"
"2011-08-17","4","18663","2362.43"
"2011-08-18","4","18664","513.59"
"2011-08-19","4","18665","3200"
"2011-08-19","4","18666","8893.57"
"2011-08-19","4","18667","38844.43"
"2011-08-19","4","18668","24744.85"
"2011-08-19","4","18670","51020.03"
"2011-08-19","4","18671","833.74"
"2011-08-19","4","18672","983.82"
"2011-08-19","4","18673","1830.74"
"2011-08-19","4","18674","812.31"
"2011-08-29","4","18676","710.45"
"2011-08-29","4","18677","953"
"2011-08-29","4","18678","1798.88"
"2011-08-29","4","18679","749.93"
"2011-08-29","4","18680","413.17"
"2011-08-29","4","18681","859.77"
"2011-08-29","4","18682","1861.39"
"2011-08-29","4","18683","22685.48"
"2011-08-29","4","18684","820.79"
"2011-08-29","4","18685","5700"
"2011-08-29","4","18686","6761.69"
"2011-08-29","4","18687","12272.45"
"2011-08-29","4","18688","1626"
"2011-08-29","4","18689","1011.91"
"2011-08-29","4","18690","2427.63"
"2011-08-29","4","18691","1822.8"
"2011-08-29","4","18692","14542.65"
"2011-08-29","4","18693","1533.83"
"2011-08-29","4","18694","2637.84"
"2011-08-29","4","18695","2621.1"
"2011-08-29","4","18696","3128.24"
"2011-08-29","4","18697","18380.95"
"2011-08-29","4","18698","2203.74"
"2011-08-29","4","18699","515.12"
"2011-08-29","4","18700","1045.63"
"2011-08-29","4","18701","1956.37"
"2011-08-29","4","18702","1564.13"
"2011-08-29","4","18703","865.3"
"2011-08-29","4","18704","4073.19"
"2011-08-30","4","18705","931.7"
"2011-08-30","4","18706","2012.12"
"2011-08-30","4","18707","1287.65"
"2011-08-30","4","18709","15730"
"2011-08-30","4","18710","59801.97"
"2011-08-30","4","18711","8033.75"
"2011-08-30","4","18712","7348.02"
"2011-08-30","4","18713","4057.57"
"2011-08-30","4","18714","10355.12"
"2011-08-30","4","18715","240.43"
"2011-08-30","4","18716","4858.39"
"2011-08-30","4","18717","23839.82"
"2011-08-30","4","18718","7462.95"
"2011-08-30","4","18719","4927.68"
"2011-08-30","4","18720","2025"
"2011-08-30","4","18721","4326.75"
"2011-08-30","4","18723","1843.82"
"2011-08-30","4","18724","1098.66"
"2011-08-30","4","18725","3500"
"2011-08-30","4","18726","1774.16"
"2011-08-30","4","18727","826.33"
"2011-08-30","4","18728","861.44"
"2011-08-31","4","18729","692"
"2011-08-31","4","18730","12632.4"
"2011-08-31","4","18731","3106.81"
"2011-08-31","4","18732","555.83"
"2011-09-02","4","18733","289.9"
"2011-09-02","4","18735","6650"
"2011-09-02","4","18736","4032.93"
"2011-09-02","4","18737","3390"
"2011-09-02","4","18738","5587.94"
"2011-09-02","4","18739","3969.36"
"2011-09-05","4","18740","2970.2"
"2011-09-05","4","18741","560.99"
"2011-09-05","4","18742","1610.61"
"2011-09-05","4","18743","880.57"
"2011-09-05","4","18744","370.84"
"2011-09-05","4","18745","481.84"
"2011-09-05","4","18746","1439.99"
"2011-09-05","4","18747","1883.25"
"2011-09-05","4","18748","1342.54"
"2011-09-05","4","18749","6750"
"2011-09-05","4","18750","1500"
"2011-09-06","4","18751","7819.8"
"2011-09-06","4","18752","413.05"
"2011-09-06","4","18753","5800"
"2011-09-06","4","18754","1729.14"
"2011-09-06","4","18755","8742"
"2011-09-06","4","18756","4177.34"
"2011-09-06","4","18757","10184.03"
"2011-09-06","4","18758","2059.3"
"2011-09-06","4","18759","14277.02"
"2011-09-06","4","18760","386.18"
"2011-09-09","4","18761","429.36"
"2011-09-09","4","18762","6417.11"
"2011-09-09","4","18763","6269.99"
"2011-09-09","4","18764","5352.41"
"2011-09-09","4","18765","905.08"
"2011-09-09","4","18766","999.37"
"2011-09-09","4","18767","18600.36"
"2011-09-09","4","18768","974.78"
"2011-09-09","4","18769","7030.1"
"2011-09-13","4","18770","1089"
"2011-09-13","4","18771","600"
"2011-09-13","4","18772","1500.01"
"2011-09-13","4","18773","5189.95"
"2011-09-13","4","18774","1236.77"
"2011-09-13","4","18775","1038.3"
"2011-09-13","4","18776","2252.05"
"2011-09-13","4","18777","3633.63"
"2011-09-13","4","18778","4050"
"2011-09-13","4","18779","2600"
"2011-09-14","4","18780","24690.8"
"2011-09-14","4","18781","12022"
"2011-09-14","4","18782","4821.89"
"2011-09-14","4","18783","3108.39"
"2011-09-16","4","18784","1398.55"
"2011-09-16","4","18785","6864"
"2011-09-16","4","18786","1270.5"
"2011-09-16","4","18787","1990.15"
"2011-09-16","4","18788","1043.86"
"2011-09-19","4","18790","5714.57"
"2011-09-19","4","18791","1330.98"
"2011-09-19","4","18792","5527.3"
"2011-09-19","4","18794","18474.21"
"2011-09-19","4","18795","2616.67"
"2011-09-19","4","18796","514.86"
"2011-09-19","4","18797","1075"
"2011-09-19","4","18798","2744.89"
"2011-09-19","4","18799","267.99"
"2011-09-19","4","18800","23713.04"
"2011-09-19","4","18801","1423.44"
"2011-09-19","4","18802","4237.09"
"2011-09-21","4","18803","1673.58"
"2011-09-21","4","18804","7726.7"
"2011-09-21","4","18805","1168.84"
"2011-09-21","4","18806","3336"
"2011-09-21","4","18807","2561.99"
"2011-09-21","4","18808","1722.09"
"2011-09-22","4","18809","2778.8"
"2011-09-22","4","18810","61173.36"
"2011-09-22","4","18811","1983.05"
"2011-09-22","4","18812","1870.18"
"2011-09-22","4","18813","2541.7"
"2011-09-22","4","18814","705.55"
"2011-09-22","4","18815","29744.13"
"2011-09-23","4","18817","11687.5"
"2011-09-23","4","18818","6091.46"
"2011-09-23","4","18819","416.12"
"2011-09-23","4","18820","1840.78"
"2011-09-23","4","18821","971.93"
"2011-09-23","4","18822","652.07"
"2011-09-28","4","18823","4168.45"
"2011-09-28","4","18824","783.95"
"2011-09-28","4","18825","1563.32"
"2011-09-28","4","18826","952.89"
"2011-09-28","4","18827","3998.19"
"2011-09-28","4","18828","1855.33"
"2011-09-28","4","18829","801.42"
"2011-09-28","4","18830","4783"
"2011-09-28","4","18831","6337.6"
"2011-09-29","4","18832","496.27"
"2011-09-29","4","18833","956.38"
"2011-09-29","4","18834","1194.68"
"2011-09-29","4","18835","267.02"
"2011-09-29","4","18836","1805.5"
"2011-09-29","4","18837","1682.05"
"2011-09-29","4","18838","5117.7"
"2011-09-29","4","18839","60318"
"2011-09-30","4","18840","839.66"
"2011-10-03","4","18842","1311.08"
"2011-10-03","4","18843","589.27"
"2011-10-04","4","18845","2100"
"2011-10-04","4","18846","896.57"
"2011-10-05","4","18847","12213.27"
"2011-10-05","4","18848","1484.21"
"2011-10-05","4","18849","1526.95"
"2011-10-05","4","18850","2796.39"
"2011-10-05","4","18851","431.35"
"2011-10-05","4","18852","901.91"
"2011-10-05","4","18853","18855.01"
"2011-10-05","4","18854","1611.06"
"2011-10-05","4","18855","15431.23"
"2011-10-05","4","18856","25363.94"
"2011-10-05","4","18857","813.58"
"2011-10-05","4","18858","271.16"
"2011-10-05","4","18859","22974.75"
"2011-10-05","4","18860","1940.21"
"2011-10-05","4","18861","1206.69"
"2011-10-05","4","18862","1300"
"2011-10-05","4","18863","211.2"
"2011-10-07","4","18864","14921.15"
"2011-10-07","4","18866","5118"
"2011-10-07","4","18867","944.72"
"2011-10-07","4","18868","60481.75"
"2011-10-07","4","18869","421.48"
"2011-10-07","4","18870","16116.66"
"2011-10-07","4","18871","1423.55"
"2011-10-07","4","18872","1971.91"
"2011-10-07","4","18873","1299.3"
"2011-10-07","4","18874","1622.24"
"2011-10-07","4","18875","19040"
"2011-10-07","4","18876","1537"
"2011-10-07","4","18877","361.87"
"2011-10-12","4","18878","8273.98"
"2011-10-12","4","18879","248.75"
"2011-10-12","4","18880","1518.85"
"2011-10-12","4","18881","1200.26"
"2011-10-12","4","18882","793.65"
"2011-10-12","4","18883","927.91"
"2011-10-12","4","18884","1654.17"
"2011-10-12","4","18885","600"
"2011-10-12","4","18886","3275.71"
"2011-10-12","4","18887","7710"
"2011-10-12","4","18888","744.26"
"2011-10-12","4","18889","1361.26"
"2011-10-12","4","18890","25197.11"
"2011-10-12","4","18891","6331.45"
"2011-10-12","4","18892","61600.36"
"2011-10-13","4","18893","290.4"
"2011-10-13","4","18895","3351.37"
"2011-10-13","4","18896","1466.96"
"2011-10-13","4","18897","1370.22"
"2011-10-13","4","18898","6195.2"
"2011-10-14","4","18899","761.62"
"2011-10-14","4","18900","2032.92"
"2011-10-14","4","18901","4864.1"
"2011-10-14","4","18902","800"
"2011-10-17","4","18903","88286.02"
"2011-10-19","4","18906","9655.8"
"2011-10-19","4","18907","6986.86"
"2011-10-19","4","18908","569.3"
"2011-10-20","4","18909","4404.67"
"2011-10-20","4","18910","1745.5"
"2011-10-20","4","18911","3646.02"
"2011-10-20","4","18912","958.9"
"2011-10-20","4","18913","1293.06"
"2011-10-20","4","18914","1074.08"
"2011-10-20","4","18915","1294"
"2011-10-20","4","18916","2587.46"
"2011-10-20","4","18917","451.51"
"2011-10-20","4","18918","292.07"
"2011-10-20","4","18919","6848.92"
"2011-10-20","4","18920","14921.14"
"2011-10-20","4","18921","3290"
"2011-10-20","4","18922","9600"
"2011-10-20","4","18923","3002"
"2011-10-20","4","18924","1207.52"
"2011-10-21","4","18925","704.75"
"2011-10-21","4","18926","2333.37"
"2011-10-21","4","18927","12641.48"
"2011-10-21","4","18928","29744.13"
"2011-10-21","4","18929","362.67"
"2011-10-21","4","18930","290.4"
"2011-10-25","4","18932","6800"
"2011-10-25","4","18933","4390.79"
"2011-10-25","4","18934","28096.2"
"2011-10-25","4","18935","2200"
"2011-10-25","4","18936","1597.2"
"2011-10-25","4","18937","4816.89"
"2011-10-25","4","18938","572"
"2011-10-25","4","18939","243.71"
"2011-10-25","4","18940","2202.43"
"2011-10-25","4","18941","1167.28"
"2011-10-25","4","18942","312"
"2011-10-25","4","18943","4658.91"
"2011-10-25","4","18944","4666.82"
"2011-10-25","4","18945","3323.91"
"2011-10-25","4","18946","1732.72"
"2011-10-25","4","18947","1000"
"2011-10-25","4","18948","2326.18"
"2011-10-26","4","18949","13878.05"
"2011-10-26","4","18950","1500"
"2011-10-26","4","18951","15027.18"
"2011-10-26","4","18952","12705.91"
"2011-10-26","4","18953","9486.98"
"2011-10-27","4","18954","1350"
"2011-10-28","4","18955","1409.53"
"2011-10-28","4","18956","3290.13"
"2011-10-28","4","18957","18932.01"
"2011-10-28","4","18958","3907.94"
"2011-10-28","4","18959","843.19"
"2011-10-28","4","18960","678.3"
"2011-10-28","4","18961","5791.45"
"2011-10-28","4","18962","7653.67"
"2011-10-31","4","18963","2205.43"
"2011-10-31","4","18964","1555.8"
"2011-10-31","4","18965","889.14"
"2011-10-31","4","18966","1070.51"
"2011-10-31","4","18967","456.72"
"2011-10-31","4","18968","1206.62"
"2011-10-31","4","18969","937.48"
"2011-10-31","4","18970","2126.22"
"2011-10-31","4","18971","1835.32"
"2011-10-31","4","18972","1467.15"
"2011-10-31","4","18973","1771.34"
"2011-10-31","4","18974","8065.46"
"2011-10-31","4","18975","77816.23"
"2011-11-03","4","18977","11024.19"
"2011-11-03","4","18978","4065.6"
"2011-11-03","4","18979","2278.47"
"2011-11-03","4","18980","891.81"
"2011-11-03","4","18981","2941.18"
"2011-11-03","4","18982","4269.96"
"2011-11-03","4","18983","783.39"
"2011-11-03","4","18984","836.35"
"2011-11-03","4","18985","2338.3"
"2011-11-03","4","18986","6532.49"
"2011-11-03","4","18987","1726.52"
"2011-11-03","4","18988","11502"
"2011-11-03","4","18989","7100"
"2011-11-04","4","18990","288.58"
"2011-11-04","4","18991","283.38"
"2011-11-04","4","18992","23620.51"
"2011-11-04","4","18993","13000"
"2011-11-04","4","18994","1861.73"
"2011-11-04","4","18995","11453.84"
"2011-11-04","4","18996","446.1"
"2011-11-04","4","18997","7221.28"
"2011-11-04","4","18998","9770.75"
"2011-11-04","4","18999","8735"
"2011-11-04","4","19000","7401.33"
"2011-11-04","4","19001","5118.01"
"2011-11-04","4","19002","7505.38"
"2011-11-04","4","19003","28521.87"
"2011-11-04","4","19004","2264.9"
"2011-11-04","4","19005","8933.47"
"2011-11-04","4","19006","1149.69"
"2011-11-04","4","19007","2756.69"
"2011-11-04","4","19008","4148.99"
"2011-11-04","4","19009","9492.18"
"2011-11-04","4","19010","6374.71"
"2011-11-04","4","19011","2434.31"
"2011-11-04","4","19012","7555.09"
"2011-11-04","4","19013","288.45"
"2011-11-07","4","19016","1000"
"2011-11-07","4","19017","1049.69"
"2011-11-07","4","19018","796.2"
"2011-11-07","4","19019","613.89"
"2011-11-07","4","19020","3299.76"
"2011-11-07","4","19021","971.97"
"2011-11-07","4","19022","4070.71"
"2011-11-07","4","19023","3176.84"
"2011-11-07","4","19024","1257.67"
"2011-11-07","4","19025","2766"
"2011-11-07","4","19026","5865.98"
"2011-11-07","4","19027","18621.76"
"2011-11-07","4","19028","4581.56"
"2011-11-07","4","19029","935.53"
"2011-11-09","4","19031","9286.84"
"2011-11-09","4","19032","8510.94"
"2011-11-09","4","19033","4026.31"
"2011-11-09","4","19034","6486"
"2011-11-09","4","19035","1863.6"
"2011-11-09","4","19036","570"
"2011-11-10","4","19037","821.31"
"2011-11-11","4","19039","23669.88"
"2011-11-11","4","19040","574"
"2011-11-11","4","19041","26432.56"
"2011-11-11","4","19042","1349.91"
"2011-11-11","4","19043","484.23"
"2011-11-14","4","19044","6532.49"
"2011-11-14","4","19045","22345.49"
"2011-11-14","4","19046","1883.97"
"2011-11-15","4","19047","3900.35"
"2011-11-15","4","19048","3638.38"
"2011-11-15","4","19049","745.33"
"2011-11-15","4","19050","1300.71"
"2011-11-15","4","19051","5421.72"
"2011-11-15","4","19052","322.63"
"2011-11-15","4","19053","921.28"
"2011-11-15","4","19054","3664.89"
"2011-11-15","4","19055","8419.65"
"2011-11-15","4","19056","29820.45"
"2011-11-15","4","19057","5606.7"
"2011-11-16","4","19058","16725.93"
"2011-11-16","4","19059","1490.36"
"2011-11-16","4","19060","2420"
"2011-11-16","4","19061","4337"
"2011-11-16","4","19062","2078"
"2011-11-16","4","19063","2993.45"
"2011-11-16","4","19064","853.78"
"2011-11-16","4","19065","1547"
"2011-11-16","4","19066","1625"
"2011-11-16","4","19067","5218.64"
"2011-11-16","4","19068","619.45"
"2011-11-16","4","19069","237.3"
"2011-11-16","4","19070","6929.48"
"2011-11-18","4","19071","17905.76"
"2011-11-18","4","19072","15909"
"2011-11-18","4","19073","204.25"
"2011-11-18","4","19074","1684.35"
"2011-11-18","4","19075","1313.63"
"2011-11-18","4","19076","1788.86"
"2011-11-18","4","19077","3156.29"
"2011-11-18","4","19078","642.59"
"2011-11-18","4","19079","2209.99"
"2011-11-21","4","19080","2136.95"
"2011-11-22","4","19081","1632.37"
"2011-11-23","4","19092","500"
"2011-11-23","4","19097","8017.5"
"2011-11-24","4","19099","381.16"
"2011-11-25","4","19103","1941.97"
"2011-11-25","4","19109","1408.52"
"2011-11-25","4","19110","2598.75"
"2011-11-25","4","19111","6850.42"
"2011-11-25","4","19112","3641.29"
"2011-11-25","4","19113","356.21"
"2011-11-25","4","19114","734.4"
"2011-11-25","4","19115","1015"
"2011-11-30","4","19127","310"
"2011-12-02","4","19131","113535.19"
"2011-12-06","4","19136","1400.56"
"2011-12-06","4","19148","360"
"2011-12-14","4","19181","1000"
"2011-12-14","4","19183","605.6"
"2011-12-15","4","19192","925.42"
"2011-12-15","4","19208","400"
"2011-12-15","4","19209","179.99"
"2011-12-16","4","19210","3841.8"
"2011-12-16","4","19211","1602.52"
"2011-12-16","4","19212","940"
"2011-12-16","4","19213","1012.5"
"2011-12-16","4","19214","7534.21"
"2011-12-16","4","19215","17936.47"
"2011-12-16","4","19216","1042.05"
"2011-12-16","4","19220","1145.64"
"2011-12-19","4","19221","14257.67"
"2011-12-20","4","19231","26.44"
"2011-12-21","4","19239","1946.31"
"2011-12-22","4","19243","2100"
"2011-12-22","4","19244","873.07"
"2011-12-22","4","19245","25.91"
"2011-12-22","4","19246","12.69"
"2011-12-22","4","19247","500"
"2011-12-23","4","19248","1000"
"2011-12-23","4","19257","470.64"
"2011-12-23","4","19260","203.96"
"2011-12-29","4","19264","45.29"
"2011-12-29","4","19268","226.68"
"2011-12-30","4","19291","100.47"
"2012-01-03","4","19293","103.45"
"2012-01-06","4","19303","245.93"
"2012-01-06","4","19307","3241.74"
"2012-01-09","4","19317","51.7"
"2012-01-12","4","19336","302.5"
"2012-01-12","4","19337","450.94"
"2012-01-13","4","19342","5951.04"
"2012-01-16","4","19345","791"
"2012-01-17","4","19347","1310"
"2012-01-18","4","19348","1977.86"
"2012-01-18","4","19349","1439.94"
"2012-01-18","4","19350","2201.79"
"2012-01-18","4","19351","1826.47"
"2012-01-19","4","19352","448.35"
"2012-01-19","4","19376","906.45"
"2012-01-19","4","19380","1700"
"2012-01-20","4","19385","553.72"
"2012-01-20","4","19386","690.95"
"2012-01-20","4","19387","318.76"
"2012-01-20","4","19391","3058.29"
"2012-01-25","4","19407","573.45"
"2012-01-25","4","19408","162.01"
"2012-02-01","4","19429","537.21"
"2012-02-01","4","19430","1100"
"2012-02-07","4","19441","203.24"
"2012-02-07","4","19442","82.62"
"2012-02-07","4","19443","902.06"
"2012-02-07","4","19444","60.36"
"2012-02-07","4","19445","891.77"
"2012-02-07","4","19446","38.22"
"2012-02-08","4","19457","79160.11"
"2012-02-08","4","19458","1000"
"2012-02-09","4","19460","2000"
"2012-02-09","4","19461","920"
"2012-02-10","4","19464","394.19"
"2012-02-10","4","19465","1165.64"
"2012-02-10","4","19466","1804.01"
"2012-02-10","4","19467","3436.57"
"2012-02-28","4","19468","139.75"
"2012-02-28","4","19471","2936.32"
"2012-02-28","4","19474","1200"
"2012-02-28","4","19475","12448"
"2012-02-28","4","19476","3033.54"
"2012-02-28","4","19477","647.73"
"2012-02-28","4","19479","1065.28"
"2012-02-28","4","19480","3401.38"
"2012-02-28","4","19482","1500"
"2012-02-28","4","19492","5956.7"
"2012-02-28","4","19493","1574"
"2012-02-28","4","19494","486"
"2012-02-28","4","19495","1848.07"
"2012-02-28","4","19496","2305.79"
"2012-02-28","4","19497","12060.83"
"2012-02-28","4","19498","1068"
"2012-02-28","4","19499","2305.62"
"2012-02-28","4","19500","1369"
"2012-02-28","4","19501","1534.37"
"2012-02-28","4","19502","7140.28"
"2012-02-28","4","19503","1050.3"
"2012-02-28","4","19504","980.71"
"2012-02-28","4","19505","1192.69"
"2012-02-28","4","19506","2069.12"
"2012-02-28","4","19508","4356"
"2012-02-28","4","19510","2752.09"
"2012-02-28","4","19511","687.97"
"2012-02-28","4","19512","1871.25"
"2012-02-28","4","19513","783.07"
"2012-02-28","4","19514","2006"
"2012-02-28","4","19515","6541"
"2012-02-28","4","19516","2318.96"
"2012-02-28","4","19517","13957"
"2012-02-28","4","19519","701.2"
"2012-02-28","4","19520","3809.48"
"2012-02-28","4","19522","1733.75"
"2012-02-28","4","19523","6179.13"
"2012-02-29","4","19524","1204"
"2012-02-29","4","19526","13564.1"
"2012-02-29","4","19533","1162.45"
"2012-02-29","4","19534","1162.45"
"2012-02-29","4","19535","17106.01"
"2012-02-29","4","19536","108.22"
"2012-02-29","4","19537","1183.96"
"2012-03-02","4","19542","4597.54"
"2012-03-06","4","19548","12326.39"
"2012-03-06","4","19557","416.24"
"2012-03-07","4","19559","3492.48"
"2012-03-07","4","19560","11591.8"
"2012-03-07","4","19561","2600"
"2012-03-07","4","19562","900"
"2012-03-08","4","19565","471.9"
"2012-03-09","4","19567","14536.57"
"2012-03-09","4","19569","8409.5"
"2012-03-09","4","19570","546.26"
"2012-03-09","4","19573","1031.43"
"2012-03-09","4","19574","11757"
"2012-03-09","4","19575","2471.4"
"2012-03-09","4","19576","13109.2"
"2012-03-12","4","19577","1500"
"2012-03-14","4","19580","657.2"
"2012-03-14","4","19581","1520"
"2012-03-16","4","19591","167.67"
"2012-03-16","4","19592","683.12"
"2012-03-22","4","19635","525"
"2012-03-22","4","19636","1188.1"
"2012-03-22","4","19637","130.61"
"2012-03-23","4","19640","500"
"2012-03-27","4","19643","1801.92"
"2012-03-27","4","19644","290"
"2012-03-27","4","19646","291.56"
"2012-03-28","4","19653","313.55"
"2012-03-29","4","19659","114.02"
"2012-03-29","4","19664","6576.97"
"2012-04-05","4","19692","700"
"2012-04-12","4","19719","22.29"
"2012-04-12","4","19721","700"
"2012-04-17","4","19723","573.03"
"2012-04-17","4","19724","1200.62"
"2012-04-18","4","19725","655.2"
"2012-04-19","4","19741","187.3"
"2012-04-19","4","19745","1344.7"
"2012-04-19","4","19746","930.77"
"2012-04-19","4","19747","4965.84"
"2012-04-20","4","19750","688"
"2012-04-20","4","19761","101.83"
"2012-04-20","4","19763","4598.76"
"2012-04-20","4","19764","500"
"2012-04-25","4","19774","60.87"
"2012-04-26","4","19786","146.14"
"2012-04-26","4","19787","1500"
"2012-04-27","4","19788","6395.59"
"2012-04-27","4","19789","467.31"
"2012-05-02","4","19792","4716.57"
"2012-05-02","4","19793","166.28"
"2012-05-03","4","19794","620"
"2012-05-03","4","19795","2827.66"
"2012-05-04","4","19806","436.47"
"2012-05-07","4","19831","1917"
"2012-05-08","4","19839","634"
"2012-05-11","4","19856","600"
"2012-05-14","4","19860","1544.87"
"2012-05-17","4","19869","6500"
"2012-05-18","4","19878","768.99"
"2012-05-18","4","19880","3000"
"2012-05-18","4","19883","827"
"2012-05-21","4","19889","800"
"2012-05-21","4","19891","235.65"
"2012-05-21","4","19892","313.19"
"2012-05-21","4","19893","238.3"
"2012-05-23","4","19894","10472.01"
"2012-05-23","4","19895","383.57"
"2012-05-23","4","19896","252.98"
"2012-05-24","4","19908","485.63"
"2012-05-30","4","19938","319.44"
"2012-05-31","4","19943","1902.12"
"2012-05-31","4","19945","1100"
"2012-06-06","4","19967","34.98"
"2012-06-08","4","19971","600"
"2012-06-15","4","20000","2988.44"
"2012-06-19","4","20036","4053.5"
"2012-06-22","4","20038","990"
"2012-06-26","4","20055","500"
"2012-06-28","4","20060","780"
"2012-07-04","4","20068","3000"
"2012-07-06","4","20084","396.09"
"2012-07-06","4","20087","2735.81"
"2012-07-06","4","20088","681.04"
"2012-07-06","4","20089","1025"
"2012-07-06","4","20090","877"
"2012-07-06","4","20091","787.07"
"2012-07-12","4","20104","473.34"
"2012-07-13","4","20109","2692.87"
"2012-07-13","4","20110","1057.94"
"2012-07-13","4","20116","79.47"
"2012-07-13","4","20118","77.11"
"2012-07-16","4","20127","125.73"
"2012-07-16","4","20129","1369.88"
"2012-07-16","4","20133","642.54"
"2012-07-17","4","20141","500"
"2012-07-18","4","20151","3070.6"
"2012-07-18","4","20152","7744"
"2012-07-18","4","20154","1369.72"
"2012-07-18","4","20155","401.54"
"2012-07-18","4","20156","428.75"
"2012-07-18","4","20157","289.32"
"2012-07-19","4","20158","416.24"
"2012-07-19","4","20159","1562"
"2012-07-20","4","20162","726.05"
"2012-07-20","4","20163","2521.16"
"2012-07-20","4","20164","900"
"2012-07-23","4","20166","1396.62"
"2012-07-23","4","20169","504.31"
"2012-07-25","4","20171","640"
"2012-07-26","4","20178","585.76"
"2012-07-27","4","20181","727.99"
"2012-07-27","4","20182","726.61"
"2012-07-31","4","20192","379.99"
"2012-07-31","4","20193","705.41"
"2012-07-31","4","20194","1701"
"2012-07-31","4","20195","150"
"2012-08-02","4","20208","229.9"
"2012-08-02","4","20214","500"
"2012-08-10","4","20239","282"
"2012-08-10","4","20240","303.38"
"2012-08-10","4","20241","320.23"
"2012-08-10","4","20242","262.01"
"2012-08-10","4","20243","700.86"
"2012-08-10","4","20248","307.22"
"2012-08-15","4","20257","900"
"2012-08-15","4","20259","67.04"
"2012-08-16","4","20266","175"
"2012-08-16","4","20267","930"
"2012-08-16","4","20268","842"
"2012-08-17","4","20284","10118.86"
"2012-08-23","4","20292","126.44"
"2012-08-23","4","20293","109"
"2012-08-23","4","20294","400"
"2012-08-29","4","20311","7856.23"
"2012-08-29","4","20312","1499.4"
"2012-08-29","4","20313","985"
"2012-08-29","4","20314","1525.23"
"2012-08-29","4","20315","1331.67"
"2012-08-30","4","20331","543.68"
"2012-08-30","4","20332","5641.5"
"2012-08-30","4","20333","544.52"
"2012-08-31","4","20338","1000"
"2012-08-31","4","20339","616.16"
"2012-08-31","4","20340","612.82"
"2012-09-04","4","20342","313.13"
"2012-09-05","4","20343","699.11"
"2012-09-05","4","20346","949.63"
"2012-09-05","4","20354","411.4"
"2012-09-05","4","20360","596.53"
"2012-09-07","4","20377","4171.25"
"2012-09-07","4","20378","751.61"
"2012-09-07","4","20383","4040.91"
"2012-09-07","4","20386","4663.34"
"2012-09-11","4","20391","359.62"
"2012-09-12","4","20397","194.96"
"2012-09-12","4","20401","86.9"
"2012-09-13","4","20405","600"
"2012-09-13","4","20411","2778.76"
"2012-09-13","4","20412","2160"
"2012-09-14","4","20425","1000"
"2012-09-20","4","20436","1300.48"
"2012-09-21","4","20448","318.87"
"2012-09-21","4","20449","411.68"
"2012-09-21","4","20452","1816.75"
"2012-09-21","4","20453","1738.02"
"2012-09-21","4","20454","1817.63"
"2012-09-25","4","20455","599.06"
"2012-09-27","4","20471","598.84"
"2012-10-02","4","20484","552.96"
"2012-10-03","4","20485","2421.77"
"2012-10-03","4","20488","1000"
"2012-10-03","4","20491","294.04"
"2012-10-03","4","20500","853.37"
"2012-10-03","4","20501","2160.33"
"2012-10-03","4","20510","3416"
"2012-10-04","4","20512","455"
"2012-10-04","4","20520","4827.65"
"2012-10-05","4","20524","2971.27"
"2012-10-10","4","20527","13596.18"
"2012-10-12","4","20543","500"
"2012-10-12","4","20553","9450"
"2012-10-12","4","20554","853.29"
"2012-10-12","4","20559","914.96"
"2012-10-12","4","20560","500"
"2012-10-25","4","20586","283.68"
"2012-10-25","4","20590","827.65"
"2012-10-25","4","20595","212.05"
"2012-10-25","4","20599","219.15"
"2012-10-25","4","20600","1800"
"2012-10-25","4","20602","1315.2"
"2012-10-26","4","20617","20068.22"
"2012-10-26","4","20618","3200.94"
"2012-10-26","4","20619","9354"
"2012-10-29","4","20620","1669.86"
"2012-10-30","4","20636","887.52"
"2012-10-30","4","20641","500"
"2012-10-31","4","20642","4559.56"
"2012-10-31","4","20644","10687.57"
"2012-10-31","4","20646","502.02"
"2012-10-31","4","20647","10686.58"
"2012-10-31","4","20648","3809.75"
"2012-10-31","4","20650","1009.67"
"2012-11-01","4","20652","2437"
"2012-11-01","4","20653","588"
"2012-11-01","4","20654","1138.34"
"2012-11-05","4","20661","1015.34"
"2012-11-06","4","20663","381.94"
"2012-11-07","4","20675","198.65"
"2012-11-13","4","20688","43.15"
"2012-11-13","4","20689","560.25"
"2012-11-13","4","20690","700"
"2012-11-13","4","20691","924.13"
"2012-11-13","4","20699","1176.59"
"2012-11-15","4","20723","500"
"2012-11-16","4","20725","2281.48"
"2012-11-20","4","20727","193.46"
"2012-11-22","4","20735","3579.1"
"2012-11-22","4","20736","6374.76"
"2012-11-22","4","20741","1027.29"
"2012-11-22","4","20745","209.59"
"2012-11-23","4","20747","800"
"2012-11-23","4","20765","5000"
"2012-11-27","4","20769","1744.71"
"2012-11-27","4","20777","837.32"
"2012-11-30","4","20781","213.14"
"2012-11-30","4","20799","400"
"2012-11-30","4","20800","803.8"
"2012-12-05","4","20810","1000"
"2012-12-06","4","20827","1436.38"
"2012-12-07","4","20835","1297.89"
"2012-12-07","4","20836","1000"
"2012-12-12","4","20852","826"
"2012-12-13","4","20854","2000"
"2012-12-13","4","20865","735.1"
"2012-12-13","4","20866","2467.95"
"2012-12-13","4","20867","1022.45"
"2012-12-13","4","20868","1772.5"
"2012-12-13","4","20869","2566.18"
"2012-12-13","4","20870","2036.66"
"2012-12-13","4","20871","4407.98"
"2012-12-13","4","20872","2950.46"
"2012-12-14","4","20875","1200"
"2012-12-14","4","20878","26803"
"2012-12-14","4","20879","564.92"
"2012-12-14","4","20880","739.09"
"2012-12-17","4","20881","5984.33"
"2012-12-17","4","20891","69.38"
"2012-12-18","4","20893","1242.7"
"2012-12-26","4","20902","630.79"
"2012-12-28","4","20912","575"
"2012-12-28","4","20919","871.2"
"2012-12-28","4","20924","1000"
"2012-12-28","4","20932","329.9"
"2012-12-28","4","20933","6059.28"
"2012-12-28","4","20934","421.77"
"2012-12-28","4","20944","995.73"
"2012-12-28","4","20948","851.5"
"2012-12-28","4","20950","7265.71"
"2013-01-02","4","20951","1504.3"
"2013-01-03","4","20964","800"
"2013-01-04","4","20966","105.39"
"2013-01-04","4","20988","1026.36"
"2013-01-09","4","20997","2694.75"
"2013-01-09","4","20998","1525"
"2013-01-09","4","20999","168.36"
"2013-01-09","4","21000","46359.09"
"2013-01-09","4","21006","839.64"
"2013-01-10","4","21011","350.9"
"2013-01-10","4","21012","1014.59"
"2013-01-10","4","21013","54"
"2013-01-10","4","21014","1500"
"2013-01-11","4","21019","9180.2"
"2013-01-15","4","21033","172.76"
"2013-01-15","4","21035","1500"
"2013-01-17","4","21037","500"
"2013-01-17","4","21039","500"
"2013-01-17","4","21040","1000"
"2013-01-18","4","21050","1821.8"
"2013-01-18","4","21051","2568.71"
"2013-01-18","4","21052","72"
"2013-01-18","4","21053","437.23"
"2013-01-18","4","21054","1567.02"
"2013-01-23","4","21060","6288.32"
"2013-01-24","4","21077","630.69"
"2013-01-25","4","21085","500"
"2013-01-25","4","21086","1000"
"2013-01-25","4","21087","1421.42"
"2013-01-25","4","21088","168.16"
"2013-01-25","4","21089","1000"
"2013-01-28","4","21090","485.69"
"2013-01-30","4","21116","1000"
"2013-01-30","4","21117","1000"
"2013-02-18","4","21139","569.3"
"2013-02-18","4","21142","4400.64"
"2013-02-19","4","21153","700"
"2013-02-19","4","21162","1412.07"
"2013-02-19","4","21174","229.29"
"2013-02-22","4","21201","2000"
"2013-02-22","4","21203","681.01"
"2013-02-22","4","21206","1300"
"2013-02-25","4","21207","500"
"2013-02-27","4","21215","36686.58"
"2013-02-27","4","21217","2694.91"
"2013-03-04","4","21251","800"
"2013-03-05","4","21252","456.65"
"2013-03-05","4","21253","2118.4"
"2013-03-06","4","21266","1300"
"2013-03-07","4","21282","248.8"
"2013-03-07","4","21285","617.86"
"2013-03-08","4","21296","2768.48"
"2013-03-08","4","21297","677.71"
"2013-03-08","4","21298","1377.94"
"2013-03-12","4","21300","527.33"
"2013-03-12","4","21305","819"
"2013-03-13","4","21311","104.75"
"2013-03-18","4","21333","1382.74"
"2013-03-19","4","21335","3147.86"
"2013-03-19","4","21336","703.38"
"2013-03-19","4","21343","292.2"
"2013-03-20","4","21346","1403.29"
"2013-03-20","4","21347","7168.28"
"2013-03-20","4","21348","690.25"
"2013-03-21","4","21354","401.75"
"2013-03-21","4","21356","800.5"
"2013-03-21","4","21361","931.22"
"2013-03-22","4","21368","19800.11"
"2013-03-26","4","21392","600"
"2013-03-28","4","21409","3501.23"
"2013-03-28","4","21410","1611.92"
"2013-04-04","4","21419","159.78"
"2013-04-04","4","21423","852"
"2013-04-04","4","21425","300.99"
"2013-04-05","4","21440","536"
"2013-04-05","4","21447","416.23"
"2013-04-08","4","21448","1000"
"2013-04-09","4","21450","6842.62"
"2013-04-09","4","21452","632.2"
"2013-04-09","4","21454","212.41"
"2013-04-10","4","21466","672.43"
"2013-04-11","4","21468","633.91"
"2013-04-11","4","21469","2775.72"
"2013-04-12","4","21484","3682.76"
"2013-04-12","4","21485","17050.11"
"2013-04-19","4","21527","701.64"
"2013-04-22","4","21531","300"
"2013-04-25","4","21558","176.05"
"2013-04-25","4","21561","2582.28"
"2013-04-25","4","21562","2092.72"
"2013-04-29","4","21584","780"
"2013-04-30","4","21593","68.58"
"2013-05-03","4","21599","553.33"
"2013-05-07","4","21605","2315"
"2013-05-07","4","21612","355.28"
"2013-05-08","4","21622","589.83"
"2013-05-09","4","21625","149.11"
"2013-05-10","4","21638","283.62"
"2013-05-10","4","21639","1012.85"
"2013-05-10","4","21647","1370.22"
"2013-05-10","4","21648","1010"
"2013-05-13","4","21657","688.89"
"2013-05-16","4","21669","65.3"
"2013-05-17","4","21678","1000"
"2013-05-17","4","21681","16000"
"2013-05-20","4","21682","982.69"
"2013-05-20","4","21689","2861.6"
"2013-05-23","4","21712","4852"
"2013-05-23","4","21713","3875.4"
"2013-05-23","4","21714","5067.01"
"2013-05-23","4","21718","800"
"2013-05-24","4","21731","820"
"2013-05-24","4","21732","2330.64"
"2013-05-24","4","21733","500"
"2013-05-28","4","21741","1000"
"2013-05-28","4","21742","1153"
"2013-05-28","4","21747","1000"
"2013-05-29","4","21748","574"
"2013-05-30","4","21762","33.54"
"2013-05-31","4","21765","55.7"
"2013-05-31","4","21766","1.28"
"2013-06-04","4","21768","900"
"2013-06-04","4","21769","459.46"
"2013-06-04","4","21771","1411.2"
"2013-06-05","4","21777","1800.01"
"2013-06-06","4","21791","241.41"
"2013-06-06","4","21798","3239.05"
"2013-06-07","4","21801","730.98"
"2013-06-12","4","21813","347.67"
"2013-06-12","4","21815","910.4"
"2013-06-12","4","21817","440"
"2013-06-17","4","21853","1299"
"2013-06-18","4","21854","23021.94"
"2013-06-18","4","21855","5035.73"
"2013-06-18","4","21857","1000"
"2013-06-18","4","21860","10000"
"2013-06-18","4","21862","907.5"
"2013-06-19","4","21863","2352.84"
"2013-06-27","4","21881","671.17"
"2013-06-28","4","21892","2584.31"
"2013-07-01","4","21897","1000"
"2013-07-03","4","21909","2032.8"
"2013-07-04","4","21911","848.9"
"2013-07-04","4","21913","995.89"
"2013-07-04","4","21916","500"
"2013-07-08","4","21925","300"
"2013-07-10","4","21935","566.36"
"2013-07-10","4","21936","695.35"
"2013-07-11","4","21944","800"
"2013-07-12","4","21945","1284"
"2013-07-12","4","21946","722.28"
"2013-07-12","4","21949","600"
"2013-07-12","4","21950","28322.62"
"2013-07-16","4","21965","800"
"2013-07-16","4","21968","597.14"
"2013-07-16","4","21970","410"
"2013-07-16","4","21984","300"
"2013-07-29","4","21999","771.48"
"2013-07-29","4","22005","1079"
"2013-07-30","4","22019","2300"
"2013-07-30","4","22038","666.44"
"2013-07-30","4","22039","25036.11"
"2013-07-30","4","22047","1350"
"2013-08-01","4","22056","2000"
"2013-08-02","4","22060","4257.9"
"2013-08-02","4","22066","1000"
"2013-08-02","4","22068","368.02"
"2013-08-02","4","22069","926.52"
"2013-08-05","4","22071","332.2"
"2013-08-05","4","22073","399.64"
"2013-08-05","4","22074","1585.22"
"2013-08-07","4","22085","2135.46"
"2013-08-15","4","22104","1000"
"2013-08-15","4","22106","1400.6"
"2013-08-15","4","22109","756.67"
"2013-08-15","4","22119","1000"
"2013-08-16","4","22129","1725"
"2013-08-16","4","22132","1400"
"2013-08-16","4","22133","811.62"
"2013-08-20","4","22138","845.84"
"2013-08-26","4","22152","762.15"
"2013-08-26","4","22162","526.13"
"2013-08-28","4","22171","2.81"
"2013-08-30","4","22181","17148.7"
"2013-08-30","4","22182","9021.4"
"2013-09-04","4","22191","1434.55"
"2013-09-04","4","22195","1000"
"2013-09-04","4","22196","763.55"
"2013-09-04","4","22198","300"
"2013-09-04","4","22199","500"
"2013-09-06","4","22207","102.58"
"2013-09-06","4","22208","2850"
"2013-09-06","4","22211","11172"
"2013-09-09","4","22212","2600"
"2013-09-10","4","22220","300"
"2013-09-11","4","22222","385.3"
"2013-09-11","4","22229","1527.1"
"2013-09-17","4","22244","1002.92"
"2013-09-17","4","22251","379.72"
"2013-09-17","4","22252","274.13"
"2013-09-17","4","22258","2042.35"
"2013-09-18","4","22260","341.59"
"2013-09-18","4","22261","500"
"2013-09-18","4","22268","838.39"
"2013-09-20","4","22276","70"
"2013-09-20","4","22277","770.69"
"2013-09-20","4","22278","207.15"
"2013-09-20","4","22279","300"
"2013-09-20","4","22281","630"
"2013-09-20","4","22283","49580.05"
"2013-09-20","4","22284","26577.69"
"2013-09-20","4","22285","1500"
"2013-09-26","4","22305","205.8"
"2013-09-26","4","22317","1000"
"2013-09-26","4","22321","770.43"
"2013-09-26","4","22322","1343.14"
"2013-09-26","4","22324","1000"
"2013-09-27","4","22328","212.06"
"2013-09-27","4","22329","20049.1"
"2013-09-27","4","22330","11223.84"
"2013-09-27","4","22331","3045.68"
"2013-09-27","4","22332","23539.34"
"2013-09-27","4","22333","2835.08"
"2013-09-27","4","22334","234.64"
"2013-09-27","4","22335","125.4"
"2013-09-27","4","22336","950.67"
"2013-09-27","4","22337","625.43"
"2013-09-27","4","22338","3346.86"
"2013-09-27","4","22339","7547.19"
"2013-09-27","4","22340","3785.58"
"2013-09-30","4","22347","595.33"
"2013-10-01","4","22367","164.57"
"2013-10-02","4","22368","800"
"2013-10-03","4","22373","1000"
"2013-10-04","4","22376","797.95"
"2013-10-04","4","22385","7606.99"
"2013-10-04","4","22387","2429.81"
"2013-10-09","4","22397","7528.43"
"2013-10-09","4","22398","1750"
"2013-10-10","4","22399","5700"
"2013-10-11","4","22403","543.91"
"2013-10-11","4","22412","5000"
"2013-10-17","4","22434","1150"
"2013-10-17","4","22440","140.17"
"2013-10-18","4","22445","73471.07"
"2013-10-18","4","22446","458.94"
"2013-10-18","4","22449","50000"
"2013-10-22","4","22460","333.68"
"2013-10-22","4","22472","394.92"
"2013-10-23","4","22479","9830.45"
"2013-10-25","4","22489","13305.77"
"2013-10-25","4","22491","190.65"
"2013-10-25","4","22492","5.43"
"2013-10-28","4","22505","802.04"
"2013-10-29","4","22506","750.01"
"2013-10-29","4","22508","1000"
"2013-10-30","4","22520","91.75"
"2013-10-30","4","22523","48787.6"
"2013-10-30","4","22524","1750"
"2013-11-01","4","22533","3000"
"2013-11-05","4","22537","367.45"
"2013-11-08","4","22553","83.52"
"2013-11-11","4","22558","4114"
"2013-11-11","4","22559","2820.94"
"2013-11-13","4","22585","647.4"
"2013-11-14","4","22598","9150.58"
"2013-11-15","4","22600","988.6"
"2013-11-18","4","22604","1335.07"
"2013-11-18","4","22607","3123.75"
"2013-11-18","4","22609","1350"
"2013-11-18","4","22615","998.5"
"2013-11-21","4","22627","1500"
"2013-11-21","4","22629","23376"
"2013-11-22","4","22632","633.06"
"2013-11-22","4","22633","827.51"
"2013-11-28","4","22647","769.59"
"2013-11-28","4","22648","2243.4"
"2013-11-28","4","22654","611.04"
"2013-11-28","4","22658","1500"
"2013-12-02","4","22666","597.91"
"2013-12-03","4","22671","8252.9"
"2013-12-05","4","22687","831"
"2013-12-06","4","22700","319.47"
"2013-12-06","4","22702","73"
"2013-12-06","4","22704","444.82"
"2013-12-06","4","22710","1192"
"2013-12-09","4","22712","1000"
"2013-12-09","4","22719","303.52"
"2013-12-09","4","22720","791.85"
"2013-12-09","4","22721","328"
"2013-12-09","4","22723","380.86"
"2013-12-10","4","22729","1089"
"2013-12-11","4","22738","8618.61"
"2013-12-12","4","22741","5541.48"
"2013-12-13","4","22742","3644.49"
"2013-12-16","4","22752","355.29"
"2013-12-16","4","22755","1000"
"2013-12-26","4","22762","1000"
"2013-12-26","4","22763","768.38"
"2013-12-26","4","22777","637.36"
"2013-12-27","4","22779","808.94"
"2013-12-27","4","22784","910.26"
"2013-12-27","4","22798","19880.3"
"2013-12-27","4","22799","2172.65"
"2013-12-27","4","22800","1500"
"2014-01-03","4","22819","4560.5"
"2014-01-03","4","22822","2500"
"2014-01-06","4","22830","1500"
"2014-01-07","4","22832","286.53"
"2014-01-07","4","22833","10949.27"
"2014-01-07","4","22835","6344.62"
"2014-01-10","4","22846","43440.97"
"2014-01-10","4","22850","3884.1"
"2014-01-13","4","22860","912.64"
"2014-01-14","4","22862","2500"
"2014-01-15","4","22876","2000"
"2014-01-31","4","22884","1000"
"2014-01-31","4","22922","400"
"2014-01-31","4","22950","9163.2"
"2014-02-04","4","22956","203.79"
"2014-02-04","4","22957","5215.81"
"2014-02-04","4","22958","5971.59"
"2014-02-04","4","22959","13243.32"
"2014-02-04","4","22960","1852.2"
"2014-02-04","4","22963","249"
"2014-02-05","4","22971","372.36"
"2014-02-05","4","22973","10000"
"2014-02-05","4","22975","6872.4"
"2014-02-05","4","22976","2756.87"
"2014-02-05","4","22986","310.67"
"2014-02-06","4","22990","4719"
"2014-02-06","4","22991","1000"
"2014-02-07","4","22999","480.65"
"2014-02-07","4","23000","1869.07"
"2014-02-07","4","23005","350"
"2014-02-07","4","23006","434.09"
"2014-02-14","4","23021","419.49"
"2014-02-14","4","23022","2610.45"
"2014-02-14","4","23026","4257.99"
"2014-02-18","4","23028","800"
"2014-02-18","4","23029","500"
"2014-02-19","4","23045","1092.21"
"2014-02-20","4","23060","1000"
"2014-02-21","4","23065","2500.78"
"2014-02-27","4","23095","400"
"2014-02-27","4","23102","3994.35"
"2014-02-27","4","23105","1000"
"2014-02-28","4","23112","130"
"2014-02-28","4","23128","1585.58"
"2014-02-28","4","23129","5000"
"2014-03-07","4","23138","4400.76"
"2014-03-07","4","23139","1450"
"2014-03-13","4","23172","786.6"
"2014-03-13","4","23173","3494.17"
"2014-03-13","4","23174","1002.94"
"2014-03-13","4","23175","10735.22"
"2014-03-13","4","23182","17729.89"
"2014-03-14","4","23193","694.12"
"2014-03-17","4","23196","1000"
"2014-03-18","4","23197","496.35"
"2014-03-19","4","23214","648.58"
"2014-03-20","4","23217","3288.88"
"2014-03-20","4","23220","688"
"2014-03-21","4","23238","1694"
"2014-03-21","4","23239","24000"
"2014-03-26","4","23249","857.53"
"2014-03-27","4","23254","400"
"2014-03-28","4","23267","8102.35"
"2014-03-28","4","23268","7441.5"
"2014-03-31","4","23278","7358.4"
"2014-04-07","4","23290","15738.8"
"2014-04-07","4","23291","2391.44"
"2014-04-08","4","23298","202.71"
"2014-04-08","4","23305","3800"
"2014-04-16","4","23352","800"
"2014-04-16","4","23353","4242.61"
"2014-04-17","4","23362","20814.47"
"2014-04-22","4","23365","338.78"
"2014-04-22","4","23367","752.58"
"2014-04-23","4","23394","29179.03"
"2014-04-24","4","23395","1000"
"2014-04-29","4","23421","2300.55"
"2014-05-07","4","23450","300"
"2014-05-07","4","23452","431.23"
"2014-05-07","4","23456","48.88"
"2014-05-08","4","23461","652.95"
"2014-05-08","4","23462","700"
"2014-05-08","4","23467","7574.65"
"2014-05-09","4","23468","3847.26"
"2014-05-09","4","23474","5080.86"
"2014-05-09","4","23480","6693.4"
"2014-05-16","4","23495","417.37"
"2014-05-16","4","23499","1200"
"2014-05-19","4","23500","800"
"2014-05-23","4","23534","1784.75"
"2014-05-26","4","23536","5890.4"
"2014-05-28","4","23558","2571.91"
"2014-05-28","4","23563","5046.46"
"2014-06-03","4","23572","266.67"
"2014-06-03","4","23573","3136.97"
"2014-06-04","4","23594","22285.98"
"2014-06-04","4","23595","6772.36"
"2014-06-04","4","23596","11672.83"
"2014-06-04","4","23597","6534"
"2014-06-06","4","23624","134.75"
"2014-06-06","4","23627","2383.86"
"2014-06-06","4","23628","15511.37"
"2014-06-17","4","23700","2599"
"2014-06-18","4","23705","13380.66"
"2014-06-18","4","23711","552.66"
"2014-06-23","4","23715","1500"
"2014-06-24","4","23720","2513.73"
"2014-06-26","4","23734","718.73"
"2014-06-27","4","23737","5171.17"
"2014-07-02","4","23755","1000"
"2014-07-04","4","23772","1000"
"2014-07-07","4","23773","300"
"2014-07-07","4","23774","5000"
"2014-07-07","4","23780","1067.03"
"2014-07-07","4","23787","1000"
"2014-07-10","4","23796","802.97"
"2014-07-10","4","23797","69.03"
"2014-07-14","4","23814","1322.23"
"2014-07-16","4","23830","2163.49"
"2014-07-21","4","23850","1600"
"2014-07-25","4","23877","25000"
"2014-07-29","4","23893","800"
"2014-07-31","4","23904","4223.24"
"2014-07-31","4","23905","1869.66"
"2014-07-31","4","23906","4269.61"
"2014-07-31","4","23910","2621.22"
"2014-08-01","4","23914","9492.59"
"2014-08-04","4","23923","2000"
"2014-08-04","4","23924","1256.67"
"2014-08-06","4","23933","1800"
"2014-08-07","4","23935","439.53"
"2014-08-08","4","23944","2357.47"
"2014-08-08","4","23945","4493.75"
"2014-08-11","4","23948","1171.18"
"2014-08-11","4","23949","360"
"2014-08-12","4","23967","29656.27"
"2014-08-14","4","23973","333.29"
"2014-08-15","4","23974","5000"
"2014-08-15","4","23985","20000"
"2014-08-15","4","23986","6572.6"
"2014-08-21","4","23987","1000"
"2014-08-22","4","23996","5700"
"2014-08-22","4","23998","84936.76"
"2014-08-27","4","24042","1321.32"
"2014-08-29","4","24053","21755.32"
"2014-09-01","4","24056","2000"
"2014-09-02","4","24057","5470.78"
"2014-09-02","4","24058","1655.76"
"2014-09-05","4","24077","14389.1"
"2014-09-05","4","24081","2883.15"
"2014-09-05","4","24082","1000"
"2014-09-09","4","24083","729.41"
"2014-09-09","4","24084","28.42"
"2014-09-09","4","24085","1000"
"2014-09-10","4","24096","18073.77"
"2014-09-10","4","24097","1655.8"
"2014-09-10","4","24098","16568.16"
"2014-09-10","4","24099","3530.19"
"2014-09-11","4","24113","8152.15"
"2014-09-15","4","24124","19.35"
"2014-09-16","4","24127","3233.6"
"2014-09-17","4","24135","1280.18"
"2014-09-19","4","24142","5282.75"
"2014-09-19","4","24143","2414.22"
"2014-09-19","4","24144","42807.99"
"2014-09-22","4","24146","194.15"
"2014-09-22","4","24148","479.16"
"2014-09-24","4","24161","867.57"
"2014-09-25","4","24167","6862.84"
"2014-09-26","4","24176","3300"
"2014-09-30","4","24181","1452"
"2014-09-30","4","24182","1000"
"2014-09-30","4","24193","1545.39"
"2014-09-30","4","24194","1525.58"
"2014-10-03","4","24217","2923.26"
"2014-10-03","4","24224","40000"
"2014-10-08","4","24226","128685.57"
"2014-10-09","4","24233","46.86"
"2014-10-09","4","24246","1697"
"2014-10-10","4","24251","2200"
"2014-10-17","4","24269","20890.57"
"2014-10-17","4","24270","18095.2"
"2014-10-17","4","24271","9598.51"
"2014-10-21","4","24276","2690.49"
"2014-10-21","4","24277","3285.83"
"2014-10-22","4","24287","435.16"
"2014-10-27","4","24320","309.04"
"2014-10-29","4","24339","8000"
"2014-10-30","4","24343","10513"
"2014-10-30","4","24344","55198.05"
"2014-10-31","4","24347","1680"
"2014-11-04","4","24353","2913.07"
"2014-11-04","4","24354","1800"
"2014-11-05","4","24355","1675.28"
"2014-11-05","4","24356","1200"
"2014-11-06","4","24369","16920.24"
"2014-11-14","4","24419","2225.04"
"2014-11-14","4","24420","2000"
"2014-11-17","4","24421","895.84"
"2014-11-21","4","24447","7137.6"
"2014-11-21","4","24448","2807.8"
"2014-11-21","4","24450","500"
"2014-11-26","4","24467","1258.68"
"2014-11-26","4","24473","17965.98"
"2014-11-28","4","24495","997.76"
"2014-12-02","4","24499","3252.6"
"2014-12-04","4","24513","851.53"
"2014-12-04","4","24517","2500"
"2014-12-11","4","24542","441.73"
"2014-12-16","4","24567","466.85"
"2014-12-17","4","24578","2515.85"
"2014-12-19","4","24602","2516.97"
"2014-12-19","4","24603","2818.96"
"2014-12-23","4","24609","6381.06"
"2014-12-23","4","24610","11945"
"2014-12-23","4","24634","823.31"
"2014-12-24","4","24637","1089.91"
"2014-12-29","4","24641","2213.03"
"2014-12-31","4","24670","1020.68"
"2015-01-06","4","24672","24358.36"
"2015-01-06","4","24673","9576"
"2015-01-06","4","24681","1026.48"
"2015-01-09","4","24692","498.33"
"2015-01-12","4","24713","685.77"
"2015-01-12","4","24714","1000"
"2015-01-13","4","24721","363.32"
"2015-01-30","4","24730","3212.7"
"2015-01-30","4","24731","736.21"
"2015-01-30","4","24735","3672.5"
"2015-01-30","4","24744","1500"
"2015-01-30","4","24766","821.71"
"2015-01-30","4","24783","2500"
"2015-01-30","4","24784","8233.09"
"2015-02-04","4","24800","2190"
"2015-02-04","4","24801","2989.49"
"2015-02-05","4","24807","2800"
"2015-02-06","4","24822","528.7"
"2015-02-06","4","24823","2503.63"
"2015-02-06","4","24824","284.23"
"2015-02-06","4","24825","796.01"
"2015-02-06","4","24826","2835.03"
"2015-02-06","4","24827","5905.65"
"2015-02-19","4","24865","870.11"
"2015-02-19","4","24874","1652.74"
"2015-03-04","4","24946","500"
"2015-03-05","4","24952","1300"
"2015-03-06","4","24960","1500"
"2015-03-13","4","24986","7589.12"
"2015-03-17","4","25013","1073.02"
"2015-03-19","4","25027","4593.3"
"2015-03-20","4","25050","9050"
"2015-03-30","4","25071","1857.4"
"2015-03-30","4","25096","1000"
"2015-04-07","4","25108","231.64"
"2015-04-07","4","25113","601.25"
"2015-04-07","4","25115","2000"
"2015-04-08","4","25120","1601.52"
"2015-04-08","4","25122","1700"
"2015-04-09","4","25132","835.66"
"2015-04-14","4","25144","2000"
"2015-04-16","4","25160","1500"
"2015-04-17","4","25161","806.38"
"2015-04-20","4","25169","1180"
"2015-04-20","4","25170","3036.48"
"2015-04-22","4","25179","727.91"
"2015-04-23","4","25185","2426.21"
"2015-04-23","4","25187","2761.97"
"2015-04-28","4","25222","9256.5"
"2015-05-05","4","25266","16866.89"
"2015-05-09","4","25275","1000"
"2015-05-11","4","25302","749.49"
"2015-05-12","4","25320","6000"
"2015-05-12","4","25324","4760"
"2015-05-13","4","25328","22497.51"
"2015-05-14","4","25342","1084.45"
"2015-05-14","4","25343","80.98"
"2015-05-14","4","25344","438.39"
"2015-05-14","4","25345","332.94"
"2015-05-14","4","25346","5082"
"2015-05-15","4","25350","80.58"
"2015-05-19","4","25357","1800"
"2015-05-21","4","25372","8453.83"
"2015-05-22","4","25383","15000"
"2015-05-22","4","25384","5634.79"
"2015-05-27","4","25387","498.84"
"2015-05-27","4","25388","500"
"2015-05-27","4","25389","140.69"
"2015-05-27","4","25396","4706.3"
"2015-05-28","4","25397","2000"
"2015-05-29","4","25416","23088"
"2015-06-01","4","25423","3045.54"
"2015-06-03","4","25429","12790.42"
"2015-06-04","4","25453","3000"
"2015-06-09","4","25479","15219.85"
"2015-06-10","4","25488","99515.32"
"2015-06-11","4","25489","2600"
"2015-06-11","4","25490","940.44"
"2015-06-17","4","25525","1200"
"2015-06-17","4","25527","1567"
"2015-06-25","4","25563","24000"
"2015-06-26","4","25569","1360"
"2015-06-30","4","25585","276.27"
"2015-07-01","4","25594","1050.37"
"2015-07-03","4","25614","8170.16"
"2015-07-03","4","25615","1500"
"2015-07-08","4","25641","2000"
"2015-07-10","4","25661","3000"
"2015-07-13","4","25662","729.03"
"2015-07-14","4","25664","3000.43"
"2015-07-14","4","25677","1500"
"2015-07-23","4","25709","2657.16"
"2015-07-24","4","25711","3300.8"
"2015-07-28","4","25715","1315.54"
"2015-07-30","4","25725","4000"
"2015-07-30","4","25734","873.64"
"2015-07-30","4","25741","6512.24"
"2015-07-30","4","25742","72.6"
"2015-07-31","4","25744","1182.12"
"2015-08-03","4","25745","5954.14"
"2015-08-03","4","25748","2500"
"2015-08-05","4","25756","1000"
"2015-08-05","4","25768","1500"
"2015-08-06","4","25770","3826.76"
"2015-08-07","4","25771","768.37"
"2015-08-07","4","25780","9550"
"2015-08-07","4","25781","6781.7"
"2015-08-12","4","25803","472.96"
"2015-08-12","4","25805","5000"
"2015-08-12","4","25807","2000"
"2015-08-12","4","25808","698.93"
"2015-08-14","4","25822","2000"
"2015-08-14","4","25823","949.61"
"2015-08-24","4","25827","300"
"2015-08-24","4","25830","306.09"
"2015-08-24","4","25835","57612.82"
"2015-08-25","4","25874","6276.04"
"2015-08-26","4","25881","687.23"
"2015-08-26","4","25882","399.6"
"2015-08-28","4","25889","16181.25"
"2015-08-31","4","25895","5468.96"
"2015-08-31","4","25896","4934.39"
"2015-09-07","4","25926","5"
"2015-09-10","4","25939","6824.34"
"2015-09-10","4","25940","6000"
"2015-09-10","4","25941","294.38"
"2015-09-11","4","25961","33726.33"
"2015-09-15","4","25965","25000"
"2015-09-16","4","25976","662.77"
"2015-09-22","4","26009","5300"
"2015-09-24","4","26021","990.17"
"2015-09-28","4","26025","154.84"
"2015-09-29","4","26031","121.33"
"2015-09-30","4","26050","665.41"
"2015-10-05","4","26056","88.24"
"2015-10-05","4","26058","100"
"2015-10-05","4","26065","3000"
"2015-10-05","4","26066","1500"
"2015-10-05","4","26070","515.62"
"2015-10-05","4","26073","1659.21"
"2015-10-06","4","26081","2288.99"
"2015-10-08","4","26095","920"
"2015-10-08","4","26097","8124.42"
"2015-10-13","4","26113","2554"
"2015-10-14","4","26124","674"
"2015-10-16","4","26141","17724.53"
"2015-10-20","4","26143","2109.15"
"2015-10-21","4","26156","1500"
"2015-10-22","4","26170","3451.13"
"2015-10-23","4","26172","7547.28"
"2015-10-23","4","26173","43.66"
"2015-10-23","4","26180","3000"
"2015-10-26","4","26181","2827.98"
"2015-10-26","4","26183","1947.15"
"2015-10-27","4","26196","1368.3"
"2015-10-27","4","26201","932.66"
"2015-10-27","4","26208","2681.55"
"2015-10-29","4","26220","1800"
"2015-10-30","4","26223","16834.35"
"2015-10-30","4","26224","456.22"
"2015-10-30","4","26225","2172.74"
"2015-10-30","4","26226","1000"
"2015-11-03","4","26229","462.08"
"2015-11-03","4","26235","1500"
"2015-11-04","4","26240","1149.12"
"2015-11-04","4","26241","1370.84"
"2015-11-04","4","26243","1639.59"
"2015-11-04","4","26247","484.55"
"2015-11-04","4","26251","170.75"
"2015-11-05","4","26265","1293.75"
"2015-11-06","4","26270","174.82"
"2015-11-06","4","26273","522.64"
"2015-11-10","4","26282","4000"
"2015-11-10","4","26286","1500"
"2015-11-11","4","26289","614.98"
"2015-11-17","4","26299","112.18"
"2015-11-17","4","26312","2183.85"
"2015-11-18","4","26313","1500"
"2015-11-18","4","26314","11826.75"
"2015-11-18","4","26325","1712.15"
"2015-11-20","4","26349","1476.5"
"2015-11-24","4","26375","2000"
"2015-11-24","4","26382","226.55"
"2015-11-25","4","26395","434.27"
"2015-11-26","4","26408","3831.46"
"2015-11-26","4","26411","1594.3"
"2015-11-26","4","26418","3526.67"
"2015-11-26","4","26419","2000"
"2015-12-03","4","26442","1595.85"
"2015-12-03","4","26448","500"
"2015-12-09","4","26459","1247.82"
"2015-12-10","4","26471","968"
"2015-12-10","4","26473","902.56"
"2015-12-11","4","26494","1801.87"
"2015-12-11","4","26495","2134.44"
"2015-12-11","4","26496","2659.43"
"2015-12-15","4","26498","787.88"
"2015-12-17","4","26504","922"
"2015-12-17","4","26507","3352.52"
"2015-12-18","4","26525","3000"
"2015-12-23","4","26550","8832.76"
"2015-12-23","4","26555","987.36"
"2015-12-29","4","26599","627.52"
"2015-12-29","4","26605","14.73"
"2015-12-30","4","26613","1500"
"2015-12-30","4","26614","2388.4"
"2016-01-07","4","26639","3423.87"
"2016-01-11","4","26653","168.39"
"2016-01-12","4","26659","939.41"
"2016-01-13","4","26661","75960.49"
"2016-01-14","4","26669","3017.26"
"2016-01-29","4","26706","1589.62"
"2016-01-29","4","26730","3872"
"2016-02-01","4","26750","512.69"
"2016-02-04","4","26764","39506.86"
"2016-02-04","4","26765","18554.14"
"2016-02-12","4","26789","4486.49"
"2016-02-15","4","26800","5000.92"
"2016-02-16","4","26808","6500"
"2016-02-17","4","26816","451.95"
"2016-02-19","4","26823","40000"
"2016-02-19","4","26824","28634.71"
"2016-02-23","4","26857","714.65"
"2016-02-24","4","26862","2500"
"2016-02-24","4","26869","20000"
"2016-02-25","4","26876","15807.05"
"2016-02-25","4","26877","32852.8"
"2016-02-25","4","26885","15.56"
"2016-02-26","4","26887","5292"
"2016-02-26","4","26892","508.68"
"2016-03-01","4","26904","47500"
"2016-03-02","4","26905","8723.03"
"2016-03-02","4","26908","5761.68"
"2016-03-03","4","26909","7900"
"2016-03-03","4","26916","57400.17"
"2016-03-04","4","26917","968.57"
"2016-03-04","4","26919","6000"
"2016-03-04","4","26920","47156.24"
"2016-03-11","4","26945","8144.9"
"2016-03-11","4","26946","29136.8"
"2016-03-15","4","26956","1631.4"
"2016-03-15","4","26958","1275.8"
"2016-03-15","4","26960","2500"
"2016-03-16","4","26969","20000"
"2016-03-17","4","26970","10916.33"
"2016-03-17","4","26971","8892.06"
"2016-03-17","4","26972","5634.31"
"2016-03-18","4","26976","700"
"2016-03-18","4","26977","3000"
"2016-03-21","4","26989","3742.4"
"2016-03-22","4","27004","171.61"
"2016-03-23","4","27009","522.18"
"2016-03-23","4","27010","244.46"
"2016-03-23","4","27011","3266.52"
"2016-03-29","4","27022","20754.78"
"2016-03-29","4","27023","6305.4"
"2016-03-30","4","27028","2600"
"2016-04-05","4","27050","20.67"
"2016-04-05","4","27062","461.3"
"2016-04-05","4","27066","392.7"
"2016-04-06","4","27076","9304.42"
"2016-04-06","4","27077","31500"
"2016-04-06","4","27087","6700"
"2016-04-12","4","27106","2500"
"2016-04-12","4","27108","59955.62"
"2016-04-13","4","27121","150.12"
"2016-04-15","4","27129","3000"
"2016-04-15","4","27130","2921.94"
"2016-04-15","4","27131","4543.56"
"2016-04-15","4","27132","2979.91"
"2016-04-21","4","27157","2217"
"2016-04-26","4","27173","3897.76"
"2016-04-26","4","27174","5712"
"2016-04-26","4","27182","10700.68"
"2016-04-26","4","27183","5500"
"2016-04-27","4","27184","630"
"2016-04-27","4","27188","93.53"
"2016-04-27","4","27189","94.24"
"2016-04-28","4","27211","671.3"
"2016-05-02","4","27222","33"
"2016-05-02","4","27226","2222.08"
"2016-05-03","4","27237","2000"
"2016-05-06","4","27250","6000"
"2016-05-06","4","27251","3085.62"
"2016-05-06","4","27252","5413.06"
"2016-05-11","4","27277","20661.48"
"2016-05-11","4","27278","2743.78"
"2016-05-11","4","27279","550.59"
"2016-05-12","4","27281","2500"
"2016-05-13","4","27283","3251.34"
"2016-05-16","4","27284","12000"
"2016-05-16","4","27285","1365.08"
"2016-05-17","4","27294","1944.91"
"2016-05-17","4","27299","1725"
"2016-05-18","4","27310","5079.6"
"2016-05-18","4","27311","490"
"2016-05-18","4","27312","15675.58"
"2016-05-23","4","27317","1065.54"
"2016-05-24","4","27335","51830.74"
"2016-05-24","4","27336","92563"
"2016-05-27","4","27339","18000"
"2016-05-31","4","27378","6943.22"
"2016-06-03","4","27391","11633.07"
"2016-06-03","4","27392","6000"
"2016-06-13","4","27413","3000"
"2016-06-13","4","27430","7960"
"2016-06-13","4","27431","11633.07"
"2016-06-16","4","27443","6447"
"2016-06-22","4","27460","6127.26"
"2016-06-23","4","27468","36146.63"
"2016-06-27","4","27478","20000"
"2016-06-27","4","27479","821.69"
"2016-06-27","4","27491","2000"
"2016-06-28","4","27498","7956.34"
"2016-06-29","4","27500","10539.24"
"2016-06-29","4","27510","2039.04"
"2016-07-01","4","27524","980"
"2016-07-04","4","27533","49575.6"
"2016-07-06","4","27542","2500"
"2016-07-06","4","27544","1694"
"2016-07-07","4","27548","2000"
"2016-07-07","4","27561","13068"
"2016-07-13","4","27581","4000"
"2016-07-15","4","27586","3000"
"2016-07-18","4","27594","2000"
"2016-07-19","4","27597","780.95"
"2016-07-20","4","27601","15712.88"
"2016-07-22","4","27619","796.6"
"2016-07-28","4","27642","2826.58"
"2016-08-03","4","27658","2500"
"2016-08-03","4","27667","2500"
"2016-08-03","4","27668","2443.72"
"2016-08-05","4","27673","2000"
"2016-08-05","4","27675","9614.66"
"2016-08-09","4","27681","344.96"
"2016-08-09","4","27683","866.23"
"2016-08-11","4","27695","2776.66"
"2016-08-16","4","27711","2600"
"2016-08-17","4","27712","25000"
"2016-08-17","4","27713","20000"
"2016-08-17","4","27714","2500"
"2016-08-18","4","27725","463.28"
"2016-08-19","4","27731","11202.35"
"2016-08-19","4","27732","9622.34"
"2016-08-19","4","27733","2959.12"
"2016-08-29","4","27741","4159.28"
"2016-08-29","4","27742","27042.12"
"2016-08-29","4","27763","40"
"2016-08-30","4","27764","41045.62"
"2016-08-30","4","27778","596.42"
"2016-08-31","4","27780","3495.6"
"2016-08-31","4","27781","9752.6"
"2016-08-31","4","27793","272.25"
"2016-08-31","4","27794","242"
"2016-08-31","4","27795","834.56"
"2016-09-02","4","27796","5249.41"
"2016-09-02","4","27798","174.34"
"2016-09-02","4","27799","2268.02"
"2016-09-06","4","27811","718.4"
"2016-09-09","4","27824","4000"
"2016-09-09","4","27826","4287.18"
"2016-09-13","4","27836","32397.06"
"2016-09-14","4","27848","2000"
"2016-09-15","4","27851","246.68"
"2016-09-19","4","27859","19139.4"
"2016-09-20","4","27861","29707.92"
"2016-09-22","4","27874","5993.43"
"2016-09-26","4","27879","8286.08"
"2016-09-28","4","27910","3169.64"
"2016-09-29","4","27924","664.85"
"2016-09-30","4","27925","495.6"
"2016-09-30","4","27927","2587.84"
"2016-09-30","4","27930","24572.88"
"2016-09-30","4","27931","5000"
"2016-10-05","4","27945","5000"
"2016-10-06","4","27957","369.44"
"2016-10-11","4","27964","1479.44"
"2016-10-12","4","27972","33541.2"
"2016-10-13","4","27976","2000"
"2016-10-13","4","27977","2838.42"
"2016-10-14","4","27990","8888.33"
"2016-10-18","4","27996","1200"
"2016-10-18","4","27998","1454.59"
"2016-10-18","4","27999","2866.23"
"2016-10-18","4","28000","6490.44"
"2016-10-19","4","28005","8767.6"
"2016-10-19","4","28006","25181.5"
"2016-10-21","4","28016","3713.49"
"2016-10-21","4","28018","71.12"
"2016-10-24","4","28019","298.02"
"2016-10-24","4","28020","49029.32"
"2016-10-26","4","28032","1500"
"2016-10-26","4","28036","959.01"
"2016-10-27","4","28047","1459.26"
"2016-10-28","4","28052","8.8"
"2016-10-31","4","28055","15373.75"
"2016-10-31","4","28056","6795.36"
"2016-10-31","4","28073","376.72"
"2016-11-01","4","28084","4000"
"2016-11-04","4","28103","2500"
"2016-11-04","4","28105","1330"
"2016-11-04","4","28107","2026"
"2016-11-04","4","28108","12342"
"2016-11-04","4","28109","6727.6"
"2016-11-07","4","28110","1500"
"2016-11-09","4","28126","28314"
"2016-11-09","4","28127","1241.77"
"2016-11-09","4","28128","2547.25"
"2016-11-09","4","28131","4456.18"
"2016-11-10","4","28137","537.14"
"2016-11-10","4","28138","3360.17"
"2016-11-11","4","28142","3191.23"
"2016-11-11","4","28147","616.04"
"2016-11-16","4","28148","6289.15"
"2016-11-16","4","28149","16770.6"
"2016-11-16","4","28150","17231.05"
"2016-11-16","4","28151","2694.9"
"2016-11-16","4","28152","18885"
"2016-11-16","4","28165","2000"
"2016-11-16","4","28168","5602.86"
"2016-11-18","4","28179","2732.18"
"2016-11-18","4","28180","1776"
"2016-11-18","4","28189","10000"
"2016-11-21","4","28191","3496.89"
"2016-11-23","4","28206","991.31"
"2016-11-23","4","28208","2062.8"
"2016-11-24","4","28217","5000"
"2016-11-25","4","28218","13907.38"
"2016-11-25","4","28219","53804.52"
"2016-11-29","4","28242","1604.9"
"2016-11-29","4","28254","3000"
"2016-11-30","4","28255","25181.5"
"2016-12-05","4","28265","1500.28"
"2016-12-05","4","28268","1000.22"
"2016-12-05","4","28273","2758"
"2016-12-05","4","28286","1718.85"
"2016-12-07","4","28296","727.29"
"2016-12-07","4","28301","1040"
"2016-12-07","4","28302","3500"
"2016-12-14","4","28304","3000"
"2016-12-15","4","28307","2000"
"2016-12-16","4","28317","13000"
"2016-12-16","4","28318","6026.05"
"2016-12-16","4","28320","13968.37"
"2016-12-16","4","28321","713.84"
"2016-12-16","4","28334","1275.32"
"2016-12-20","4","28346","4500"
"2016-12-20","4","28360","124.5"
"2016-12-21","4","28366","6783.67"
"2016-12-22","4","28369","2000"
"2016-12-27","4","28411","238.42"
"2016-12-29","4","28426","1307.95"
"2016-12-29","4","28427","506.02"
"2016-12-29","4","28432","30181.5"
"2016-12-30","4","28439","3493.71"
"2016-12-30","4","28441","2101.33"
"2017-01-04","4","28451","1547.63"
"2017-01-09","4","28472","4000"
"2017-01-10","4","28475","2000"
"2017-01-13","4","28486","13247.08"
"2017-01-31","4","28507","2073"
"2017-01-31","4","28517","2855.53"
"2017-01-31","4","28536","5500"
"2017-01-31","4","28537","5001.26"
"2017-01-31","4","28562","1000"
"2017-02-02","4","28593","1819.05"
"2017-02-03","4","28607","5158.96"
"2017-02-03","4","28616","1163.28"
"2017-02-09","4","28628","2500"
"2017-02-10","4","28629","19781.1"
"2017-02-16","4","28660","12678.75"
"2017-02-17","4","28661","4967.3"
"2017-02-22","4","28677","1077.52"
"2017-02-22","4","28682","5428.15"
"2017-02-22","4","28688","790.9"
"2017-02-22","4","28692","246.16"
"2017-02-24","4","28696","7830.48"
"2017-03-03","4","28720","1120.69"
"2017-03-03","4","28721","2175.09"
"2017-03-06","4","28729","2184.66"
"2017-03-06","4","28730","6000"
"2017-03-10","4","28766","9800.5"
"2017-03-13","4","28771","366.3"
"2017-03-14","4","28785","1789.42"
"2017-03-16","4","28812","11038.3"
"2017-03-21","4","28819","4363.65"
"2017-03-21","4","28821","3216.83"
"2017-03-22","4","28828","920"
"2017-03-22","4","28830","2307.55"
"2017-03-22","4","28832","1000"
"2017-03-22","4","28835","742.79"
"2017-03-23","4","28840","71351.41"
"2017-03-27","4","28846","1971.39"
"2017-03-27","4","28847","1224.05"
"2017-03-27","4","28860","7693.1"
"2017-03-27","4","28862","4000"
"2017-03-28","4","28864","1977"
"2017-03-28","4","28866","1192"
"2017-03-28","4","28878","13539.9"
"2017-03-29","4","28883","10268.54"
"2017-03-31","4","28888","8624.88"
"2017-04-05","4","28898","1933.48"
"2017-04-05","4","28899","2000"
"2017-04-06","4","28903","7647.2"
"2017-04-06","4","28904","25.58"
"2017-04-06","4","28905","11728.72"
"2017-04-06","4","28909","1495.19"
"2017-04-06","4","28914","1771.67"
"2017-04-06","4","28917","874.68"
"2017-04-06","4","28918","908"
"2017-04-07","4","28921","1000"
"2017-04-10","4","28928","11504.1"
"2017-04-10","4","28929","49071.79"
"2017-04-10","4","28930","60000"
"2017-04-12","4","28941","3913.45"
"2017-04-13","4","28942","16311.03"
"2017-04-13","4","28950","20124.72"
"2017-04-13","4","28951","4473.61"
"2017-04-13","4","28953","443.83"
"2017-04-19","4","28972","456.86"
"2017-04-19","4","28976","53119"
"2017-04-20","4","28983","2500"
"2017-04-21","4","28987","1500"
"2017-04-21","4","28993","8051.35"
"2017-04-24","4","29001","2143.61"
"2017-04-25","4","29005","1703.29"
"2017-04-25","4","29009","5298.64"
"2017-04-25","4","29013","905.45"
"2017-04-26","4","29017","59121.96"
"2017-04-26","4","29018","314.02"
"2017-04-26","4","29021","1198"
"2017-04-26","4","29023","2500"
"2017-04-26","4","29024","5325.13"
"2017-04-28","4","29053","16181.5"
"2017-05-03","4","29066","1137.54"
"2017-05-03","4","29068","924.65"
"2017-05-03","4","29070","2800"
"2017-05-03","4","29071","14364"
"2017-05-03","4","29075","21517.64"
"2017-05-04","4","29094","326.68"
"2017-05-09","4","29110","649.92"
"2017-05-10","4","29111","5000"
"2017-05-10","4","29116","2728"
"2017-05-10","4","29120","1755"
"2017-05-11","4","29128","677.28"
"2017-05-12","4","29136","4350"
"2017-05-12","4","29137","21217.35"
"2017-05-12","4","29144","5344.79"
"2017-05-12","4","29148","6535.6"
"2017-05-12","4","29149","4000"
"2017-05-15","4","29151","345"
"2017-05-16","4","29157","1500"
"2017-05-17","4","29162","1055.01"
"2017-05-19","4","29178","2000"
"2017-05-19","4","29179","2500"
"2017-05-19","4","29182","4800.39"
"2017-05-26","4","29205","647.81"
"2017-05-30","4","29218","810"
"2017-05-31","4","29241","89677.5"
"2017-05-31","4","29242","3551.52"
"2017-06-01","4","29250","2848.82"
"2017-06-01","4","29251","9196"
"2017-06-01","4","29252","1905.75"
"2017-06-02","4","29257","3230.04"
"2017-06-06","4","29259","2200.17"
"2017-06-06","4","29272","21000"
"2017-06-06","4","29273","1490.02"
"2017-06-06","4","29284","5000"
"2017-06-06","4","29285","3000"
"2017-06-14","4","29298","1500"
"2017-06-16","4","29314","18592.86"
"2017-06-21","4","29315","725.33"
"2017-06-21","4","29326","2000"
"2017-06-22","4","29327","51255.6"
"2017-06-22","4","29328","2000"
"2017-06-23","4","29331","56985.38"
"2017-06-23","4","29332","21738.1"
"2017-06-28","4","29352","5877.7"
"2017-06-28","4","29353","7906.14"
"2017-06-29","4","29358","3986.36"
"2017-06-29","4","29365","1579"
"2017-06-29","4","29371","516.32"
"2017-07-03","4","29377","2458.01"
"2017-07-04","4","29378","36.19"
"2017-07-05","4","29383","3500"
"2017-07-06","4","29400","377.84"
"2017-07-07","4","29415","2589.65"
"2017-07-17","4","29432","5282.2"
"2017-07-17","4","29433","10739.94"
"2017-07-18","4","29447","287.83"
"2017-07-18","4","29448","15915.36"
"2017-07-18","4","29449","1500"
"2017-07-18","4","29450","2324.48"
"2017-07-19","4","29454","21412.16"
"2017-07-19","4","29455","13586.72"
"2017-07-19","4","29469","840"
"2017-07-21","4","29470","7321.66"
"2017-07-24","4","29472","2997.86"
"2017-07-24","4","29473","2048.12"
"2017-07-25","4","29481","1500"
"2017-07-25","4","29482","7923.3"
"2017-07-25","4","29483","1165.32"
"2017-07-27","4","29491","7800"
"2017-07-27","4","29502","19166.4"
"2017-07-31","4","29548","855.93"
"2017-08-03","4","29556","45.36"
"2017-08-04","4","29558","4953.51"
"2017-08-04","4","29559","850.45"
"2017-08-04","4","29560","900"
"2017-08-04","4","29561","9801"
"2017-08-09","4","29563","9623.29"
"2017-08-09","4","29564","41836.82"
"2017-08-09","4","29565","1527.32"
"2017-08-09","4","29566","824.7"
"2017-08-11","4","29591","18924.4"
"2017-08-14","4","29593","2977.77"
"2017-08-15","4","29601","406.13"
"2017-08-15","4","29602","1107.39"
"2017-08-15","4","29603","2079"
"2017-08-18","4","29617","1072.35"
"2017-08-25","4","29628","1768.55"
"2017-08-25","4","29629","5036.55"
"2017-08-25","4","29630","39100.04"
"2017-08-29","4","29644","138.28"
"2017-08-30","4","29656","1000"
"2017-08-30","4","29657","11474.43"
"2017-08-31","4","29663","51357.28"
"2017-09-01","4","29665","3525.84"
"2017-09-01","4","29666","2552.62"
"2017-09-01","4","29667","9665.4"
"2017-09-05","4","29681","10000"
"2017-09-06","4","29706","63714.44"
"2017-09-12","4","29739","3500"
"2017-09-12","4","29740","10249.85"
"2017-09-12","4","29741","2306.99"
"2017-09-12","4","29751","2566.34"
"2017-09-15","4","29752","11015.45"
"2017-09-15","4","29753","4617.36"
"2017-09-20","4","29770","7500"
"2017-09-20","4","29774","10000"
"2017-09-21","4","29779","3000"
"2017-09-22","4","29780","3226.66"
"2017-09-22","4","29789","56300"
"2017-09-22","4","29790","3158.1"
"2017-09-22","4","29791","90000"
"2017-09-22","4","29792","57538.8"
"2017-09-25","4","29793","2000"
"2017-09-25","4","29794","1100"
"2017-09-26","4","29797","2704.76"
"2017-09-29","4","29809","800"
"2017-09-29","4","29810","12834.5"
"2017-09-29","4","29811","839.91"
"2017-09-29","4","29819","635"
"2017-10-03","4","29826","23181.5"
"2017-10-03","4","29827","1500"
"2017-10-04","4","29842","8022.18"
"2017-10-06","4","29847","11790.87"
"2017-10-06","4","29857","1136"
"2017-10-09","4","29874","6000"
"2017-10-10","4","29877","1891.18"
"2017-10-10","4","29878","535.97"
"2017-10-11","4","29881","784.87"
"2017-10-12","4","29886","1200"
"2017-10-12","4","29887","1180.18"
"2017-10-13","4","29890","7106.8"
"2017-10-17","4","29901","2058.1"
"2017-10-19","4","29910","8194.72"
"2017-10-19","4","29911","13559.23"
"2017-10-20","4","29913","12309.5"
"2017-10-23","4","29916","17231.9"
"2017-10-23","4","29917","1000"
"2017-10-23","4","29918","2506.97"
"2017-10-23","4","29921","2000"
"2017-10-24","4","29925","143.18"
"2017-10-24","4","29927","728.33"
"2017-10-25","4","29932","752.62"
"2017-10-25","4","29934","173.48"
"2017-10-26","4","29935","1200"
"2017-10-26","4","29936","2392.11"
"2017-10-26","4","29939","70000"
"2017-10-27","4","29955","21740.9"
"2017-10-30","4","29959","4000"
"2017-10-30","4","29960","7690"
"2017-10-30","4","29961","20000"
"2017-10-30","4","29962","5127.5"
"2017-10-31","4","29967","8000"
"2017-10-31","4","29968","1500"
"2017-10-31","4","29969","2000"
"2017-11-03","4","29994","15000"
"2017-11-03","4","29999","2498.64"
"2017-11-07","4","30007","3232.28"
"2017-11-07","4","30008","1618.79"
"2017-11-07","4","30009","2317.19"
"2017-11-08","4","30011","1889.07"
"2017-11-08","4","30012","5515.45"
"2017-11-09","4","30026","77091.82"
"2017-11-09","4","30027","20000"
"2017-11-09","4","30028","550"
"2017-11-09","4","30029","5690.33"
"2017-11-21","4","30038","719.91"
"2017-11-21","4","30039","10000"
"2017-11-21","4","30040","4400"
"2017-11-21","4","30041","7980.12"
"2017-11-21","4","30042","3000"
"2017-11-21","4","30043","1076.02"
"2017-11-21","4","30044","12032.3"
"2017-11-21","4","30046","444.32"
"2017-11-22","4","30047","319.77"
"2017-11-22","4","30048","1000"
"2017-11-22","4","30050","2000"
"2017-11-22","4","30062","11000"
"2017-11-22","4","30078","11933.17"
"2017-11-24","4","30109","8173.97"
"2017-11-24","4","30130","3037.13"
"2017-11-27","4","30131","1000"
"2017-11-29","4","30139","12695.5"
"2017-11-30","4","30140","1884.76"
"2017-11-30","4","30141","4052.48"
"2017-12-01","4","30155","1369.5"
"2017-12-04","4","30158","10500"
"2017-12-07","4","30166","2530.72"
"2017-12-07","4","30175","13418.29"
"2017-12-07","4","30176","4884.52"
"2017-12-07","4","30177","4000"
"2017-12-12","4","30193","43268.67"
"2017-12-13","4","30196","57862.36"
"2017-12-13","4","30198","3988.46"
"2017-12-15","4","30213","25000.03"
"2017-12-15","4","30214","105361.36"
"2017-12-19","4","30229","4909.12"
"2017-12-19","4","30230","10282.77"
"2017-12-21","4","30235","6000"
"2017-12-21","4","30247","963.61"
"2017-12-22","4","30250","10789.51"
"2017-12-22","4","30251","9529.96"
"2017-12-27","4","30271","3485.09"
"2017-12-28","4","30285","1500"
"2017-12-28","4","30286","3088.27"
"2017-12-28","4","30287","1000"
"2017-12-28","4","30288","765.7"
"2017-12-28","4","30289","10500"
"2017-12-28","4","30290","8447.83"
"2017-12-28","4","30294","5363.46"
"2017-12-29","4","30306","1087.8"
"2018-01-02","4","30307","1072.68"
"2018-01-10","4","30348","8576"
"2018-01-11","4","30352","22636.22"
"2018-01-12","4","30353","2394.91"
"2018-01-12","4","30354","10853.63"
"2018-01-12","4","30355","2000"
"2018-01-20","4","30373","1805.23"
"2018-01-20","4","30377","5084.42"
"2018-01-20","4","30378","13715.05"
"2018-01-27","4","30394","3005.87"
"2018-01-29","4","30395","4600"
"2018-01-29","4","30397","1500"
"2018-01-29","4","30398","3873.27"
"2018-01-29","4","30399","4700"
"2018-01-29","4","30400","3448.07"
"2018-01-29","4","30401","6000"
"2018-01-30","4","30411","2362"
"2018-01-30","4","30416","7000"
"2018-02-01","4","30441","5000"
"2018-02-06","4","30468","2946.79"
"2018-02-08","4","30487","3437.65"
"2018-02-14","4","30503","13679.69"
"2018-02-14","4","30504","2604.53"
"2018-02-16","4","30512","2800"
"2018-02-21","4","30533","9652.41"
"2018-02-23","4","30534","15693.9"
"2018-02-23","4","30535","25527.55"
"2018-02-26","4","30554","17400"
"2018-02-28","4","30562","78.27"
"2018-02-28","4","30563","3425.86"
"2018-02-28","4","30564","2264.88"
"2018-02-28","4","30565","2400"
"2018-02-28","4","30566","6098.4"
"2018-02-28","4","30567","5575"
"2018-02-28","4","30568","23373"
"2018-02-28","4","30569","17775"
"2018-03-02","4","30572","59734.05"
"2018-03-02","4","30573","5141.39"
"2018-03-05","4","30582","398.15"
"2018-03-09","4","30605","985.05"
"2018-03-09","4","30606","1900"
"2018-03-09","4","30607","5052.74"
"2018-03-09","4","30608","7804.5"
"2018-03-09","4","30609","4766.92"
"2018-03-09","4","30610","4000"
"2018-03-09","4","30615","1396.19"
"2018-03-12","4","30644","5420"
"2018-03-15","4","30656","1649.1"
"2018-03-16","4","30668","9567.35"
"2018-03-19","4","30669","24283.87"
"2018-03-19","4","30670","7730.1"
"2018-03-20","4","30671","5671.8"
"2018-03-21","4","30682","8249.51"
"2018-03-26","4","30699","36821.24"
"2018-03-27","4","30716","19000"
"2018-03-28","4","30718","1815.47"
"2018-03-28","4","30719","1500"
"2018-03-28","4","30720","5191.2"
"2018-04-04","4","30726","1555.09"
"2018-04-05","4","30733","2000"
"2018-04-05","4","30734","7500"
"2018-04-05","4","30735","7500"
"2018-04-05","4","30743","2000"
"2018-04-06","4","30761","2000"
"2018-04-06","4","30762","7116.37"
"2018-04-06","4","30763","5769.63"
"2018-04-11","4","30780","7950.88"
"2018-04-12","4","30785","869.44"
"2018-04-16","4","30792","7500"
"2018-04-19","4","30803","7632.3"
"2018-04-19","4","30806","7273.55"
"2018-04-19","4","30808","6678.49"
"2018-04-20","4","30817","9211.35"
"2018-04-23","4","30826","2570.84"
"2018-04-25","4","30829","147348.96"
"2018-04-26","4","30830","991.49"
"2018-04-27","4","30834","6061.66"
"2018-04-27","4","30835","1706.17"
"2018-04-27","4","30842","4000"
"2018-04-27","4","30851","9000"
"2018-04-30","4","30852","87491.23"
"2018-05-03","4","30854","5712.4"
"2018-05-03","4","30855","8589.27"
"2018-05-09","4","30888","3011.77"
"2018-05-11","4","30891","7083.55"
"2018-05-11","4","30892","1867.64"
"2018-05-14","4","30908","922.85"
"2018-05-15","4","30916","3638.74"
"2018-05-15","4","30926","13633.13"
"2018-05-18","4","30930","28240.52"
"2018-05-18","4","30931","68970"
"2018-05-18","4","30943","1492.66"
"2018-05-18","4","30944","2000"
"2018-05-21","4","30948","7101.52"
"2018-05-22","4","30951","1608.04"
"2018-05-24","4","30961","9970.4"
"2018-05-24","4","30962","10468.92"
"2018-05-24","4","30967","757.25"
"2018-05-28","4","30968","826.54"
"2018-05-28","4","30969","433.46"
"2018-05-29","4","30977","7016.42"
"2018-05-29","4","30980","81037.21"
"2018-05-30","4","30984","2500"
"2018-06-07","4","30992","484"
"2018-06-07","4","30999","4091.71"
"2018-06-07","4","31000","1971.89"
"2018-06-08","4","31001","14686.98"
"2018-06-08","4","31002","4000"
"2018-06-08","4","31020","5231.8"
"2018-06-08","4","31046","380"
"2018-06-12","4","31054","505.18"
"2018-06-13","4","31063","3898.88"
"2018-06-15","4","31076","67773.5"
"2018-06-22","4","31093","5000"
"2018-06-26","4","31098","45375"
"2018-06-27","4","31117","347.91"
"2018-07-04","4","31151","16263.85"
"2018-07-16","4","31156","4696.47"
"2018-07-16","4","31174","1500"
"2018-07-17","4","31175","4141.13"
"2018-07-17","4","31176","2414.67"
"2018-07-18","4","31181","5000"
"2018-07-18","4","31186","1389.94"
"2018-07-18","4","31187","2617.23"
"2018-07-19","4","31207","22125.75"
"2018-07-19","4","31208","1500"
"2018-07-23","4","31212","1523.31"
"2018-07-23","4","31213","7318.08"
"2018-07-24","4","31215","1589.94"
"2018-07-25","4","31216","8336.25"
"2018-07-25","4","31221","1500"
"2018-07-25","4","31225","1500"
"2018-07-25","4","31234","14800"
"2018-07-27","4","31249","3000"
"2018-07-30","4","31258","549.34"
"2018-07-31","4","31259","244570.46"
"2018-08-13","4","31302","8423.78"
"2018-08-13","4","31303","27747.72"
"2018-08-17","4","31304","8470"
"2018-08-17","4","31305","16389.45"
"2018-08-17","4","31312","143.39"
"2018-08-21","4","31322","3000"
"2018-08-24","4","31335","7782.11"
"2018-08-24","4","31336","12178.65"
"2018-08-24","4","31340","16000"
"2018-08-27","4","31341","1232.69"
"2018-08-28","4","31342","654.52"
"2018-08-28","4","31344","13529"
"2018-08-30","4","31364","30484"
"2018-08-31","4","31366","38288.25"
"2018-08-31","4","31367","50000"
"2018-09-04","4","31375","4054.43"
"2018-09-05","4","31391","997.71"
"2018-09-07","4","31403","629.32"
"2018-09-07","4","31407","83.69"
"2018-09-07","4","31408","523.75"
"2018-09-11","4","31422","1690"
"2018-09-11","4","31423","14533.16"
"2018-09-11","4","31424","2214.8"
"2018-09-12","4","31425","14734.2"
"2018-09-12","4","31426","9237.19"
"2018-09-12","4","31427","10373.5"
"2018-09-13","4","31437","7429.52"
"2018-09-13","4","31438","14935.8"
"2018-09-13","4","31439","19540.46"
"2018-09-13","4","31440","4373.61"
"2018-09-17","4","31444","1147.53"
"2018-09-19","4","31460","37728.5"
"2018-09-20","4","31461","13358.24"
"2018-09-20","4","31462","20.93"
"2018-09-20","4","31464","813.17"
"2018-09-20","4","31465","139.58"
"2018-09-21","4","31473","1497.98"
"2018-09-21","4","31475","4665.28"
"2018-09-21","4","31476","344.96"
"2018-09-27","4","31495","49729.68"
"2018-09-28","4","31498","92.84"
"2018-10-01","4","31512","7292.67"
"2018-10-03","4","31513","32582.88"
"2018-10-03","4","31514","11695.47"
"2018-10-04","4","31516","22683.12"
"2018-10-05","4","31527","4710.71"
"2018-10-08","4","31536","14500"
"2018-10-10","4","31546","6164.16"
"2018-10-11","4","31547","14043.5"
"2018-10-12","4","31548","59.05"
"2018-10-16","4","31560","54434.49"
"2018-10-17","4","31564","14395.32"
"2018-10-19","4","31583","720.41"
"2018-10-23","4","31595","59851.01"
"2018-10-23","4","31596","5515.51"
"2018-10-25","4","31614","14150"
"2018-10-26","4","31616","6030.94"
"2018-10-29","4","31623","76297.07"
"2018-10-29","4","31642","7000"
"2018-10-30","4","31643","9802.21"
"2018-10-30","4","31644","7275.44"
"2018-10-30","4","31645","10245.14"
"2018-10-30","4","31646","39107.2"
"2018-10-30","4","31650","4000"
"2018-10-30","4","31653","3436.4"
"2018-10-31","4","31655","1133.82"
"2018-10-31","4","31659","10000"
"2018-11-01","4","31670","2000"
"2018-11-02","4","31671","15000"
"2018-11-02","4","31672","2064.06"
"2018-11-02","4","31673","5159.28"
"2018-11-06","4","31679","4350"
"2018-11-08","4","31695","4221.46"
"2018-11-09","4","31697","11000"
"2018-11-20","4","31699","25411.15"
"2018-11-20","4","31700","15170.26"
"2018-11-20","4","31701","2000"
"2018-11-20","4","31702","24694.51"
"2018-11-20","4","31703","98547.33"
"2018-11-21","4","31705","8786.49"
"2018-11-21","4","31706","35106.97"
"2018-11-22","4","31742","3102.13"
"2018-11-22","4","31743","5560.26"
"2018-11-26","4","31754","22071.61"
"2018-11-27","4","31755","7000"
"2018-11-28","4","31756","11942.6"
"2018-11-28","4","31757","36083.25"
"2018-11-28","4","31758","2000"
"2018-11-29","4","31776","2000"
"2018-11-29","4","31777","19954.61"
"2018-11-29","4","31784","6000"
"2018-12-06","4","31804","2744.2"
"2018-12-06","4","31820","6082.76"
"2018-12-07","4","31831","5803.63"
"2018-12-11","4","31837","631.66"
"2018-12-13","4","31867","10834.82"
"2018-12-13","4","31868","1500"
"2018-12-13","4","31869","20277.18"
"2018-12-18","4","31883","6000"
"2018-12-18","4","31884","35490.47"
"2018-12-19","4","31899","11847.48"
"2018-12-19","4","31900","526.16"
"2018-12-19","4","31903","21.57"
"2018-12-21","4","31922","125933.77"
"2018-12-24","4","31939","285.91"
"2018-12-24","4","31943","1500"
"2018-12-27","4","31946","42810.77"
"2018-12-27","4","31951","13230"
"2019-01-02","4","31962","3029"
"2019-01-02","4","31964","20000"
"2019-01-03","4","31970","9039.18"
"2019-01-04","4","31974","8875.3"
"2019-01-07","4","31985","2500"
"2019-01-08","4","31988","2000"
"2019-01-09","4","31999","343.64"
"2019-01-10","4","32001","2500"
"2019-01-10","4","32003","20967.21"
"2019-01-10","4","32004","7041.75"
"2019-01-11","4","32018","6742"
"2019-01-11","4","32019","4835.16"
"2019-01-15","4","32030","4953.31"
"2019-01-17","4","32033","8180.64"
"2019-01-18","4","32035","929.72"
"2019-01-29","4","32066","5662.75"
"2019-01-29","4","32067","1000"
"2019-01-29","4","32068","21601.71"
"2019-01-29","4","32069","10030.02"
"2019-01-29","4","32070","1987.64"
"2019-01-29","4","32071","15607.52"
"2019-02-01","4","32095","6500"
"2019-02-04","4","32097","2000"
"2019-02-06","4","32098","14528.06"
"2019-02-07","4","32099","2500"
"2019-02-07","4","32102","11028.84"
"2019-02-08","4","32109","14534.52"
"2019-02-11","4","32123","23321.11"
"2019-02-12","4","32124","14433.45"
"2019-02-12","4","32125","11738.35"
"2019-02-13","4","32149","4379.23"
"2019-02-13","4","32150","35870.21"
"2019-02-13","4","32161","11458.1"
"2019-02-14","4","32167","2630.54"
"2019-02-14","4","32168","688.14"
"2019-02-15","4","32176","905.2"
"2019-02-15","4","32177","5771.6"
"2019-02-18","4","32178","6519.2"
"2019-02-20","4","32180","872.87"
"2019-02-20","4","32181","872.87"
"2019-02-20","4","32186","7500"
"2019-02-20","4","32193","2983.15"
"2019-02-21","4","32200","9297.77"
"2019-02-22","4","32201","1000"
"2019-02-27","4","32203","1500"
"2019-02-27","4","32204","1000"
"2019-02-27","4","32205","16614.57"
"2019-02-27","4","32206","5822.52"
"2019-02-27","4","32207","18000"
"2019-02-28","4","32220","39204"
"2019-03-01","4","32223","50006.88"
"2019-03-01","4","32227","2639.3"
"2019-03-01","4","32228","6000"
"2019-03-07","4","32236","409.78"
"2019-03-08","4","32237","1547"
"2019-03-08","4","32239","6859.62"
"2019-03-08","4","32251","8700.24"
"2019-03-08","4","32253","1066.01"
"2019-03-08","4","32257","11056.93"
"2019-03-11","4","32258","39236.88"
"2019-03-11","4","32260","22000"
"2019-03-14","4","32283","42965.27"
"2019-03-14","4","32284","8444.89"
"2019-03-18","4","32295","21485.97"
"2019-03-20","4","32297","13044.73"
"2019-03-20","4","32301","54000"
"2019-03-21","4","32304","6550"
"2019-03-21","4","32305","26250"
"2019-03-22","4","32307","5746.5"
"2019-03-22","4","32308","6550"
"2019-03-22","4","32322","1454.92"
"2019-03-22","4","32323","8000"
"2019-03-25","4","32324","22770.9"
"2019-03-27","4","32325","22329.55"
"2019-03-27","4","32334","753.79"
"2019-03-27","4","32337","3657.95"
"2019-03-28","4","32338","5677.32"
"2019-03-29","4","32342","877.01"
"2019-04-01","4","32347","1524.6"
"2019-04-03","4","32351","6000"
"2019-04-04","4","32376","2512.11"
"2019-04-04","4","32388","4714"
"2019-04-08","4","32397","73282.44"
"2019-04-08","4","32398","3572.86"
"2019-04-08","4","32399","27784.96"
"2019-04-08","4","32400","11738.35"
"2019-04-08","4","32402","1588.6"
"2019-04-11","4","32404","5000"
"2019-04-11","4","32405","1450"
"2019-04-11","4","32406","7965.27"
"2019-04-11","4","32408","874.2"
"2019-04-11","4","32409","1037.99"
"2019-04-12","4","32417","63072.7"
"2019-04-12","4","32424","12694.22"
"2019-04-17","4","32437","1183.67"
"2019-04-17","4","32438","15765.82"
"2019-04-17","4","32439","1074.75"
"2019-04-18","4","32448","6113.67"
"2019-04-23","4","32460","7017.38"
"2019-04-23","4","32461","20037.6"
"2019-04-23","4","32466","1818.05"
"2019-04-24","4","32470","373.5"
"2019-04-26","4","32476","32020.28"
"2019-04-29","4","32482","166.22"
"2019-04-29","4","32483","4632.5"
"2019-04-29","4","32484","907.51"
"2019-04-29","4","32485","17854.87"
"2019-05-02","4","32489","1815"
"2019-05-03","4","32498","4600"
"2019-05-03","4","32508","780.63"
"2019-05-03","4","32509","2000"
"2019-05-09","4","32519","3315.6"
"2019-05-13","4","32544","4385.54"
"2019-05-14","4","32552","16250"
"2019-05-14","4","32559","1639.44"
"2019-05-14","4","32560","4145.4"
"2019-05-16","4","32566","121785"
"2019-05-16","4","32567","652.04"
"2019-05-16","4","32568","2266.47"
"2019-05-17","4","32572","20294"
"2019-05-17","4","32573","54101.52"
"2019-05-21","4","32579","676.87"
"2019-05-22","4","32588","40193.54"
"2019-05-27","4","32595","103952.9"
"2019-05-27","4","32602","7000"
"2019-05-29","4","32606","6927.25"
"2019-05-29","4","32609","3621.76"
"2019-05-30","4","32610","6000"
"2019-05-31","4","32612","104903.9"
"2019-05-31","4","32613","146529.6"
"2019-05-31","4","32614","9703.68"
"2019-05-31","4","32617","5159.26"
"2019-05-31","4","32619","3479.59"
"2019-05-31","4","32620","6047.11"
"2019-05-31","4","32626","2100.73"
"2019-06-05","4","32641","2309.7"
"2019-06-07","4","32662","1149.84"
"2019-06-12","4","32676","5868.56"
"2019-06-12","4","32682","791.47"
"2019-06-21","4","32711","9675.22"
"2019-06-25","4","32716","48232.25"
"2019-06-25","4","32717","33.76"
"2019-06-26","4","32719","2000"
"2019-06-26","4","32720","1500"
"2019-06-28","4","32728","2000"
"2019-06-28","4","32729","2760.08"
"2019-07-02","4","32737","2000"
"2019-07-02","4","32738","9579.57"
"2019-07-03","4","32741","13000"
"2019-07-04","4","32752","351.83"
"2019-07-05","4","32753","62940.06"
"2019-07-05","4","32754","1859.21"
"2019-07-05","4","32773","539.55"
"2019-07-15","4","32793","9028.96"
"2019-07-15","4","32794","3000"
"2019-07-15","4","32795","10551.06"
"2019-07-15","4","32805","1335.64"
"2019-07-16","4","32806","2332.71"
"2019-07-17","4","32808","464.75"
"2019-07-17","4","32819","2321.4"
"2019-07-19","4","32831","42412.5"
"2019-07-19","4","32832","3189"
"2019-07-19","4","32833","80840.82"
"2019-07-22","4","32834","2000"
"2019-07-23","4","32835","1400"
"2019-07-24","4","32848","693.81"
"2019-07-26","4","32859","4778.33"
"2019-07-26","4","32860","700.84"
"2019-07-29","4","32862","198000"
"2019-07-30","4","32871","53056.08"
"2019-07-30","4","32874","4965.08"
"2019-08-02","4","32878","1000"
"2019-08-05","4","32894","168.78"
"2019-08-06","4","32895","3647.45"
"2019-08-06","4","32901","14095.9"
"2019-08-06","4","32902","50000"
"2019-08-06","4","32903","3198.33"
"2019-08-07","4","32904","1897.53"
"2019-08-14","4","32923","1020.75"
"2019-08-14","4","32929","1291.79"
"2019-08-15","4","32937","7527.39"
"2019-08-15","4","32938","2000"
"2019-08-16","4","32953","2500"
"2019-08-16","4","32957","4346.22"
"2019-08-16","4","32958","10000"
"2019-08-16","4","32960","4303.51"
"2019-08-20","4","32961","4938.59"
"2019-08-20","4","32964","561.52"
"2019-08-22","4","32966","2000"
"2019-08-26","4","32978","2831.74"
"2019-08-27","4","32980","242"
"2019-08-27","4","32984","605"
"2019-08-27","4","32985","658.32"
"2019-08-28","4","32997","13720.26"
"2019-08-29","4","32999","14798.78"
"2019-08-29","4","33000","892.8"
"2019-09-03","4","33019","1749.28"
"2019-09-04","4","33026","2809.77"
"2019-09-06","4","33038","3171.17"
"2019-09-06","4","33042","1509.95"
"2019-09-09","4","33045","11628.01"
"2019-09-09","4","33046","32091.74"
"2019-09-09","4","33048","9051.54"
"2019-09-09","4","33057","8775.34"
"2019-09-10","4","33076","2000"
"2019-09-12","4","33081","2000"
"2019-09-16","4","33095","39590.81"
"2019-09-17","4","33096","74880.73"
"2019-09-20","4","33111","2500"
"2019-09-20","4","33116","6000"
"2019-09-23","4","33118","859.76"
"2019-09-25","4","33127","21645.35"
"2019-09-25","4","33128","4000"
"2019-09-26","4","33129","34350.69"
"2019-09-26","4","33130","9800"
"2019-09-27","4","33143","3062.8"
"2019-09-30","4","33144","539.7"
"2019-09-30","4","33145","20000"
"2019-09-30","4","33146","10000"
"2019-09-30","4","33164","5881.18"
"2019-10-01","4","33166","1510.81"
"2019-10-01","4","33167","381.5"
"2019-10-07","4","33177","500"
"2019-10-08","4","33193","6502.27"
"2019-10-08","4","33194","7719.05"
"2019-10-08","4","33195","5038.17"
"2019-10-11","4","33207","82707.86"
"2019-10-11","4","33208","62961.62"
"2019-10-11","4","33211","6044.04"
"2019-10-11","4","33214","19438"
"2019-10-11","4","33215","1322.49"
"2019-10-11","4","33216","10892.34"
"2019-10-15","4","33224","9140.15"
"2019-10-16","4","33226","3563.87"
"2019-10-16","4","33227","5704.23"
"2019-10-17","4","33242","5578.44"
"2019-10-18","4","33246","10000"
"2019-10-18","4","33254","5263.2"
"2019-10-21","4","33257","39364.66"
"2019-10-23","4","33262","3417.06"
"2019-10-23","4","33263","63162"
"2019-10-23","4","33264","37023.1"
"2019-10-24","4","33267","90000"
"2019-10-25","4","33281","38014.97"
"2019-10-28","4","33298","3051"
"2019-10-29","4","33307","1807.11"
"2019-10-30","4","33315","441.84"
"2019-10-30","4","33316","26294.5"
"2019-10-30","4","33318","2783.44"
"2019-11-01","4","33333","1021.67"
"2019-11-01","4","33334","1270"
"2019-11-05","4","33345","4662.82"
"2019-11-05","4","33347","1257.32"
"2019-11-06","4","33352","16760.04"
"2019-11-08","4","33361","11910.5"
"2019-11-11","4","33367","40914.65"
"2019-11-11","4","33368","500"
"2019-11-11","4","33373","3906.03"
"2019-11-12","4","33374","10908"
"2019-11-14","4","33383","6444.7"
"2019-11-15","4","33385","3149.99"
"2019-11-15","4","33392","6500"
"2019-11-19","4","33394","20000"
"2019-11-21","4","33396","20040.02"
"2019-11-22","4","33409","20755.37"
"2019-11-25","4","33411","692.66"
"2019-11-25","4","33412","86732.09"
"2019-11-25","4","33413","3000"
"2019-11-26","4","33417","9028.58"
"2019-11-27","4","33420","13226.75"
"2019-11-27","4","33421","58382"
"2019-11-28","4","33423","210441.75"
"2019-11-29","4","33426","7165.77"
"2019-11-29","4","33438","2724.6"
"2019-11-29","4","33439","183126.33"
"2019-12-03","4","33442","2454.61"
"2019-12-03","4","33445","99374.88"
"2019-12-03","4","33446","13140.12"
"2019-12-04","4","33449","60000"
"2019-12-04","4","33450","2407.71"
"2019-12-06","4","33462","2500"
"2019-12-09","4","33475","6500"
"2019-12-09","4","33476","2039.16"
"2019-12-09","4","33489","300"
"2019-12-10","4","33494","2888"
"2019-12-10","4","33496","5162"
"2019-12-11","4","33507","1004.01"
"2019-12-12","4","33508","74993.09"
"2019-12-12","4","33509","25000"
"2019-12-13","4","33513","10664.75"
"2019-12-13","4","33514","7705.28"
"2019-12-16","4","33517","18333.92"
"2019-12-18","4","33525","6969.6"
"2019-12-18","4","33526","33350.1"
"2019-12-18","4","33534","10000"
"2019-12-19","4","33538","4500"
"2019-12-19","4","33539","18610.69"
"2019-12-26","4","33558","8400"
"2019-12-30","4","33566","2500"
"2019-12-30","4","33583","53784.63"
"2020-01-02","4","33584","15000"
"2020-01-03","4","33585","89210.88"
"2020-01-07","4","33592","24771.52"
"2020-01-07","4","33593","2500"
"2020-01-07","4","33604","8315"
"2020-01-07","4","33605","7250"
"2020-01-09","4","33620","62127.45"
"2020-01-09","4","33629","896"
"2020-01-10","4","33633","12000"
"2020-01-10","4","33634","1700"
"2020-01-10","4","33635","62127.45"
"2020-01-16","4","33645","19096.06"
"2020-01-22","4","33658","23712"
"2020-01-23","4","33659","779.2"
"2020-01-28","4","33669","5017.82"
"2020-01-28","4","33670","170795.52"
"2020-01-28","4","33671","37426.75"
"2020-01-29","4","33672","88.75"
"2020-01-29","4","33673","5542"
"2020-01-29","4","33674","10000"
"2020-01-29","4","33675","40000"
"2020-01-29","4","33676","89951.4"
"2020-01-30","4","33678","3169.15"
"2020-01-30","4","33682","10000"
"2020-01-30","4","33716","832.8"
"2020-01-31","4","33718","8202"
"2020-01-31","4","33729","123.1"
"2020-02-03","4","33732","2000"
"2020-02-04","4","33739","85958.4"
"2020-02-04","4","33741","12079.57"
"2020-02-05","4","33747","5485.78"
"2020-02-06","4","33749","45375"
"2020-02-06","4","33751","676"
"2020-02-07","4","33763","8000.88"
"2020-02-07","4","33773","10000"
"2020-02-11","4","33774","2475.53"
"2020-02-11","4","33781","1530.11"
"2020-02-12","4","33787","25747.25"
"2020-02-13","4","33793","16000"
"2020-02-13","4","33794","3000"
"2020-02-13","4","33795","68288.25"
"2020-02-14","4","33796","2000"
"2020-02-14","4","33798","18179.2"
"2020-02-17","4","33804","2000"
"2020-02-19","4","33814","29388.48"
"2020-02-19","4","33815","30000"
"2020-02-20","4","33822","10038.82"
"2020-02-21","4","33825","36303.63"
"2020-02-26","4","33834","20994.34"
"2020-02-26","4","33835","1938.4"
"2020-02-27","4","33836","2000"
"2020-02-27","4","33841","3694.02"
"2020-02-28","4","33850","2633.53"
"2020-02-28","4","33851","75271.68"
"2020-02-28","4","33852","18980.96"
"2020-03-02","4","33857","18560"
"2020-03-02","4","33858","85229.37"
"2020-03-02","4","33859","94213.88"
"2020-03-03","4","33861","1931.99"
"2020-03-03","4","33862","845.82"
"2020-03-05","4","33866","41156.12"
"2020-03-06","4","33874","901.34"
"2020-03-10","4","33875","15435.34"
"2020-03-11","4","33877","5891.2"
"2020-03-12","4","33885","10000"
"2020-03-13","4","33896","4000"
"2020-03-13","4","33897","12426.59"
"2020-03-13","4","33899","30944"
"2020-03-13","4","33911","17346.56"
"2020-03-16","4","33912","3000"
"2020-03-16","4","33927","20000"
"2020-03-17","4","33930","1583.79"
"2020-03-17","4","33931","21942.46"
"2020-03-18","4","33951","852.31"
"2020-03-19","4","33952","226511.64"
"2020-03-19","4","33954","1790.89"
"2020-04-29","4","33957","30000"
"2020-04-29","4","33958","5913.5"
"2020-04-29","4","33959","4000"
"2020-04-29","4","33960","14202.77"
"2020-04-29","4","33961","3000"
"2020-04-29","4","33962","17617.97"
"2020-04-29","4","33963","14078.13"
"2020-04-29","4","33964","17346.56"
"2020-04-29","4","33965","8888.32"
"2020-04-29","4","33966","2800"
"2020-04-29","4","33967","124483.59"
"2020-04-29","4","33968","47195.32"
"2020-04-29","4","33969","2288.47"
"2020-04-29","4","33970","143359"
"2020-04-29","4","33971","33645"
"2020-04-29","4","33972","38645"
"2020-04-29","4","33973","32738.4"
"2020-04-29","4","33974","18220"
"2020-04-29","4","33975","17000"
"2020-04-30","4","33980","27012.78"
"2020-05-06","4","33991","18870"
"2020-05-06","4","33992","24570"
"2020-05-06","4","33993","8187.5"
"2020-05-06","4","33994","200000"
"2020-05-06","4","33995","14280.44"
"2020-05-06","4","33996","10000"
"2020-05-06","4","34000","16087.3"
"2020-05-06","4","34007","20250"
"2020-05-13","4","34014","55232.08"
"2020-05-13","4","34015","32833.74"
"2020-05-15","4","34017","70910.84"
"2020-05-15","4","34018","19500"
"2020-05-15","4","34019","29327.38"
"2020-05-15","4","34020","1695.17"
"2020-05-15","4","34021","2056.32"
"2020-05-18","4","34027","8174"
"2020-05-18","4","34029","55232.08"
"2020-05-18","4","34030","27104"
"2020-05-18","4","34032","11065.6"
"2020-05-18","4","34042","1390.2"
"2020-05-20","4","34044","1785.25"
"2020-05-20","4","34047","36000"
"2020-05-20","4","34048","242022.76"
"2020-05-22","4","34050","60000"
"2020-05-22","4","34051","58132.1"
"2020-05-22","4","34052","31389.59"
"2020-05-22","4","34054","4540"
"2020-05-22","4","34055","4000"
"2020-05-22","4","34058","520000"
"2020-05-22","4","34059","55232.08"
"2020-05-27","4","34060","12457.6"
"2020-05-27","4","34061","6731.19"
"2020-05-27","4","34065","97870"
"2020-05-29","4","34069","15993.59"
"2020-05-29","4","34070","4000"
"2020-05-29","4","34071","66301.95"
"2020-05-29","4","34072","50000"
"2020-05-29","4","34073","19908.8"
"2020-05-29","4","34074","24224.2"
"2020-05-29","4","34075","55232.08"
"2020-05-29","4","34077","48881"
"2020-06-01","4","34082","28362.21"
"2020-06-01","4","34083","8001"
"2020-06-05","4","34088","18870.57"
"2020-06-05","4","34089","27297.6"
"2020-06-05","4","34090","55232.08"
"2020-06-05","4","34095","45229.8"
"2020-06-05","4","34096","7321.09"
"2020-06-05","4","34098","145833.33"
"2020-06-08","4","34101","71164.09"
"2020-06-10","4","34109","50000"
"2020-06-10","4","34110","1751.56"
"2020-06-10","4","34111","39842.88"
"2020-06-10","4","34112","32965"
"2020-06-12","4","34113","5200"
"2020-06-12","4","34114","47752.88"
"2020-06-12","4","34115","16350.68"
"2020-06-12","4","34116","30000"
"2020-06-12","4","34117","55232.08"
"2020-06-12","4","34119","72073.65"
"2020-06-17","4","34125","100000"
"2020-06-17","4","34126","24300"
"2020-06-17","4","34127","10381.8"
"2020-06-17","4","34128","36204.17"
"2020-06-17","4","34130","103606.7"
"2020-06-17","4","34131","57899.35"
"2020-06-19","4","34140","19152.1"
"2020-06-19","4","34141","34303.5"
"2020-06-19","4","34144","55232.08"
"2020-06-22","4","34147","72370.58"
"2020-06-22","4","34148","25000"
"2020-06-22","4","34149","231806.41"
"2020-06-24","4","34156","40000"
"2020-06-24","4","34157","22222.16"
"2020-06-24","4","34158","35240.33"
"2020-06-24","4","34159","16897.65"
"2020-06-26","4","34165","14958.82"
"2020-06-26","4","34166","7669.47"
"2020-06-29","4","34169","23265.09"
"2020-06-29","4","34170","55232.09"
"2020-06-29","4","34171","30020.64"
"2020-06-30","4","34172","267523.74"
"2020-06-30","4","34173","34412.54"
"2020-07-08","4","34181","2282.66"
"2020-07-08","4","34182","58270.22"
"2020-07-08","4","34183","50000"
"2020-07-08","4","34185","5318.68"
"2020-07-08","4","34186","5328.23"
"2020-07-08","4","34187","117432"
"2020-07-15","4","34201","57226.9"
"2020-07-15","4","34202","16429.24"
"2020-07-17","4","34207","50000"
"2020-07-20","4","34209","29812.03"
"2020-07-22","4","34213","70512.75"
"2020-07-22","4","34214","24660.72"
"2020-07-22","4","34216","33402.86"
"2020-07-22","4","34218","106743.05"
"2020-07-22","4","34219","37752.74"
"2020-07-22","4","34220","1165.38"
"2020-07-23","4","34221","60240"
"2020-07-23","4","34222","14986.41"
"2020-07-23","4","34223","22290.62"
"2020-07-23","4","34224","17786.74"
"2020-07-23","4","34225","27096.32"
"2020-07-30","4","34253","17814.22"
"2020-07-30","4","34255","10000"
"2020-07-31","4","34256","7507.5"
"2020-08-04","4","34261","53497.49"
"2020-08-06","4","34266","9256.5"
"2020-08-06","4","34267","91239.03"
"2020-08-06","4","34268","8904.96"
"2020-08-06","4","34269","59775.21"
"2020-08-06","4","34270","2212.93"
"2020-08-07","4","34277","62534.2"
"2020-08-10","4","34278","4000.55"
"2020-08-11","4","34281","24094.12"
"2020-08-11","4","34282","45787.85"
"2020-08-11","4","34283","66774.37"
"2020-08-12","4","34300","10242.7"
"2020-08-14","4","34301","341202.4"
"2020-08-19","4","34313","246"
"2020-08-19","4","34316","13625.09"
"2020-08-20","4","34318","8125.87"
"2020-08-20","4","34319","4670"
"2020-08-20","4","34325","7867.03"
"2020-08-21","4","34327","16963.9"
"2020-08-24","4","34332","430.51"
"2020-08-24","4","34334","6504.49"
"2020-08-25","4","34340","12016.64"
"2020-08-25","4","34341","10000"
"2020-08-25","4","34342","27866.16"
"2020-08-25","4","34343","52852.79"
"2020-08-26","4","34344","47765.03"
"2020-08-26","4","34345","22172.85"
"2020-08-27","4","34354","44865.68"
"2020-08-28","4","34355","34747.05"
"2020-08-28","4","34356","18105.53"
"2020-08-31","4","34358","21005.79"
"2020-08-31","4","34360","59799.17"
"2020-09-01","4","34381","591.78"
"2020-09-14","4","34413","200"
"2020-09-14","4","34416","34645"
"2020-09-16","4","34430","2200"
"2020-09-23","4","34456","51019"
"2020-09-23","4","34461","14969.5"
"2020-09-28","4","34477","3255.98"
"2020-10-06","4","34509","8608.54"
"2020-10-13","4","34526","20000"
"2020-10-13","4","34527","7986.97"
"2020-10-15","4","34554","726"
"2020-10-15","4","34555","232.45"
"2020-10-19","4","34570","27382.48"
"2020-10-27","4","34599","16099.3"
"2020-10-27","4","34600","14428.81"
"2020-10-28","4","34602","8439.75"
"2020-10-30","4","34627","22200"
"2020-11-18","4","34708","13394.7"
"2020-11-26","4","34749","30000"
"2020-11-26","4","34757","48020.26"
"2020-12-04","4","34788","12885.05"
"2020-12-09","4","34794","10000"
"2020-12-23","4","34865","50000"
"2020-12-30","4","34890","14847.97"
"2021-01-19","4","34962","2200"
"2021-01-26","4","34987","1945.87"
"2021-01-27","4","34991","53336.8"
"2021-01-29","4","35000","5726.61"
"2021-02-01","4","35008","1089.38"
"2021-02-05","4","35024","4307.6"
"2021-02-05","4","35039","544.5"
"2021-02-08","4","35044","2063"
"2021-02-11","4","35058","1267.58"
"2021-02-19","4","35083","21198.88"
"2021-03-01","4","35103","103.5"
"2021-03-01","4","35117","11253"
"2021-03-03","4","35135","22384.39"
"2021-03-05","4","35147","17000"
"2021-03-08","4","35152","5272.24"
"2021-03-12","4","35175","2383.6"
"2021-03-12","4","35176","36430.32"
"2021-03-17","4","35204","111501.5"
"2021-03-26","4","35246","3614.3"
"2021-03-30","4","35280","1996.37"
"2021-04-01","4","35289","1600"
"2021-04-12","4","35322","344.08"
"2021-04-14","4","35335","23711.16"
"2021-04-16","4","35344","40020.75"
"2021-04-19","4","35355","1304.38"
"2021-04-26","4","35389","25221.24"
"2021-05-03","4","35424","9236.84"
"2021-05-07","4","35441","200230.8"
"2021-05-13","4","35464","33371.8"
"2021-06-03","4","35533","18845"
"2021-06-16","4","35594","498.37"
"2021-06-23","4","35615","56446.5"
"2021-06-29","4","35643","823"
"2021-07-02","4","35659","12401.72"
"2021-07-13","4","35699","54493.56"
"2021-07-14","4","35706","6417.84"
"2021-07-20","4","35726","32402.87"
"2021-07-20","4","35732","2258.98"
"2021-07-28","4","35777","14000"
"2021-08-06","4","35824","12000"
"2021-08-06","4","35825","33668.86"
"2021-08-30","4","35913","360"
"2021-09-06","4","35938","777.6"
"2021-09-06","4","35940","12366.05"
"2021-09-13","4","35969","20000"
"2021-09-22","4","36022","12914.09"
"2021-09-27","4","36041","1562.97"
"2021-09-30","4","36066","47779.84"
"2021-10-06","4","36082","29999.99"
"2021-10-14","4","36114","276.21"
"2021-10-15","4","36123","23005"
"2021-10-29","4","36208","155.81"
"2021-11-05","4","36257","70543"
"2021-11-05","4","36260","50"
"2021-11-09","4","36276","2788.83"
"2021-11-10","4","36279","14662.3"
"2021-11-12","4","36295","15463.05"
"2021-11-16","4","36307","6623.27"
"2021-11-16","4","36312","442"
"2021-11-16","4","36313","7659.3"
"2021-11-16","4","36314","25000"
"2021-11-19","4","36348","10000"
"2021-11-24","4","36362","26497.6"
"2021-11-26","4","36371","875.09"
"2021-11-30","4","36383","2353.43"
"2021-12-02","4","36407","14873.38"
"2021-12-03","4","36408","1980.4"
"2021-12-14","4","36448","20000"
"2021-12-16","4","36458","119.45"
"2021-12-17","4","36466","17400"
"2021-12-17","4","36483","10000"
"2021-12-22","4","36492","32402.76"
"2022-01-04","4","36561","5571.03"
"2022-01-05","4","36564","8470"
"2022-01-12","4","36587","5469.2"
"2022-01-21","4","36623","20500"
"2022-02-04","4","36674","3987.8"
"2022-02-11","4","36710","28505.84"
"2022-02-15","4","36726","36744.75"
"2022-02-21","4","36761","25000"
"2022-02-22","4","36768","4337.08"
"2022-02-25","4","36781","25289"
"2022-03-08","4","36827","640"
"2022-03-18","4","36869","38605"
"2022-03-18","4","36874","15000"
"2022-03-21","4","36875","3797.03"
"2022-03-25","4","36894","2309.67"
"2022-03-25","4","36897","8486.21"
"2022-03-31","4","36916","4665.44"
"2022-04-01","4","36920","59804.4"
"2022-04-06","4","36941","82706.23"
"2022-04-06","4","36946","1500"
"2022-04-08","4","36955","102609.94"
"2022-04-08","4","36958","15016.98"
"2022-04-25","4","37028","7710.8"
"2022-04-25","4","37030","6211.66"
"2022-04-26","4","37039","53243.93"
"2022-04-27","4","37045","58700.24"
"2022-05-03","4","37073","516.24"
"2022-05-10","4","37102","4383.63"
"2022-05-11","4","37109","199483.05"
"2022-05-23","4","37159","2486.12"
"2022-05-26","4","37167","26744.55"
"2022-06-24","4","37306","25000.02"
"2022-06-29","4","37318","29184.96"
"2022-06-29","4","37324","1936"
"2022-06-30","4","37329","153066.47"
"2022-07-01","4","37335","40000"
"2022-07-04","4","37345","3993.01"
"2022-07-06","4","37355","32521.17"
"2022-07-11","4","37383","954.15"
"2022-07-12","4","37389","73979.58"
"2022-07-14","4","37396","39999.99"
"2022-07-22","4","37444","3225.27"
"2022-07-22","4","37452","60000"
"2022-07-26","4","37460","7.64"
"2022-07-27","4","37470","10000"
"2022-07-27","4","37478","7912.91"
"2022-08-01","4","37490","143497.97"
"2022-08-01","4","37493","18219.75"
"2022-08-02","4","37501","45153.65"
"2022-08-03","4","37511","20132.05"
"2022-08-10","4","37546","1885.08"
"2022-08-17","4","37576","16449.02"
"2022-08-24","4","37599","47779.29"
"2022-08-26","4","37607","8606.43"
"2022-08-29","4","37613","592.9"
"2022-08-30","4","37632","5907.32"
"2022-08-31","4","37637","570.97"
"2022-08-31","4","37639","2425.42"
"2022-08-31","4","37640","1097.87"
"2022-09-05","4","37657","30000"
"2022-09-05","4","37661","57149.82"
"2022-09-05","4","37664","24563"
"2022-09-15","4","37717","22175.21"
"2022-09-15","4","37718","6325.82"
"2022-09-22","4","37741","41167.83"
"2022-09-26","4","37755","4783.13"
"2022-10-04","4","37790","6580.27"
"2022-10-05","4","37805","7939.86"
"2022-10-14","4","37847","50998.25"
"2022-10-18","4","37871","38289.01"
"2022-10-19","4","37875","1892.44"
"2022-10-21","4","37883","1511.03"
"2022-10-24","4","37895","8501.52"
"2022-10-24","4","37896","260150"
"2022-10-24","4","37897","25200.37"
"2022-10-25","4","37903","14158.74"
"2022-10-25","4","37905","3174.07"
"2022-10-25","4","37906","36330.25"
"2022-10-25","4","37910","236712.16"
"2022-10-25","4","37911","199461.05"
"2022-10-25","4","37912","198.23"
"2022-10-26","4","37919","78900.95"
"2022-10-28","4","37940","2204.11"
"2022-11-03","4","37959","10312.82"
"2022-11-07","4","37981","1271.96"
"2022-11-17","4","38035","4230.11"
"2022-11-17","4","38040","20000"
"2022-12-01","4","38107","11268.82"
"2022-12-06","4","38144","2825.46"
"2022-12-15","4","38179","24477.93"
"2022-12-15","4","38180","35000"
"2022-12-16","4","38191","94089.6"
"2022-12-19","4","38201","325439.18"
"2022-12-19","4","38207","35372.28"
"2022-12-19","4","38212","11078.75"
"2022-12-21","4","38224","5454.1"
"2022-12-29","4","38260","10460.31"
"2022-12-29","4","38264","939.73"
"2022-12-29","4","38266","10927.54"
"2022-12-30","4","38277","213665.04"
"2023-01-04","4","38304","40302"
"2023-01-04","4","38305","23365"
"2023-01-04","4","38306","63955"
"2023-01-04","4","38307","178420"
"2023-01-06","4","38314","50487.79"
"2023-01-11","4","38337","33158.49"
"2023-01-13","4","38344","5324"
"2023-01-13","4","38356","2796.18"
"2023-01-23","4","38368","2027.37"
"2023-01-23","4","38369","128.09"
"2023-01-25","4","38385","600"
"2023-01-30","4","38401","2087.2"
"2023-01-31","4","38423","93991.59"
"2023-02-03","4","38439","200.93"
"2023-02-06","4","38450","16168.71"
"2023-02-08","4","38460","23.93"
"2023-02-10","4","38472","48642"
"2023-02-16","4","38513","9236.83"
"2023-02-22","4","38522","21159.99"
"2023-02-28","4","38556","50313.58"
"2023-03-01","4","38562","298.33"
"2023-03-01","4","38563","100"
"2023-03-01","4","38565","6925.6"
"2023-03-01","4","38568","100000"
"2023-03-02","4","38569","40000"
"2023-03-03","4","38581","14720.8"
"2023-03-09","4","38607","1.64"
"2023-03-14","4","38631","9848.68"
"2023-03-15","4","38638","13532.3"
"2023-03-17","4","38647","287730.52"
"2023-03-17","4","38657","17956.7"
"2023-03-20","4","38663","11831.53"
"2023-03-20","4","38664","3972.25"
"2023-03-20","4","38665","9323.96"
"2023-03-20","4","38666","1451"
"2023-03-20","4","38670","3644.29"
"2023-03-23","4","38675","32650.73"
"2023-03-27","4","38688","1643.55"
"2023-03-27","4","38699","250617.42"
"2023-03-31","4","38727","228684.64"
"2023-04-03","4","38731","280.5"
"2023-04-03","4","38732","3.34"
"2023-04-05","4","38741","114471.33"
"2023-04-12","4","38771","96.59"
"2023-04-12","4","38772","48833.54"
"2023-04-14","4","38799","16074.36"
"2023-04-17","4","38803","7988.09"
"2023-04-17","4","38813","4206.19"
"2023-04-18","4","38816","108900"
"2023-04-21","4","38833","1"
"2023-04-21","4","38836","281280"
"2023-04-27","4","38856","2864.07"
"2023-04-28","4","38860","30000"
"2023-04-28","4","38866","91772.42"
"2023-04-28","4","38870","1375.85"
"2023-05-02","4","38880","24.33"
"2023-05-02","4","38881","10271.33"
"2023-05-02","4","38882","169.61"
"2023-05-05","4","38901","9290.11"
"2023-05-05","4","38908","5"
"2023-05-05","4","38911","20000"
"2023-05-09","4","38924","100000"
"2023-05-10","4","38927","21210.07"
"2023-05-10","4","38930","3211.29"
"2023-05-12","4","38959","6703.4"
"2023-05-16","4","38970","33142.78"
"2023-05-16","4","38974","48073.51"
"2023-05-18","4","38985","3630"
"2023-05-18","4","38986","43262.4"
"2023-05-22","4","39012","7677"
"2023-05-24","4","39030","87532.46"
"2023-05-30","4","39053","573.06"
"2023-05-30","4","39054","200000"
"2023-06-05","4","39065","153017.5"
"2023-06-05","4","39067","111016.29"
"2023-06-05","4","39074","1753.41"
"2023-06-05","4","39081","2723.71"
"2023-06-07","4","39089","33199.06"
"2023-06-08","4","39090","141276.28"
"2023-06-09","4","39103","124000"
"2023-06-13","4","39108","45000.42"
"2023-06-13","4","39109","1438.4"
"2023-06-14","4","39113","10000.46"
"2023-06-16","4","39119","200.74"
"2023-06-16","4","39121","65646.43"
"2023-06-16","4","39130","124.19"
"2023-06-27","4","39164","77335.8"
"2023-06-27","4","39169","46851.2"
"2023-06-28","4","39173","67342.55"
"2023-06-30","4","39190","4646.4"
"2023-07-05","4","39205","49593.06"
"2023-07-06","4","39220","30275"
"2023-07-07","4","39225","138387.54"
"2023-07-10","4","39241","250217.72"
"2023-07-12","4","39245","25894"
"2023-07-13","4","39253","9173.77"
"2023-07-14","4","39262","4518.04"
"2023-07-17","4","39271","23562.63"
"2023-07-24","4","39294","47275.29"
"2023-07-24","4","39299","58670.48"
"2023-07-25","4","39308","4786.14"
"2023-07-28","4","39334","631653.66"
"2023-07-31","4","39342","48099.61"
"2023-08-03","4","39365","4260.01"
"2023-08-08","4","39377","60000"
"2023-08-09","4","39381","2890"
"2023-08-15","4","39419","5686.07"
"2023-08-24","4","39460","13315.41"
"2023-08-24","4","39461","9598.59"
"2023-08-29","4","39477","31239.4"
"2023-08-30","4","39482","300"
"2023-08-31","4","39483","74298.84"
"2023-08-31","4","39486","1291.38"
"2023-09-08","4","39519","2862.29"
"2023-09-11","4","39523","26503.46"
"2023-09-19","4","39565","2522.01"
"2023-09-19","4","39566","221130.69"
"2023-10-03","4","39636","15382.18"
"2023-10-04","4","39641","65453.74"
"2023-10-06","4","39655","87258.26"
"2023-10-10","4","39676","33061.82"
"2023-10-11","4","39686","10999.54"
"2023-10-12","4","39687","116755.32"
"2023-10-12","4","39697","881944.92"
"2023-10-12","4","39699","5601.16"
"2023-10-18","4","39716","134658"
"2023-10-18","4","39717","313116.54"
"2023-10-18","4","39719","96358.71"
"2023-10-18","4","39720","679800.43"
"2023-10-19","4","39721","1.4"
"2023-10-20","4","39728","14534.27"
"2023-10-20","4","39733","107690"
"2023-10-25","4","39760","124214.75"
"2023-10-27","4","39773","47704.1"
"2023-10-30","4","39781","189418.74"
"2023-11-03","4","39800","72500"
"2023-11-06","4","39807","531.63"
"2023-11-07","4","39810","6999.78"
"2023-11-13","4","39851","620"
"2023-11-15","4","39861","7662.32"
"2023-11-21","4","39882","83350.66"
"2023-11-23","4","39890","639.83"
"2023-11-23","4","39893","138.64"
"2023-11-27","4","39917","43269.49"
"2023-11-27","4","39920","11394"
"2023-11-28","4","39921","14902.96"
"2023-11-28","4","39927","2423.51"
"2023-11-29","4","39935","132676.5"
"2023-12-01","4","39959","455482.23"
"2023-12-01","4","39960","6237.55"
"2023-12-04","4","39962","410081.4"
"2023-12-04","4","39964","1560"
"2023-12-06","4","39979","17864.34"
"2023-12-13","4","39997","200000"
"2023-12-14","4","40006","2823.97"
"2023-12-29","4","40052","2109.82"
"2024-01-04","4","40072","183678"
"2024-01-04","4","40073","160268.9"
"2024-01-26","4","40160","448920.89"
"2024-01-31","4","40180","3211.94"
"2024-02-14","4","40199","251009.69"
"2024-02-14","4","40223","381832.67"
"2024-02-20","4","40247","221523.17"
"2024-03-01","4","40289","6703.58"
"2024-03-01","4","40293","300605"
"2024-03-06","4","40306","8610"
"2024-03-07","4","40315","261.13"
"2024-03-08","4","40319","27469.14"
"2024-03-11","4","40327","73659.96"
"2024-03-14","4","40345","131233.78"
"2024-03-14","4","40346","2004922.73"
"2024-03-15","4","40351","23107.69"
"2024-03-20","4","40366","86994.51"
"2024-03-21","4","40367","100000"
"2024-03-25","4","40384","36158.02"
"2024-03-25","4","40385","34054.96"
"2024-03-25","4","40388","6576.39"
"2024-03-25","4","40391","135382.72"
"2024-03-25","4","40393","81376"
"2024-03-27","4","40400","450000"
"2024-04-03","4","40403","3004.8"
"2024-04-08","4","40428","29012.63"
"2024-04-16","4","40461","1112622.56"
"2024-04-22","4","40487","3471.4"
"2024-05-09","4","40551","58221.57"
"2024-05-13","4","40562","77782.14"
"2024-05-14","4","40565","1398314.55"
"2024-05-16","4","40571","68.27"
"2024-05-23","4","40587","59394.06"
"2024-05-31","4","40625","855227.12"
"2024-05-31","4","40628","14490.86"
"2024-06-05","4","40646","500000"
"2024-06-07","4","40655","9131.25"
"2024-06-11","4","40659","70000"
"2024-06-12","4","40668","73313.13"
"2024-06-27","4","40727","353002.13"
"2024-06-28","4","40732","25373.55"
"2024-07-12","4","40781","19655.34"
"2024-07-18","4","40783","34460.48"
"2024-07-22","4","40801","404.32"
"2024-07-22","4","40811","258134.42"
"2024-07-23","4","40823","2815.24"
"2024-07-24","4","40826","371148.41"
"2024-07-30","4","40845","34208.31"
"2024-07-31","4","40851","220103.1"
"2024-07-31","4","40857","149670.95"
"2024-07-31","4","40858","93532.49"
"2024-07-31","4","40859","24410.11"
"2024-08-01","4","40863","2.09"
"2024-08-05","4","40882","624221.96"
"2024-08-05","4","40890","563381.85"
"2024-08-13","4","40919","1.97"
"2024-08-16","4","40935","211872.18"
"2024-08-20","4","40951","27010.94"
"2024-08-21","4","40952","16940"
"2024-08-29","4","40975","427570.05"
"2024-09-09","4","41020","11759.93"
"2024-09-16","4","41045","75488.8"
"2024-09-18","4","41057","27194.32"
"2024-09-24","4","41075","321096.54"
"2024-09-30","4","41097","350349.93"
"2024-10-08","4","41125","489809.24"
"2024-10-09","4","41132","242214.17"
"2024-10-28","4","41214","3494240.53"
"2024-10-28","4","41216","10239.94"
"2024-10-29","4","41217","825603.85"
"2024-10-29","4","41218","214635.89"
"2024-10-30","4","41227","117147.36"
"2024-10-31","4","41235","377859.15"
"2024-11-08","4","41271","349230.57"
"2024-11-20","4","41323","52.56"
"2024-11-22","4","41332","4028"
"2024-11-25","4","41345","50496.7"
"2024-11-25","4","41346","103355.31"
"2024-11-25","4","41347","7000"
"2024-11-27","4","41353","1"
"2024-12-06","4","41389","364050.93"
"2024-12-10","4","41398","2"
"2024-12-11","4","41407","267173.1"
"2024-12-17","4","41437","250001.1"
"2024-12-19","4","41447","449910.17"
"2024-12-19","4","41449","42148.15"
"2024-12-23","4","41462","57324.25"
"2024-12-27","4","41469","10181.35"
"2024-12-30","4","41478","87604"
"2025-01-09","4","41523","611862.28"
"2025-01-10","4","41526","48456.4"
"2025-01-10","4","41537","200000"
"2025-01-10","4","41538","100000"
"2025-01-22","4","41580","1"
"2025-01-24","4","41601","1451.29"
"2025-01-28","4","41613","14539.47"
"2025-01-29","4","41620","200000.19"
"2025-02-17","4","41655","1000"
"2025-02-17","4","41662","82548.02"
"2025-02-18","4","41698","9.67"
"2025-02-18","4","41701","700000"
"2025-02-19","4","41706","212831.58"
"2025-02-21","4","41714","1114770.1"
"2025-02-21","4","41720","276639.6"
"2025-02-21","4","41722","20807.72"
"2025-02-27","4","41751","376048.57"
"2025-03-06","4","41765","593762"
"2025-03-07","4","41770","66262.02"
"2025-03-07","4","41772","37527.28"
"2025-03-19","4","41807","1048.18"
"2025-03-21","4","41831","346587.71"
"2025-03-25","4","41834","600000"
"2025-03-25","4","41840","25357.26"
"2025-03-31","4","41859","1407702.87"
"2025-03-31","4","41863","2089137.53"
"2025-04-03","4","41868","112421.1"
"2025-04-03","4","41869","133100"
"2025-04-03","4","41871","2.89"
"2025-04-09","4","41896","519150.54"
"2025-04-10","4","41901","59277.45"
"2025-04-14","4","41907","269045.92"
"2025-04-14","4","41910","9212.08"
"2025-04-14","4","41912","494903.93"
"2025-04-15","4","41919","7100"
"2025-04-16","4","41925","164482.85"
